dc1,dc2,c*Nx,V(mm鲁),P,,dc1,dc2,c*Nx,V(mm鲁),P,,dc1,dc2,c*Nx,V(mm鲁),P,,dc1,dc2,Nx*c,V(mm鲁),P
6,1.6,3,3656.59 ,0.99 ,,9.6,4,3,10968.67 ,0.80 ,,9.6,4,6,12623.69 ,0.71 ,,9.6,5.4,6,12500.224,0.837588906
6,2.6,3,4062.88 ,0.95 ,,9.6,4,3,6480.67 ,0.74 ,,9.6,4,6,13368.89 ,0.89 ,,9.6,5.6,6,12642.272,0.858255759
6,1.4,4,3670.37 ,0.97 ,,9.6,4,4.5,9960.72 ,0.92 ,,9.6,4,6,9270.29 ,0.93 ,,9.6,1.6,6,9483.912,0.853546619
6,2.6,4,4119.81 ,0.98 ,,9.6,4,3,6929.47 ,0.58 ,,9.6,4,6,10760.69 ,0.90 ,,9.6,1.6,6,10753.512,0.787061155
6,1,4,3810.08 ,0.99 ,,9.6,4,4.5,12312.72 ,0.85 ,,9.6,4,7,9838.40 ,0.94 ,,9.6,2.6,6,10171.152,0.795455307
6,1.6,4,4053.28 ,0.94 ,,9.6,4,4.5,13488.72 ,0.82 ,,10,3.3,6,12623.18 ,0.67 ,,9.6,2.6,6,11532.752,0.726218253
6,2.4,4,4377.54 ,0.93 ,,9.6,4,6,12623.69 ,0.71 ,,10,3.3,6,9316.76 ,0.90 ,,9.6,4,6,12623.688,0.708744884
6,1,4,4099.60 ,0.99 ,,9.6,4,4,8871.02 ,0.67 ,,10.5,4,7,9142.70 ,0.97 ,,9.6,4.2,6,11270.736,0.803777277
6,1.4,4,4274.05 ,0.96 ,,9.6,4,6,13368.89 ,0.89 ,,10.5,4,7,10971.24 ,0.81 ,,9.6,1.8,6,10587.36,0.745450854
6,1.6,5,4654.85 ,0.98 ,,9.6,4,5,6664.90 ,0.92 ,,10.5,4,7,11885.51 ,0.67 ,,9.6,1.8,6,11875.36,0.71221596
7,2.4,3,4390.27 ,0.89 ,,9.6,4,5,7941.70 ,0.78 ,,10.5,4,7,10971.24 ,0.94 ,,9.6,2.4,6,12384.304,0.69010666
7,2,3,4504.90 ,0.78 ,,9.6,4,7.5,12370.18 ,0.85 ,,10.5,4,7,12799.78 ,0.92 ,,9.6,2.6,6,11192.352,0.749471128
7,3.6,3,5232.96 ,0.75 ,,9.6,4,7.5,14210.98 ,0.75 ,,10.5,4,7.5,13670.58 ,0.77 ,,9.6,3.2,6,13062.896,0.702993214
7,3.8,3,4650.05 ,0.88 ,,9.6,4,5,9856.90 ,0.82 ,,11.1,4.8,7,12302.63 ,0.99 ,,9.6,3.4,6,11797.344,0.760482997
7,3.2,4.5,8681.90 ,0.97 ,,9.6,4,9,17193.98 ,0.87 ,,11.1,4.8,7,14290.13 ,0.97 ,,9.6,3.4,6,13232.544,0.718434155
7,1.6,3,4596.48 ,0.75 ,,9.6,4,6,9270.29 ,0.93 ,,11.1,4.8,7.5,16812.95 ,0.87 ,,9.6,4.4,6,14080.784,0.742350563
7,2.6,3,4475.52 ,0.79 ,,9.6,4,6,10760.69 ,0.90 ,,11.1,4.8,7.5,18930.45 ,0.85 ,,9.6,4.6,6,12704.832,0.803843468
7,3.8,3,5660.93 ,0.73 ,,9.6,4,10.5,18467.71 ,0.88 ,,11.4,4.6,6,14538.36 ,0.64 ,,9.6,4.6,6,14250.432,0.757447034
7,4,3,5072.26 ,0.82 ,,9.6,4,7,9838.40 ,0.94 ,,11.4,4.6,6,18489.00 ,0.90 ,,9.6,4.8,6,12856.08,0.820219874
7,4,3,5757.70 ,0.75 ,,9.6,4,10,11822.66 ,0.93 ,,11.4,4.6,6,13660.44 ,0.97 ,,9.6,5.8,6,15268.32,0.795991808
7,4.2,3,5157.50 ,0.84 ,,10,3.3,4.5,12270.84 ,0.82 ,,11.4,4.6,7,14593.78 ,0.97 ,,9.6,1,6,12107.568,0.836006075
7,2.2,4.5,8598.38 ,0.97 ,,10,3.3,3,8697.77 ,0.69 ,,12.5,5.1,7,15715.23 ,0.67 ,,9.6,1.4,6,11223.264,0.830458134
7,3.4,4.5,9487.87 ,0.95 ,,10,3.3,4.5,14298.60 ,0.96 ,,12.5,5.1,7.5,19616.74 ,0.88 ,,9.6,1.4,6,12474.464,0.807866737
7,1.2,3,4140.86 ,0.84 ,,10,3.3,6,12623.18 ,0.67 ,,12.5,5.1,8,13971.97 ,0.70 ,,9.6,1.8,6,11553.36,0.808194727
7,1.2,3,4665.02 ,0.79 ,,10,3.3,4,7803.30 ,0.66 ,,12.5,5.1,8,15212.82 ,0.88 ,,9.6,1.8,6,12841.36,0.785206586
7,1.8,3,4413.89 ,0.79 ,,10,3.3,4,8866.42 ,0.64 ,,12.5,5.1,8,17694.52 ,0.87 ,,9.6,2.2,6,13208.256,0.790346131
7,1.8,3,4972.61 ,0.75 ,,10,3.3,4,8334.86 ,0.79 ,,12.7,5.5,7.5,18573.66 ,0.70 ,,9.6,2.4,6,12048.504,0.827723712
7,2.4,3,5280.19 ,0.73 ,,10,3.3,4,9397.98 ,0.78 ,,12.7,5.5,8,15837.12 ,0.90 ,,9.6,2.8,6,13758.6,0.812520474
7,2.6,3,4777.92 ,0.79 ,,10,3.3,4,8866.42 ,1.00 ,,12.7,5.5,8,18395.62 ,0.88 ,,9.6,3,6,12543.648,0.845773548
7,3.6,3,5895.36 ,0.77 ,,10,3.3,4,9929.54 ,1.00 ,,12.7,5.6,8,15911.64 ,0.91 ,,9.6,3.6,6,14492.392,0.843962669
7,3.8,3,5323.97 ,0.84 ,,10,3.3,7.5,12877.71 ,0.90 ,,12.7,5.6,8,18482.18 ,0.89 ,,9.6,3.8,6,13203.84,0.878756776
7,3,4,4996.10 ,0.89 ,,10,3.3,7.5,14239.95 ,0.72 ,,13.6,5,7,13988.90 ,0.65 ,,9.6,3.8,6,14675.84,0.856448665
7,2,4,4218.74 ,0.88 ,,10,3.3,7.5,15602.19 ,0.79 ,,13.6,5,7,17503.70 ,0.66 ,,9.6,4,6,13368.888,0.894090131
7,2,4,4933.78 ,0.77 ,,10,3.3,5,8606.91 ,0.80 ,,13.6,5.1,7,17590.36 ,0.67 ,,9.6,4.4,6,15226.184,0.884248272
7,3.4,4,5567.47 ,0.75 ,,10,3.3,5,9865.23 ,0.79 ,,13.6,5,7.5,17934.48 ,0.64 ,,9.6,4.6,6,13864.032,0.926448792
7,3.6,4,4838.00 ,0.89 ,,10,3.3,6,9316.76 ,0.90 ,,13.6,5,7.5,19797.48 ,0.66 ,,9.6,4.6,6,15409.632,0.900524601
7,3.6,4,5658.00 ,0.77 ,,10,3.3,10.5,18561.05 ,0.83 ,,13.6,5.1,7.5,18021.12 ,0.65 ,,9.6,4.8,6,14029.08,0.944200575
7,3.8,4,4915.41 ,0.91 ,,10,3.3,10,11975.71 ,0.87 ,,13.6,5,8,15693.94 ,0.63 ,,9.6,5.4,6,16143.424,0.947220445
7,1.8,6,8705.09 ,0.97 ,,10.5,4.1,3,10091.12 ,0.93 ,,13.6,5,8,18322.74 ,0.58 ,,9.6,5.6,6,14689.272,0.989482671
7,3.2,6,9664.70 ,0.96 ,,10.5,4.1,2,6487.20 ,0.71 ,,13.6,5,8,19637.14 ,0.88 ,,9.6,5.6,6,16326.872,0.962068379
7,1.2,4,4902.94 ,0.75 ,,10.5,4.1,3,11321.75 ,0.77 ,,13.6,5.1,8,15767.96 ,0.63 ,,9.6,1,6,13018.368,0.951374501
7,2,4,4576.26 ,0.79 ,,10.5,4.1,3,12306.25 ,0.73 ,,13.6,5.1,8,17088.56 ,0.89 ,,9.6,1.2,6,13215.616,0.929216877
7,2.8,4,5679.65 ,0.72 ,,10.5,4.1,4.5,11792.82 ,0.67 ,,13.6,5.1,8,19729.76 ,0.88 ,,9.6,1.6,6,12340.512,0.951957598
7,3,4,4996.10 ,0.81 ,,10.5,4.1,4.5,13067.72 ,0.63 ,,14.5,5.6,8,19192.32 ,0.93 ,,9.6,1.8,6,13807.36,0.948065013
7,4.2,4,6359.26 ,0.77 ,,10.5,4.1,3,8860.50 ,0.51 ,,14.5,5.6,9,19735.90 ,0.67 ,,9.6,2,6,12698.208,0.974910215
7,2.6,6,10079.64 ,0.93 ,,10.5,4.1,3,9352.75 ,0.60 ,,15.1,5.8,7.5,19456.29 ,0.89 ,,9.6,2.2,6,14201.856,0.978512317
7,3.8,6,10975.61 ,0.96 ,,10.5,4.1,3,9845.00 ,0.72 ,,15.6,6,7,18168.48 ,0.54 ,,9.6,1.6,6,7896.912,0.738037318
7,1,4,5130.58 ,0.78 ,,10.5,4.1,4,7044.60 ,0.70 ,,15.6,6,7,19544.88 ,0.71 ,,9.6,3,6,7299.648,0.794514418
7,1.6,4,4752.72 ,0.80 ,,10.5,4.1,4,8805.75 ,0.51 ,,15.6,6.1,7,18250.32 ,0.54 ,,9.6,3,6,8698.048,0.697328806
7,2,4,5648.82 ,0.75 ,,10.5,4.1,6,12410.07 ,0.71 ,,15.6,6.1,7,19632.92 ,0.72 ,,9.6,4.8,6,9728.08,0.689951748
7,2.2,4,5024.30 ,0.81 ,,10.5,4.1,4,8218.70 ,0.58 ,,,,,,,,9.6,5,6,8260.128,0.807089478
7,2.8,4,6063.41 ,0.77 ,,10.5,4.1,4,9392.80 ,0.56 ,,,,,,,,9.6,5,6,9842.528,0.707940221
7,3,4,5386.42 ,0.83 ,,10.5,4.1,6,14812.03 ,0.89 ,,,,,,,,9.6,5.2,6,8356.176,0.828712791
7,3,4,6167.06 ,0.79 ,,10.5,4.1,6,16413.33 ,0.87 ,,,,,,,,9.6,1.4,6,7156.864,0.713442773
7,3.2,4,5476.94 ,0.85 ,,10.5,4.1,4,9392.80 ,0.83 ,,,,,,,,9.6,1.8,6,8655.36,0.638442576
7,4,4,6685.30 ,0.84 ,,10.5,4.1,5,8278.20 ,0.61 ,,,,,,,,9.6,2.6,6,7788.352,0.698918059
7,4.2,4,5929.58 ,0.91 ,,10.5,4.1,5,9657.90 ,0.56 ,,,,,,,,9.6,3.4,6,9644.544,0.677580476
7,1,4,4805.86 ,0.87 ,,10.5,4.1,7.5,13745.90 ,0.78 ,,,,,,,,9.6,3.6,6,8314.592,0.733217299
7,1.4,4,5000.03 ,0.87 ,,10.5,4.1,7.5,17182.38 ,0.82 ,,,,,,,,9.6,4.6,6,10386.432,0.719632521
7,1.8,4,5194.21 ,0.88 ,,10.5,4.1,5,9657.90 ,0.84 ,,,,,,,,9.6,4.8,6,8946.08,0.77498953
7,1.8,4,5896.13 ,0.86 ,,10.5,4.1,5,11037.60 ,0.83 ,,,,,,,,9.6,4.8,6,10510.08,0.733974725
7,2.2,4,6116.54 ,0.88 ,,10.5,4.1,6,9607.80 ,0.72 ,,,,,,,,9.6,5,6,9051.328,0.790133312
7,2.4,4,5485.47 ,0.92 ,,10.5,4.1,6,10408.45 ,0.95 ,,,,,,,,9.6,1,6,7553.568,0.800272748
7,2.4,4,6226.75 ,0.90 ,,10.5,4.1,7,9194.50 ,0.99 ,,,,,,,,9.6,1.2,6,8900.816,0.768411621
7,3,4,6557.38 ,0.93 ,,10.5,4.1,7,10113.95 ,0.72 ,,,,,,,,9.6,1.6,6,9166.512,0.778951392
7,3.2,4,5873.82 ,0.97 ,,10.5,4.1,7,11952.85 ,0.68 ,,,,,,,,9.6,1.8,6,8011.36,0.808746427
7,3.8,4,6998.21 ,0.98 ,,10.5,4.1,7,11033.40 ,0.95 ,,,,,,,,9.6,2,6,9432.208,0.789353281
7,4,4,7108.42 ,1.00 ,,11.1,4.8,2,8339.93 ,0.54 ,,,,,,,,9.6,2.2,6,8240.256,0.822778627
7,1,4,5130.58 ,0.99 ,,11.1,4.8,2,9247.43 ,0.51 ,,,,,,,,9.6,2.2,6,9565.056,0.804638349
7,1.2,4,5896.78 ,0.97 ,,11.1,4.8,3,8393.64 ,0.50 ,,,,,,,,9.6,2.6,6,9830.752,0.823696375
7,2.6,5,4968.00 ,0.88 ,,11.1,4.8,3,9485.14 ,0.47 ,,,,,,,,9.6,2.8,6,8583.6,0.86177291
7,4.2,5,6641.66 ,0.81 ,,11.1,4.8,4.5,14240.53 ,0.73 ,,,,,,,,9.6,3.2,6,10229.296,0.857105784
7,2.4,7.5,10597.39 ,0.98 ,,11.1,4.8,3,9485.14 ,0.64 ,,,,,,,,9.6,3.4,6,8926.944,0.901590139
7,1.2,5,4820.06 ,0.84 ,,11.1,4.8,4.5,15288.65 ,0.86 ,,,,,,,,9.6,3.8,6,10627.84,0.888153426
7,1.8,5,5080.61 ,0.84 ,,11.1,4.8,4.5,16686.15 ,0.84 ,,,,,,,,9.6,4,6,9270.288,0.931638494
7,2.4,5,6246.43 ,0.79 ,,11.1,4.8,3,11122.39 ,0.75 ,,,,,,,,9.6,4,6,10760.688,0.900967456
7,2.6,5,5428.00 ,0.88 ,,11.1,4.8,4,8640.14 ,0.55 ,,,,,,,,9.6,4.2,6,9384.736,0.944559902
7,3.4,5,6754.27 ,0.83 ,,11.1,4.8,4,10577.39 ,0.57 ,,,,,,,,9.6,4.6,6,11159.232,0.933146887
7,3.6,5,5862.24 ,0.93 ,,11.1,4.8,6,15116.26 ,0.75 ,,,,,,,,9.6,4.8,6,9728.08,0.97794351
7,2,7.5,11321.86 ,0.99 ,,11.1,4.8,4,9931.64 ,0.72 ,,,,,,,,9.6,4.8,6,11292.08,0.949151084
7,1.2,5,6045.50 ,0.86 ,,11.1,4.8,4,11223.14 ,0.70 ,,,,,,,,9.6,5,6,9842.528,0.994136035
7,1.6,5,6263.36 ,0.87 ,,11.1,4.8,6,18160.38 ,0.91 ,,,,,,,,9.6,5.4,6,11690.624,0.985289648
7,1.8,5,5511.17 ,0.93 ,,11.1,4.8,4,10577.39 ,0.88 ,,,,,,,,9.6,5.6,6,11823.472,0.999488011
7,2.2,5,6590.14 ,0.91 ,,11.1,4.8,7.5,16812.95 ,0.87 ,,,,,,,,10,2.6,6,9603.36,0.990229905
7,2.4,5,5793.79 ,0.97 ,,11.1,4.8,7.5,18930.45 ,0.85 ,,,,,,,,10,4.6,6,12475.008,0.785236031
7,3,5,7025.86 ,0.96 ,,11.1,4.8,5,10838.93 ,0.88 ,,,,,,,,10,4.8,6,11011.8528,0.931764588
7,1.8,6,6114.29 ,0.81 ,,11.1,4.8,6,10767.51 ,0.73 ,,,,,,,,10,1.4,6,9803.8512,0.846355021
7,2,6,5157.94 ,0.98 ,,11.1,4.8,6,12507.01 ,0.71 ,,,,,,,,10,1.4,6,11095.5312,0.787663162
7,3.2,6,6788.30 ,0.82 ,,11.1,4.8,6,13376.76 ,0.98 ,,,,,,,,10,2.2,6,10372.1904,0.758583397
7,3.4,6,5717.71 ,0.99 ,,11.1,4.8,7,12302.63 ,0.99 ,,,,,,,,10,2.2,6,11738.7504,0.700194478
7,1.2,6,5331.74 ,0.91 ,,11.1,4.8,7,14290.13 ,0.97 ,,,,,,,,10,3.4,6,11224.6992,0.746447682
7,1.6,6,6528.00 ,0.82 ,,11.4,4.6,3,12469.36 ,0.68 ,,,,,,,,10,3.4,6,12703.5792,0.682182878
7,1.8,6,5596.13 ,0.92 ,,11.4,4.6,3,9153.04 ,0.53 ,,,,,,,,10,5,6,13990.0176,0.697561592
7,2.4,6,5860.51 ,0.93 ,,11.4,4.6,3,10811.20 ,0.62 ,,,,,,,,10,5.2,6,12503.4624,0.778600842
7,2.4,6,6945.79 ,0.86 ,,11.4,4.6,4.5,16994.06 ,0.83 ,,,,,,,,10,5.2,6,14150.8224,0.711843312
7,3.2,6,7363.58 ,0.89 ,,11.4,4.6,3,11363.92 ,0.74 ,,,,,,,,10,5.4,6,12645.5472,0.794540703
7,3.4,6,6301.15 ,0.99 ,,11.4,4.6,6,14538.36 ,0.64 ,,,,,,,,10,1.6,6,10928.736,0.756366998
7,3.4,6,7468.03 ,0.91 ,,11.4,4.6,4,9509.43 ,0.58 ,,,,,,,,10,2.2,6,11397.1104,0.722319216
7,1.2,6,6812.78 ,0.96 ,,11.4,4.6,4,11468.79 ,0.69 ,,,,,,,,10,2.8,6,11865.4848,0.721939623
7,1.6,6,7038.00 ,0.99 ,,11.4,4.6,6,18489.00 ,0.90 ,,,,,,,,10,2.8,6,13288.2048,0.690042347
7,2.2,7,6822.14 ,0.96 ,,11.4,4.6,4,10815.67 ,0.87 ,,,,,,,,10,3.6,6,12489.984,0.7390939
7,4.2,7,7789.82 ,0.97 ,,11.4,4.6,5,11849.25 ,0.66 ,,,,,,,,10,3.6,6,13987.584,0.704867691
7,1.2,7,5751.42 ,0.96 ,,11.4,4.6,5,11087.73 ,0.88 ,,,,,,,,10,3.8,6,12646.1088,0.75515753
7,1.8,7,7242.37 ,0.87 ,,11.4,4.6,9,18565.75 ,0.91 ,,,,,,,,10,4.8,6,13426.7328,0.785999447
7,2.6,7,7665.28 ,0.90 ,,11.4,4.6,6,13660.44 ,0.97 ,,,,,,,,10,4.8,6,15036.6528,0.747733384
7,3.8,7,8299.65 ,0.96 ,,11.4,4.6,7,14593.78 ,0.97 ,,,,,,,,10,5,6,13582.8576,0.801549733
7,4,7,8405.38 ,0.98 ,,11.4,4.6,8,14252.08 ,0.67 ,,,,,,,,10,1,6,12655.2816,0.8162622
7,1.8,8,7747.49 ,0.93 ,,11.4,4.6,8,15386.80 ,0.83 ,,,,,,,,10,1.4,6,13033.0512,0.794297531
7,3,8,8379.94 ,0.93 ,,12.5,5.1,2,9114.14 ,0.49 ,,,,,,,,10,1.8,6,12081.7008,0.796956256
7,1.4,9,8724.67 ,0.98 ,,12.5,5.1,2,10170.24 ,0.45 ,,,,,,,,10,1.8,6,13410.8208,0.777215272
8,3.2,2,4948.67 ,0.90 ,,12.5,5.1,3,13326.83 ,0.64 ,,,,,,,,10,2.2,6,13788.5904,0.783666134
8,1.8,2,4541.64 ,0.91 ,,12.5,5.1,3,14580.53 ,0.60 ,,,,,,,,10,2.4,6,12592.1952,0.816436306
8,3.4,2,5331.48 ,0.78 ,,12.5,5.1,3,14267.11 ,0.62 ,,,,,,,,10,2.8,6,14355.2448,0.809267193
8,3.6,2,4840.62 ,0.91 ,,12.5,5.1,3,15520.81 ,0.59 ,,,,,,,,10,3,6,13102.6896,0.839539498
8,3.2,3,4437.42 ,0.96 ,,12.5,5.1,4.5,16006.41 ,0.53 ,,,,,,,,10,3.4,6,14921.8992,0.830798015
8,3.2,3,5151.98 ,0.83 ,,12.5,5.1,4.5,17191.49 ,0.57 ,,,,,,,,10,3.6,6,13613.184,0.861523971
8,3,4.5,8269.62 ,1.00 ,,12.5,5.1,3,10819.43 ,0.53 ,,,,,,,,10,3.6,6,15110.784,0.844558954
8,1.4,3,4050.69 ,0.89 ,,12.5,5.1,3,12073.13 ,0.52 ,,,,,,,,10,3.8,6,13783.3488,0.87589936
8,1.4,3,4654.37 ,0.81 ,,12.5,5.1,4.5,18376.56 ,0.69 ,,,,,,,,10,4.4,6,15866.3232,0.884604067
8,2.8,3,4629.36 ,0.81 ,,12.5,5.1,3,11446.28 ,0.64 ,,,,,,,,10,4.6,6,14464.008,0.925342411
8,4.6,3,6174.17 ,0.68 ,,12.5,5.1,3,12699.98 ,0.64 ,,,,,,,,10,4.6,6,16055.208,0.900621474
8,4.8,3,5456.04 ,0.80 ,,12.5,5.1,4.5,17981.54 ,0.87 ,,,,,,,,10,4.8,6,14634.1728,0.941003948
8,4.2,4.5,9817.21 ,0.86 ,,12.5,5.1,4.5,19561.64 ,0.86 ,,,,,,,,10,5.2,6,16621.8624,0.934523761
8,1.2,3,4263.71 ,0.81 ,,12.5,5.1,3,12073.13 ,0.77 ,,,,,,,,10,5.4,6,15144.6672,0.973325759
8,1.2,3,4855.07 ,0.75 ,,12.5,5.1,4,9728.20 ,0.52 ,,,,,,,,10,5.4,6,16810.7472,0.949717537
8,2,3,4619.01 ,0.71 ,,12.5,5.1,4,11195.50 ,0.47 ,,,,,,,,10,5.6,6,15314.832,0.988982961
8,2,3,5259.65 ,0.66 ,,12.5,5.1,6,14821.28 ,0.64 ,,,,,,,,10,1,6,12341.7216,0.965850428
8,3,3,5765.39 ,0.62 ,,12.5,5.1,4,11195.50 ,0.58 ,,,,,,,,10,1.2,6,12525.9264,0.948456913
8,3.2,3,5151.98 ,0.70 ,,12.5,5.1,6,19677.52 ,0.72 ,,,,,,,,10,1.4,6,12710.1312,0.941902712
8,4.6,3,6574.57 ,0.64 ,,12.5,5.1,4,11929.15 ,0.73 ,,,,,,,,10,1.4,6,14001.8112,0.932385549
8,4.8,3,5862.60 ,0.73 ,,12.5,5.1,6,19191.90 ,0.95 ,,,,,,,,10,1.6,6,14204.736,0.937252164
8,4.8,3,6675.72 ,0.65 ,,12.5,5.1,4,12662.80 ,0.90 ,,,,,,,,10,1.8,6,13078.5408,0.960785136
8,1.8,4.5,7930.92 ,0.96 ,,12.5,5.1,4,14130.10 ,0.90 ,,,,,,,,10,2,6,14610.5856,0.96954985
8,1.8,4.5,8792.04 ,0.89 ,,12.5,5.1,5,12098.90 ,0.69 ,,,,,,,,10,2.2,6,13446.9504,0.990187019
8,2.8,4.5,9543.49 ,0.84 ,,12.5,5.1,7.5,19616.74 ,0.88 ,,,,,,,,10,1.4,6,8189.2512,0.72758764
8,3,4.5,8744.34 ,0.94 ,,12.5,5.1,5,14644.25 ,0.91 ,,,,,,,,10,2.6,6,7497.36,0.754832685
8,4,4.5,10445.24 ,0.82 ,,12.5,5.1,6,11907.53 ,0.60 ,,,,,,,,10,4.2,6,8297.0784,0.749303937
8,4.2,4.5,10595.53 ,0.84 ,,12.5,5.1,6,13850.03 ,0.56 ,,,,,,,,10,4.2,6,9850.8384,0.662409216
8,4.4,4.5,9693.34 ,0.94 ,,12.5,5.1,7,15715.23 ,0.67 ,,,,,,,,10,1.6,6,7652.736,0.673550859
8,4.6,4.5,9828.91 ,0.96 ,,12.5,5.1,8,13971.97 ,0.70 ,,,,,,,,10,2.2,6,7980.7104,0.674771249
8,1.4,3,4654.37 ,0.71 ,,12.5,5.1,8,15212.82 ,0.88 ,,,,,,,,10,2.8,6,9731.4048,0.650065288
8,1.4,3,5258.05 ,0.68 ,,12.5,5.1,8,17694.52 ,0.87 ,,,,,,,,10,3,6,8418.0096,0.701350302
8,2,3,5579.97 ,0.64 ,,12.7,5.5,3,15926.23 ,0.65 ,,,,,,,,10,3.6,6,10243.584,0.671559408
8,2.8,3,5319.28 ,0.67 ,,12.7,5.5,3,17232.74 ,0.63 ,,,,,,,,10,3.8,6,8855.3088,0.720977008
8,2.8,3,6009.20 ,0.64 ,,12.7,5.5,3,10700.24 ,0.47 ,,,,,,,,10,3.8,6,10371.6288,0.683820784
8,3,3,5414.27 ,0.69 ,,12.7,5.5,3,12006.74 ,0.45 ,,,,,,,,10,4,6,8964.6336,0.733116433
8,4,3,6653.05 ,0.66 ,,12.7,5.5,3,11353.49 ,0.55 ,,,,,,,,10,5,6,11139.8976,0.727870643
8,4.2,3,5984.19 ,0.72 ,,12.7,5.5,3,12659.99 ,0.53 ,,,,,,,,10,5.2,6,9620.5824,0.776928425
8,1.2,4.5,8953.88 ,0.96 ,,12.7,5.5,4.5,19172.77 ,0.70 ,,,,,,,,10,5.2,6,11267.9424,0.741031095
8,1.8,4.5,8576.76 ,0.93 ,,12.7,5.5,3,12006.74 ,0.66 ,,,,,,,,10,5.4,6,9729.9072,0.790807456
8,1.8,4.5,9437.88 ,0.88 ,,12.7,5.5,3,13313.24 ,0.65 ,,,,,,,,10,1,6,7951.8816,0.800217241
8,2.6,4.5,9163.20 ,0.92 ,,12.7,5.5,4.5,18762.74 ,0.89 ,,,,,,,,10,1.2,6,9343.5264,0.77388902
8,2.6,4.5,10083.20 ,0.86 ,,12.7,5.5,3,12659.99 ,0.79 ,,,,,,,,10,1.6,6,8307.936,0.800432563
8,3.4,4.5,10728.52 ,0.85 ,,12.7,5.5,3,13966.49 ,0.78 ,,,,,,,,10,1.6,6,9618.336,0.785050102
8,3.6,4.5,9896.26 ,0.93 ,,12.7,5.5,4,12488.93 ,0.47 ,,,,,,,,10,2,6,9893.1456,0.795844294
8,3.6,4.5,10889.86 ,0.87 ,,12.7,5.5,6,16961.87 ,0.63 ,,,,,,,,10,2.2,6,8663.9904,0.825098552
8,3.8,4.5,10042.87 ,0.95 ,,12.7,5.5,6,18971.57 ,0.60 ,,,,,,,,10,2.4,6,10167.9552,0.815654635
8,4.6,4.5,11696.51 ,0.90 ,,12.7,5.5,4,11726.48 ,0.59 ,,,,,,,,10,2.6,6,8901.36,0.845604017
8,4.8,4.5,11857.84 ,0.91 ,,12.7,5.5,4,13251.38 ,0.58 ,,,,,,,,10,2.6,6,10305.36,0.830083653
8,1.8,3,5158.51 ,0.71 ,,12.7,5.5,4,14013.83 ,0.73 ,,,,,,,,10,3,6,10580.1696,0.85046491
8,1.8,3,5786.83 ,0.68 ,,12.7,5.5,4,13251.38 ,0.92 ,,,,,,,,10,3.2,6,9257.4144,0.887907356
8,2.4,3,5461.95 ,0.72 ,,12.7,5.5,4,14776.28 ,0.92 ,,,,,,,,10,3.6,6,10992.384,0.883554526
8,2.4,3,6127.23 ,0.69 ,,12.7,5.5,5,13529.02 ,0.53 ,,,,,,,,10,3.8,6,9613.4688,0.924308397
8,3.2,3,5866.54 ,0.73 ,,12.7,5.5,7.5,18573.66 ,0.70 ,,,,,,,,10,3.8,6,11129.7888,0.89665594
8,3.2,3,6581.10 ,0.71 ,,12.7,5.5,5,12649.37 ,0.71 ,,,,,,,,10,4,6,9732.1536,0.938092798
8,3.4,3,5967.68 ,0.75 ,,12.7,5.5,5,13529.02 ,0.94 ,,,,,,,,10,4.2,6,11404.5984,0.915538274
8,4,3,7034.97 ,0.73 ,,12.7,5.5,5,15288.32 ,0.93 ,,,,,,,,10,4.4,6,11542.0032,0.928080671
8,4.2,3,6372.27 ,0.78 ,,12.7,5.5,8,15837.12 ,0.90 ,,,,,,,,10,4.6,6,10088.208,0.965997003
8,4.2,3,7148.43 ,0.75 ,,12.7,5.5,8,18395.62 ,0.88 ,,,,,,,,10,4.8,6,10206.8928,0.981901065
8,4.4,3,6473.42 ,0.79 ,,13.6,5,2,9784.54 ,0.50 ,,,,,,,,10,5,6,11954.2176,0.965775505
8,1.6,4.5,9064.94 ,0.99 ,,13.6,5,2,10939.74 ,0.46 ,,,,,,,,10,5.2,6,12091.6224,0.980703585
8,1.6,4.5,9911.34 ,0.95 ,,13.6,5,3,13907.38 ,0.63 ,,,,,,,,10.5,4,7,9142.7,0.969730377
8,2,4.5,10256.09 ,0.95 ,,13.6,5,2,10939.74 ,0.42 ,,,,,,,,10.5,4,7,10971.24,0.807248592
8,2.6,4.5,10773.20 ,0.96 ,,13.6,5,2,12094.94 ,0.40 ,,,,,,,,10.5,1.4,7,8575.49,0.734012902
8,3.4,4.5,11462.68 ,0.99 ,,13.6,5,3,16969.18 ,0.61 ,,,,,,,,10.5,1.4,7,10134.67,0.692631721
8,1.8,4,4451.06 ,0.88 ,,13.6,5,3,18329.98 ,0.60 ,,,,,,,,10.5,2,7,10538.71,0.643028289
8,1.8,4,5230.58 ,0.78 ,,13.6,5,4.5,16516.22 ,0.51 ,,,,,,,,10.5,2.8,7,11077.43,0.640026391
8,3.4,4,5977.80 ,0.72 ,,13.6,5,3,10845.58 ,0.41 ,,,,,,,,10.5,3,7,9487.17,0.699692845
8,3.6,4,5166.41 ,0.85 ,,13.6,5,3,12206.38 ,0.39 ,,,,,,,,10.5,4,7,11885.51,0.669805616
8,3.2,6,9948.09 ,0.91 ,,13.6,5,3,14247.58 ,0.63 ,,,,,,,,10.5,4.2,7,10170.93,0.732410938
8,1.2,4,4581.49 ,0.78 ,,13.6,5,3,13567.18 ,0.78 ,,,,,,,,10.5,5.4,7,12828.27,0.709237024
8,2,4,4927.26 ,0.73 ,,13.6,5,3,14927.98 ,0.78 ,,,,,,,,10.5,5.6,7,10968.65,0.768964767
8,3,4,5359.48 ,0.72 ,,13.6,5,6,18600.19 ,0.52 ,,,,,,,,10.5,5.6,7,12962.95,0.722705856
8,3,4,6222.52 ,0.65 ,,13.6,5,4,13402.93 ,0.45 ,,,,,,,,10.5,5.8,7,11082.61,0.782821715
8,4.6,4,7025.42 ,0.68 ,,13.6,5,6,18081.79 ,0.59 ,,,,,,,,10.5,6,7,11196.57,0.79720363
8,4.8,4,6137.47 ,0.77 ,,13.6,5,4,14194.13 ,0.56 ,,,,,,,,10.5,1,7,10624.18,0.795687564
8,1.8,6,8711.68 ,0.92 ,,13.6,5,4,13402.93 ,0.73 ,,,,,,,,10.5,1.4,7,9355.08,0.818392366
8,1.8,6,9841.60 ,0.84 ,,13.6,5,5,13595.40 ,0.48 ,,,,,,,,10.5,1.8,7,9603.72,0.82447882
8,2.8,6,9371.66 ,0.90 ,,13.6,5,7.5,17934.48 ,0.64 ,,,,,,,,10.5,1.8,7,11204.34,0.80254937
8,2.8,6,10587.18 ,0.82 ,,13.6,5,5,12685.40 ,0.53 ,,,,,,,,10.5,2.2,7,11494.42,0.815214835
8,4,6,11481.87 ,0.83 ,,13.6,5,5,14505.40 ,0.51 ,,,,,,,,10.5,2.4,7,9976.68,0.850657985
8,4.2,6,10295.63 ,0.94 ,,13.6,5,7.5,19797.48 ,0.66 ,,,,,,,,10.5,2.6,7,11784.5,0.838963881
8,4.2,6,11630.99 ,0.85 ,,13.6,5,5,13595.40 ,0.69 ,,,,,,,,10.5,2.8,7,10225.32,0.873090968
8,4.4,6,10427.62 ,0.96 ,,13.6,5,5,16325.40 ,0.92 ,,,,,,,,10.5,3.2,7,12219.62,0.874608614
8,1.6,4,5137.18 ,0.69 ,,13.6,5,6,14452.99 ,0.74 ,,,,,,,,10.5,3.4,7,10598.28,0.909632355
8,2.2,4,5417.39 ,0.69 ,,13.6,5,7,13988.90 ,0.65 ,,,,,,,,10.5,3.8,7,12654.74,0.90396072
8,2.2,4,6224.75 ,0.65 ,,13.6,5,7,17503.70 ,0.66 ,,,,,,,,10.5,4,7,10971.24,0.94170247
8,3,4,5791.00 ,0.71 ,,13.6,5,8,15693.94 ,0.63 ,,,,,,,,10.5,4,7,12799.78,0.916212201
8,3,4,6654.04 ,0.67 ,,13.6,5,8,18322.74 ,0.58 ,,,,,,,,10.5,4.2,7,11095.56,0.95570299
8,3.2,4,5884.40 ,0.73 ,,13.6,5,8,19637.14 ,0.88 ,,,,,,,,10.5,4.6,7,13234.9,0.945892043
8,4,4,7190.65 ,0.70 ,,14.5,5.6,2,11977.81 ,0.40 ,,,,,,,,10.5,4.8,7,11468.52,0.981502831
8,4.2,4,6351.42 ,0.76 ,,14.5,5.6,2,13271.31 ,0.38 ,,,,,,,,10.5,4.8,7,13379.94,0.957589738
8,4.2,4,7297.98 ,0.72 ,,14.5,5.6,3,17014.99 ,0.53 ,,,,,,,,10.5,5,7,11592.84,0.992514282
8,4.4,4,6444.82 ,0.78 ,,14.5,5.6,2,14564.81 ,0.42 ,,,,,,,,10.5,5.4,7,13815.06,0.990201086
8,1.4,6,9269.45 ,0.93 ,,14.5,5.6,3,19281.64 ,0.60 ,,,,,,,,10.5,5.4,7.5,13147.375,0.981378749
8,2,6,9703.96 ,0.91 ,,14.5,5.6,4.5,18693.68 ,0.47 ,,,,,,,,10.5,5.4,7.5,15250.955,0.834687188
8,2.6,6,11336.86 ,0.86 ,,14.5,5.6,4.5,19627.43 ,0.58 ,,,,,,,,10.5,1.2,7.5,11561.62,0.879652381
8,2.8,6,10283.30 ,0.92 ,,14.5,5.6,3,15503.89 ,0.53 ,,,,,,,,10.5,1.8,7.5,12013.54,0.757720739
8,3.6,6,12146.64 ,0.88 ,,14.5,5.6,3,14748.34 ,0.66 ,,,,,,,,10.5,1.8,7.5,13729.76,0.707883209
8,3.8,6,11007.48 ,0.95 ,,14.5,5.6,3,16259.44 ,0.65 ,,,,,,,,10.5,2.6,7.5,14418.4,0.675162137
8,4.8,6,13118.37 ,0.94 ,,14.5,5.6,4,12666.52 ,0.44 ,,,,,,,,10.5,2.8,7.5,12766.74,0.753443271
8,1,4,5218.89 ,0.77 ,,14.5,5.6,4,14411.22 ,0.41 ,,,,,,,,10.5,3.8,7.5,15451.36,0.681945115
8,1.4,4,5419.61 ,0.74 ,,14.5,5.6,6,18666.77 ,0.54 ,,,,,,,,10.5,4,7.5,13670.58,0.766870439
8,1.8,4,5620.34 ,0.74 ,,14.5,5.6,4,15283.57 ,0.45 ,,,,,,,,10.5,5.4,7.5,16828.64,0.721714288
8,1.8,4,6399.86 ,0.72 ,,14.5,5.6,4,14411.22 ,0.58 ,,,,,,,,10.5,5.6,7.5,14875.7,0.807670176
8,2.4,4,5921.43 ,0.77 ,,14.5,5.6,4,16155.92 ,0.58 ,,,,,,,,10.5,5.6,7.5,17000.8,0.735708416
8,2.4,4,6742.71 ,0.75 ,,14.5,5.6,4,15283.57 ,0.74 ,,,,,,,,10.5,5.8,7.5,15026.34,0.824106783
8,3,4,7085.56 ,0.76 ,,14.5,5.6,5,15475.77 ,0.45 ,,,,,,,,10.5,1.2,7.5,12800.365,0.80689016
8,3.2,4,6322.88 ,0.80 ,,14.5,5.6,5,14478.62 ,0.54 ,,,,,,,,10.5,1.6,7.5,14828.625,0.756258532
8,3.2,4,7199.84 ,0.77 ,,14.5,5.6,5,16472.92 ,0.52 ,,,,,,,,10.5,2.2,7.5,13634.265,0.779155761
8,3.4,4,6423.24 ,0.81 ,,14.5,5.6,5,15475.77 ,0.72 ,,,,,,,,10.5,2.6,7.5,15770.125,0.752254486
8,3.8,4,7542.69 ,0.80 ,,14.5,5.6,5,17470.07 ,0.71 ,,,,,,,,10.5,2.8,7.5,14134.605,0.79906109
8,4,4,6724.33 ,0.84 ,,14.5,5.6,6,17536.82 ,0.53 ,,,,,,,,10.5,3.4,7.5,16523.325,0.791684031
8,4,4,7656.97 ,0.81 ,,14.5,5.6,6,18666.77 ,0.75 ,,,,,,,,10.5,3.6,7.5,14801.725,0.835245728
8,4.2,4,6824.70 ,0.86 ,,14.5,5.6,7,15909.79 ,0.58 ,,,,,,,,10.5,4.2,7.5,17276.525,0.822580576
8,4.8,4,8114.11 ,0.86 ,,14.5,5.6,7,18451.29 ,0.53 ,,,,,,,,10.5,4.4,7.5,15468.845,0.864444062
8,1.2,6,9933.54 ,0.99 ,,14.5,5.6,7,17180.54 ,0.70 ,,,,,,,,10.5,4.4,7.5,17464.825,0.835047528
8,1.6,6,10248.89 ,0.99 ,,14.5,5.6,8,19192.32 ,0.93 ,,,,,,,,10.5,5.2,7.5,18218.025,0.872963935
8,2,6,11711.28 ,0.98 ,,14.5,5.6,9,19735.90 ,0.67 ,,,,,,,,10.5,5.4,7.5,16302.745,0.914296597
8,2.4,6,12060.87 ,0.99 ,,14.8,6.9,2,13372.00 ,0.40 ,,,,,,,,10.5,5.4,7.5,18406.325,0.886707813
8,1.2,4,5688.13 ,0.84 ,,14.8,6.9,2,14802.16 ,0.37 ,,,,,,,,10.5,5.6,7.5,16469.525,0.928603411
8,1.2,4,6425.89 ,0.82 ,,14.8,6.9,3,18847.36 ,0.53 ,,,,,,,,10.5,1,7.5,15486.33,0.931034952
8,1.4,4,6547.13 ,0.82 ,,14.8,6.9,2,15517.24 ,0.39 ,,,,,,,,10.5,1.2,7.5,15690.77,0.9224298
8,1.6,4,5902.78 ,0.85 ,,14.8,6.9,3,14695.96 ,0.47 ,,,,,,,,10.5,1.6,7.5,14404.95,0.941877261
8,2,4,6117.42 ,0.88 ,,14.8,6.9,3,15526.24 ,0.58 ,,,,,,,,10.5,1.8,7.5,16304.09,0.934419565
8,2,4,6910.86 ,0.86 ,,14.8,6.9,3,17186.80 ,0.57 ,,,,,,,,10.5,2,7.5,14770.79,0.955041751
8,2.4,4,7153.35 ,0.89 ,,14.8,6.9,3,16356.52 ,0.70 ,,,,,,,,10.5,2.2,7.5,16712.97,0.953146681
8,2.6,4,6439.39 ,0.92 ,,14.8,6.9,4,14016.16 ,0.45 ,,,,,,,,10.5,2.4,7.5,15136.63,0.98270075
8,3,4,7517.08 ,0.93 ,,14.8,6.9,4,15923.12 ,0.42 ,,,,,,,,10.5,2.4,7.5,16917.41,0.967623584
8,3.2,4,6761.36 ,0.96 ,,14.8,6.9,4,15923.12 ,0.63 ,,,,,,,,10.5,2.8,7.5,17326.29,0.995902583
8,3.6,4,7880.81 ,0.97 ,,14.8,6.9,4,16876.60 ,0.79 ,,,,,,,,11.1,1.6,7,10202.977,0.908533141
8,3.8,4,8002.05 ,0.99 ,,14.8,6.9,4,18783.56 ,0.79 ,,,,,,,,11.1,3.4,7,9544.929,0.90525955
8,1,4,6666.57 ,0.98 ,,14.8,6.9,5,19198.84 ,0.76 ,,,,,,,,11.1,3.4,7,11384.029,0.769006088
8,1.2,4,6794.77 ,0.99 ,,14.8,6.9,6,16767.16 ,0.58 ,,,,,,,,11.1,6.2,7,13221.221,0.741814181
8,1.8,5,4932.41 ,0.91 ,,14.8,6.9,6,17991.04 ,0.82 ,,,,,,,,11.1,6.4,7,11195.349,0.897261471
8,1.8,5,5879.13 ,0.79 ,,14.8,6.9,7,18783.80 ,0.74 ,,,,,,,,11.1,6.4,7,13352.449,0.760058567
8,3.4,5,6650.16 ,0.75 ,,15.1,5.8,1.5,17668.95 ,0.95 ,,,,,,,,11.1,6.6,7,11305.377,0.918419614
8,3.6,5,5660.14 ,0.91 ,,15.1,5.8,2,12279.09 ,0.62 ,,,,,,,,11.1,1.6,7,11027.127,0.650644198
8,3.2,7.5,11329.51 ,0.94 ,,15.1,5.8,2,14339.34 ,0.43 ,,,,,,,,11.1,2.4,7,9861.339,0.669999033
8,1.4,5,6144.21 ,0.68 ,,15.1,5.8,2,15712.84 ,0.42 ,,,,,,,,11.1,3.2,7,10343.851,0.671121165
8,2.2,5,6560.77 ,0.68 ,,15.1,5.8,3,14281.65 ,0.44 ,,,,,,,,11.1,3.2,7,12161.751,0.637357369
8,3.2,5,7081.47 ,0.69 ,,15.1,5.8,3,15879.15 ,0.43 ,,,,,,,,11.1,4.2,7,12870.891,0.65840593
8,3.4,5,6114.72 ,0.77 ,,15.1,5.8,3,16677.90 ,0.54 ,,,,,,,,11.1,4.4,7,11067.619,0.710669816
8,4.8,5,7914.58 ,0.75 ,,15.1,5.8,3,15879.15 ,0.66 ,,,,,,,,11.1,5.6,7,13863.687,0.700963289
8,2,7.5,11575.75 ,0.85 ,,15.1,5.8,3,17476.65 ,0.66 ,,,,,,,,11.1,5.8,7,11912.015,0.753550157
8,2.2,7.5,10257.37 ,0.97 ,,15.1,5.8,4,14589.75 ,0.47 ,,,,,,,,11.1,5.8,7,14005.515,0.712836638
8,3,7.5,12352.65 ,0.88 ,,15.1,5.8,4,16427.25 ,0.46 ,,,,,,,,11.1,6,7,12032.643,0.765866533
8,3.2,7.5,10936.67 ,0.99 ,,15.1,5.8,4,15508.50 ,0.59 ,,,,,,,,11.1,1,7,9809.293,0.833607428
8,4.2,7.5,13284.92 ,0.92 ,,15.1,5.8,4,17346.00 ,0.59 ,,,,,,,,11.1,1.2,7,9940.521,0.821837977
8,4.4,7.5,13440.30 ,0.94 ,,15.1,5.8,4,16427.25 ,0.75 ,,,,,,,,11.1,1.2,7,11546.421,0.802358516
8,1.2,5,6490.15 ,0.73 ,,15.1,5.8,5,13482.14 ,0.75 ,,,,,,,,11.1,1.6,7,10202.977,0.828767911
8,1.6,5,6713.95 ,0.71 ,,15.1,5.8,5,15575.64 ,0.66 ,,,,,,,,11.1,2,7,10465.433,0.836726151
8,1.8,5,5879.13 ,0.77 ,,15.1,5.8,7.5,19456.29 ,0.89 ,,,,,,,,11.1,2,7,12156.133,0.819620959
8,2.2,5,7049.65 ,0.74 ,,15.1,5.8,5,15575.64 ,0.54 ,,,,,,,,11.1,2.4,7,10727.889,0.853201151
8,2.4,5,6168.27 ,0.79 ,,15.1,5.8,5,16622.39 ,0.73 ,,,,,,,,11.1,2.4,7,12460.989,0.836530842
8,3,5,7497.25 ,0.78 ,,15.1,5.8,6,18782.07 ,0.53 ,,,,,,,,11.1,2.6,7,10859.117,0.868338004
8,3.2,5,6553.79 ,0.84 ,,15.1,5.8,6,19964.82 ,0.77 ,,,,,,,,11.1,2.8,7,12765.845,0.860968262
8,4,5,8056.74 ,0.84 ,,15.1,5.8,8,19046.30 ,0.58 ,,,,,,,,11.1,3,7,11121.573,0.891263857
8,4.2,5,7035.68 ,0.90 ,,15.6,6,2,15314.88 ,0.43 ,,,,,,,,11.1,3.4,7,11384.029,0.911238022
8,1,7.5,11816.33 ,0.96 ,,15.6,6,2,16759.68 ,0.42 ,,,,,,,,11.1,3.4,7,13223.129,0.897064447
8,1.4,7.5,12156.37 ,0.94 ,,15.6,6,3,13562.64 ,0.38 ,,,,,,,,11.1,3.6,7,11515.257,0.926476642
8,2.6,7.5,13176.49 ,0.98 ,,15.6,6,3,15237.04 ,0.36 ,,,,,,,,11.1,4,7,13680.413,0.928768635
8,1.2,5,6040.07 ,0.87 ,,15.6,6,4.5,19156.28 ,0.47 ,,,,,,,,11.1,4.2,7,11908.941,0.958330758
8,1.4,5,7059.89 ,0.86 ,,15.6,6,3,15237.04 ,0.44 ,,,,,,,,11.1,4.6,7,14137.697,0.959971309
8,1.6,5,6248.35 ,0.89 ,,15.6,6,3,16911.44 ,0.43 ,,,,,,,,11.1,4.8,7,12302.625,0.986556597
8,2,5,6456.63 ,0.91 ,,15.6,6,3,16911.44 ,0.67 ,,,,,,,,11.1,4.8,7,14290.125,0.971586399
8,2,5,7418.87 ,0.89 ,,15.6,6,3,18585.84 ,0.67 ,,,,,,,,11.1,5,7,12433.853,0.998457991
8,2.2,5,6560.77 ,0.93 ,,15.6,6,4,15552.00 ,0.47 ,,,,,,,,11.1,2.4,7.5,13790.04,0.827453926
8,2.4,5,7658.19 ,0.92 ,,15.6,6,4,16512.00 ,0.60 ,,,,,,,,11.1,4.4,7.5,13353.34,0.885594785
8,2.6,5,6769.05 ,0.96 ,,15.6,6,4,18432.00 ,0.60 ,,,,,,,,11.1,4.4,7.5,15426.84,0.766282886
8,2.6,5,7777.85 ,0.94 ,,15.6,6,4,17472.00 ,0.76 ,,,,,,,,11.1,1,7.5,12219.405,0.883080184
8,2.8,5,6873.19 ,0.98 ,,15.6,6,4,19392.00 ,0.76 ,,,,,,,,11.1,2.2,7.5,13168.485,0.707771778
8,3,5,8017.17 ,0.96 ,,15.6,6,5,15489.36 ,0.47 ,,,,,,,,11.1,2.2,7.5,14999.985,0.667454571
8,3.2,5,7081.47 ,1.00 ,,15.6,6,5,17670.96 ,0.74 ,,,,,,,,11.1,3,7.5,15720.705,0.644990981
8,3.2,5,8136.83 ,0.98 ,,15.6,6,7,18168.48 ,0.54 ,,,,,,,,11.1,3.2,7.5,13959.385,0.712684631
8,3,6,7038.37 ,0.87 ,,15.6,6,7,19544.88 ,0.71 ,,,,,,,,11.1,4.2,7.5,16801.785,0.661729693
8,1.8,6,7016.80 ,0.73 ,,17.5,6.1,2,18723.04 ,0.42 ,,,,,,,,11.1,4.4,7.5,14908.465,0.733564287
8,2.8,6,7548.38 ,0.74 ,,17.5,6.1,3,17639.16 ,0.36 ,,,,,,,,11.1,5.8,7.5,18243.225,0.708837897
8,3,6,6422.05 ,0.84 ,,17.5,6.1,3,19556.46 ,0.54 ,,,,,,,,11.1,6,7.5,16173.905,0.78222546
8,4.2,6,8292.59 ,0.78 ,,17.5,6.1,4,16777.53 ,0.42 ,,,,,,,,11.1,6,7.5,18423.405,0.721857548
8,4.4,6,7046.42 ,0.88 ,,17.5,6.1,4,18956.43 ,0.39 ,,,,,,,,11.1,6.2,7.5,16332.085,0.796801388
8,4.4,6,8398.90 ,0.79 ,,17.5,6.1,4,18956.43 ,0.47 ,,,,,,,,11.1,1.2,7.5,13668.71,0.786718532
8,4.6,6,7135.62 ,0.90 ,,17.5,6.1,5,18915.05 ,0.42 ,,,,,,,,11.1,1.6,7.5,14018.07,0.768597916
8,1,9,12169.33 ,0.98 ,,17.5,6.1,6,19800.72 ,0.48 ,,,,,,,,11.1,1.6,7.5,15783.57,0.747703329
8,2.6,9,13433.67 ,0.92 ,,17.6,6,2,18803.51 ,0.42 ,,,,,,,,11.1,2,7.5,16176.93,0.73567085
8,3.8,9,14381.93 ,0.95 ,,17.6,6,3,15801.60 ,0.38 ,,,,,,,,11.1,2.2,7.5,14542.11,0.770509571
8,1.2,6,7237.14 ,0.78 ,,17.6,6,3,17721.60 ,0.36 ,,,,,,,,11.1,2.6,7.5,14891.47,0.771054298
8,1.6,6,7466.89 ,0.78 ,,17.6,6,3,19641.60 ,0.54 ,,,,,,,,11.1,2.6,7.5,16766.97,0.749826387
8,1.8,6,6451.84 ,0.84 ,,17.6,6,4,16863.77 ,0.41 ,,,,,,,,11.1,3.2,7.5,17357.01,0.777860716
8,2.2,6,7811.51 ,0.81 ,,17.6,6,4,19045.37 ,0.38 ,,,,,,,,11.1,3.4,7.5,15590.19,0.817379624
8,2.4,6,6745.11 ,0.88 ,,17.6,6,4,19045.37 ,0.47 ,,,,,,,,11.1,3.8,7.5,17947.05,0.801179051
8,2.8,6,8156.14 ,0.84 ,,17.6,6,5,19009.62 ,0.42 ,,,,,,,,11.1,4,7.5,16114.23,0.838857159
8,3,6,7038.37 ,0.91 ,,17.6,6,6,19902.74 ,0.48 ,,,,,,,,11.1,4,7.5,18143.73,0.814027548
8,3,6,8271.01 ,0.86 ,,19,5.8,2,19474.03 ,0.30 ,,,,,,,,11.1,4.2,7.5,16288.91,0.850765377
8,3.8,6,8730.52 ,0.90 ,,19,5.8,3,19076.53 ,0.32 ,,,,,,,,11.1,4.8,7.5,16812.95,0.869417191
8,4,6,7527.15 ,0.97 ,,,,,,,,,,,,,,11.1,4.8,7.5,18930.45,0.84725678
8,4.8,6,9304.89 ,0.97 ,,,,,,,,,,,,,,11.1,5,7.5,16987.63,0.88429448
8,1,6,7652.98 ,0.96 ,,,,,,,,,,,,,,11.1,5,7.5,19127.13,0.861657426
8,1.6,6,8023.29 ,1.00 ,,,,,,,,,,,,,,11.1,5.8,7.5,19913.85,0.901068315
8,2.4,7,7909.95 ,0.80 ,,,,,,,,,,,,,,11.1,6,7.5,17861.03,0.934524432
8,2.6,7,6612.84 ,0.97 ,,,,,,,,,,,,,,11.1,6.2,7.5,18035.71,0.947311744
8,4.2,7,8871.97 ,0.84 ,,,,,,,,,,,,,,11.1,1,7.5,16468.155,0.943115056
8,1,7,6534.59 ,0.89 ,,,,,,,,,,,,,,11.1,1.2,7.5,16681.335,0.932121977
8,1.4,7,8021.33 ,0.80 ,,,,,,,,,,,,,,11.1,1.4,7.5,15151.015,0.946209013
8,2,7,8370.09 ,0.83 ,,,,,,,,,,,,,,11.1,1.6,7.5,15342.195,0.94734171
8,2.6,7,8718.84 ,0.85 ,,,,,,,,,,,,,,11.1,1.6,7.5,17107.695,0.941281073
8,2.8,7,7412.37 ,0.93 ,,,,,,,,,,,,,,11.1,1.8,7.5,17320.875,0.947882839
8,3.6,7,9300.10 ,0.90 ,,,,,,,,,,,,,,11.1,2,7.5,15724.555,0.964286543
8,3.8,7,7900.03 ,0.98 ,,,,,,,,,,,,,,11.1,2.2,7.5,17747.235,0.965067282
8,4.8,7,9997.60 ,0.98 ,,,,,,,,,,,,,,11.1,2.4,7.5,16106.915,0.990254417
8,1.8,8,7273.75 ,0.93 ,,,,,,,,,,,,,,11.4,6.6,6,14715.4272,0.921378836
8,2.6,8,9282.18 ,0.84 ,,,,,,,,,,,,,,11.4,6.8,6,14864.8224,0.942982629
8,2.8,8,7752.28 ,0.95 ,,,,,,,,,,,,,,11.4,3,6,11627.0336,0.766720027
8,4,8,10094.37 ,0.89 ,,,,,,,,,,,,,,11.4,3,6,13224.1536,0.698390931
8,4.2,8,10210.39 ,0.91 ,,,,,,,,,,,,,,11.4,4.6,6,14538.3552,0.638210177
8,1.2,9,9762.73 ,0.92 ,,,,,,,,,,,,,,11.4,4.8,6,12926.9504,0.735926449
8,2.4,9,10513.71 ,0.95 ,,,,,,,,,,,,,,11.4,1.4,6,11550.352,0.733083606
8,1.6,10,10415.83 ,0.98 ,,,,,,,,,,,,,,11.4,2,6,12028.2976,0.658651441
8,3.2,10,11396.15 ,0.99 ,,,,,,,,,,,,,,11.4,2,6,13526.2176,0.623132825
9,3.8,2,5074.62 ,0.94 ,,,,,,,,,,,,,,11.4,2.8,6,12665.5584,0.636337847
9,3.8,2,5748.54 ,0.83 ,,,,,,,,,,,,,,11.4,2.8,6,14242.8384,0.60034284
9,3.8,2,6085.50 ,0.71 ,,,,,,,,,,,,,,11.4,3.8,6,15138.6144,0.602099001
9,4,2,5504.08 ,0.81 ,,,,,,,,,,,,,,11.4,4,6,13621.4496,0.653984129
9,1.2,2,4995.24 ,0.93 ,,,,,,,,,,,,,,11.4,5.2,6,16392.7008,0.626052633
9,2.2,2,4962.41 ,0.79 ,,,,,,,,,,,,,,11.4,5.4,6,14736.656,0.679340839
9,2.2,2,5544.17 ,0.73 ,,,,,,,,,,,,,,11.4,5.4,6,16571.856,0.637214229
9,3.6,2,6312.67 ,0.66 ,,,,,,,,,,,,,,11.4,5.6,6,14895.9712,0.691346765
9,3.8,2,5748.54 ,0.74 ,,,,,,,,,,,,,,11.4,1.2,6,12454.9568,0.740192503
9,3.4,3,9706.77 ,0.88 ,,,,,,,,,,,,,,11.4,1.6,6,12803.3472,0.697364479
9,3.6,3,9044.60 ,0.98 ,,,,,,,,,,,,,,11.4,2,6,13151.7376,0.666386962
9,5.2,3,11127.27 ,0.85 ,,,,,,,,,,,,,,11.4,2,6,14649.6576,0.653070539
9,5.4,3,10347.02 ,0.94 ,,,,,,,,,,,,,,11.4,2.6,6,13674.3232,0.668772072
9,5.4,3,11285.10 ,0.86 ,,,,,,,,,,,,,,11.4,3.2,6,14196.9088,0.687472224
9,2.2,3,5118.96 ,0.97 ,,,,,,,,,,,,,,11.4,3.2,6,15813.8688,0.671548456
9,5.4,3,5656.62 ,0.96 ,,,,,,,,,,,,,,11.4,3.8,6,16395.9744,0.684993267
9,5.4,3,6594.70 ,0.83 ,,,,,,,,,,,,,,11.4,4,6,14893.6896,0.713796005
9,2.2,3,4754.88 ,0.84 ,,,,,,,,,,,,,,11.4,4,6,16590.0096,0.695601925
9,3.8,3,6273.39 ,0.65 ,,,,,,,,,,,,,,11.4,4.8,6,17366.1504,0.718319625
9,4,3,5525.95 ,0.76 ,,,,,,,,,,,,,,11.4,5,6,15764.6656,0.751426086
9,4,3,6372.19 ,0.68 ,,,,,,,,,,,,,,11.4,5,6,17560.1856,0.7304084
9,2,4.5,8689.03 ,0.93 ,,,,,,,,,,,,,,11.4,5.2,6,15938.8608,0.763945594
9,3.8,4.5,8848.42 ,0.95 ,,,,,,,,,,,,,,11.4,5.8,6,18336.3264,0.758402571
9,3.8,4.5,9950.34 ,0.83 ,,,,,,,,,,,,,,11.4,6,6,16635.6416,0.788113639
9,2.8,3,5395.67 ,0.64 ,,,,,,,,,,,,,,11.4,6,6,18530.3616,0.769155174
9,2.8,3,6163.19 ,0.59 ,,,,,,,,,,,,,,11.4,6.2,6,16809.8368,0.799189374
9,4.4,3,6133.53 ,0.64 ,,,,,,,,,,,,,,11.4,6.2,6,18724.3968,0.779708281
9,4.4,3,7006.01 ,0.58 ,,,,,,,,,,,,,,11.4,6.4,6,16984.032,0.810071319
9,4.6,3,6225.77 ,0.66 ,,,,,,,,,,,,,,11.4,1,6,14728.5216,0.804101631
9,1.6,4.5,8175.94 ,0.93 ,,,,,,,,,,,,,,11.4,1.2,6,14937.4368,0.784233972
9,2.6,4.5,8857.26 ,0.84 ,,,,,,,,,,,,,,11.4,1.6,6,13897.0272,0.789684087
9,2.6,4.5,9866.06 ,0.78 ,,,,,,,,,,,,,,11.4,1.6,6,15355.2672,0.780380026
9,4,4.5,10928.56 ,0.74 ,,,,,,,,,,,,,,11.4,2,6,14275.1776,0.786605537
9,4.2,4.5,9947.39 ,0.84 ,,,,,,,,,,,,,,11.4,2,6,15773.0976,0.775554612
9,1.2,3,5651.64 ,0.64 ,,,,,,,,,,,,,,11.4,2.4,6,14653.328,0.795487404
9,1.8,3,5285.46 ,0.60 ,,,,,,,,,,,,,,11.4,2.4,6,16190.928,0.789081514
9,1.8,3,5987.38 ,0.57 ,,,,,,,,,,,,,,11.4,2.8,6,16608.7584,0.807548515
9,2.6,3,5680.63 ,0.58 ,,,,,,,,,,,,,,11.4,3,6,15220.5536,0.82814014
9,2.6,3,6435.03 ,0.55 ,,,,,,,,,,,,,,11.4,3.4,6,15598.704,0.846438363
9,3.6,3,6994.60 ,0.55 ,,,,,,,,,,,,,,11.4,3.4,6,17235.504,0.838020474
9,3.8,3,6273.39 ,0.61 ,,,,,,,,,,,,,,11.4,3.6,6,15787.7792,0.860300213
9,3.8,3,7106.51 ,0.57 ,,,,,,,,,,,,,,11.4,4,6,17862.2496,0.867918946
9,4,3,6372.19 ,0.62 ,,,,,,,,,,,,,,11.4,4.2,6,16355.0048,0.890690312
9,5.2,3,7889.91 ,0.59 ,,,,,,,,,,,,,,11.4,4.2,6,18071.1648,0.879595302
9,5.4,3,7063.74 ,0.65 ,,,,,,,,,,,,,,11.4,4.4,6,16544.08,0.90360035
9,5.4,3,8001.82 ,0.60 ,,,,,,,,,,,,,,11.4,4.6,6,18488.9952,0.896056466
9,1.6,4.5,9805.54 ,0.79 ,,,,,,,,,,,,,,11.4,4.8,6,18697.9104,0.911429502
9,2.4,4.5,10459.24 ,0.74 ,,,,,,,,,,,,,,11.4,5,6,17111.3056,0.940834925
9,3.4,4.5,10205.49 ,0.80 ,,,,,,,,,,,,,,11.4,5,6,18906.8256,0.926815681
9,3.4,4.5,11276.37 ,0.74 ,,,,,,,,,,,,,,11.4,5.2,6,17300.3808,0.956771269
9,4.6,4.5,12256.92 ,0.76 ,,,,,,,,,,,,,,11.4,5.4,6,19324.656,0.95041725
9,4.8,4.5,11240.83 ,0.83 ,,,,,,,,,,,,,,11.4,5.6,6,19533.5712,0.964947425
9,4.8,4.5,12420.35 ,0.78 ,,,,,,,,,,,,,,11.4,5.8,6,17867.6064,0.992659494
9,5,4.5,11388.73 ,0.85 ,,,,,,,,,,,,,,11.4,5.8,6,19742.4864,0.979181968
9,1.2,3,5320.36 ,0.67 ,,,,,,,,,,,,,,11.4,1,6,14378.8416,0.976444602
9,1.2,3,5982.92 ,0.64 ,,,,,,,,,,,,,,11.4,1,6,15777.5616,0.970516995
9,1.6,3,6219.86 ,0.59 ,,,,,,,,,,,,,,11.4,1.2,6,14582.7968,0.973209441
9,2.2,3,6575.28 ,0.59 ,,,,,,,,,,,,,,11.4,1.4,6,14786.752,0.974430129
9,2.8,3,6930.71 ,0.59 ,,,,,,,,,,,,,,11.4,1.6,6,14990.7072,0.979910657
9,3,3,6268.54 ,0.62 ,,,,,,,,,,,,,,11.4,1.6,6,16448.9472,0.974440835
9,3.8,3,7523.07 ,0.62 ,,,,,,,,,,,,,,11.4,1.8,6,15194.6624,0.990930781
9,4,3,6795.31 ,0.66 ,,,,,,,,,,,,,,11.4,1.8,6,16672.7424,0.982941151
9,4.8,3,8115.44 ,0.65 ,,,,,,,,,,,,,,11.4,2,6,16896.5376,0.998302929
9,5,3,8233.92 ,0.66 ,,,,,,,,,,,,,,11.4,2.8,6,9905.3184,0.92148146
9,5.2,3,7427.43 ,0.70 ,,,,,,,,,,,,,,11.4,6.6,6,12272.6272,0.854749963
9,5.4,3,7532.78 ,0.71 ,,,,,,,,,,,,,,11.4,6.8,6,12397.2224,0.875698298
9,1.4,4.5,10328.87 ,0.83 ,,,,,,,,,,,,,,11.4,1.6,6,8428.6272,0.671295166
9,2,4.5,9891.83 ,0.83 ,,,,,,,,,,,,,,11.4,1.6,6,9886.8672,0.624072194
9,2,4.5,10854.07 ,0.80 ,,,,,,,,,,,,,,11.4,2.4,6,10424.928,0.567503124
9,2.6,4.5,10370.46 ,0.83 ,,,,,,,,,,,,,,11.4,2.6,6,9002.0032,0.636034161
9,2.6,4.5,11379.26 ,0.80 ,,,,,,,,,,,,,,11.4,3.6,6,11232.0192,0.56553936
9,3.2,4.5,11904.46 ,0.80 ,,,,,,,,,,,,,,11.4,3.8,6,9690.0544,0.635659605
9,3.4,4.5,11008.65 ,0.85 ,,,,,,,,,,,,,,11.4,5.4,6,12442.656,0.596716523
9,3.4,4.5,12079.53 ,0.81 ,,,,,,,,,,,,,,11.4,5.6,6,10722.1312,0.668538809
9,3.6,4.5,11168.19 ,0.87 ,,,,,,,,,,,,,,11.4,1.2,6,8908.5568,0.684314713
9,4.2,4.5,12779.79 ,0.83 ,,,,,,,,,,,,,,11.4,1.6,6,9157.7472,0.654620633
9,4.4,4.5,12954.85 ,0.85 ,,,,,,,,,,,,,,11.4,2,6,9406.9376,0.639089569
9,4.6,4.5,11965.92 ,0.91 ,,,,,,,,,,,,,,11.4,2,6,10904.8576,0.618645415
9,5.4,4.5,13830.18 ,0.89 ,,,,,,,,,,,,,,11.4,2.6,6,9780.7232,0.647692725
9,1,3,5539.72 ,0.72 ,,,,,,,,,,,,,,11.4,3.2,6,11771.4688,0.648463726
9,1.2,3,6314.20 ,0.67 ,,,,,,,,,,,,,,11.4,3.4,6,10279.104,0.680560946
9,1.6,3,6564.26 ,0.64 ,,,,,,,,,,,,,,11.4,4,6,12349.2096,0.677058913
9,2.2,3,6211.20 ,0.68 ,,,,,,,,,,,,,,11.4,4.2,6,10777.4848,0.710086972
9,2.2,3,6939.36 ,0.66 ,,,,,,,,,,,,,,11.4,5,6,13071.3856,0.711532749
9,2.8,3,6546.95 ,0.70 ,,,,,,,,,,,,,,11.4,5.2,6,11400.4608,0.743919969
9,2.8,3,7314.47 ,0.68 ,,,,,,,,,,,,,,11.4,5.2,6,13215.8208,0.721566178
9,3.4,3,7689.57 ,0.69 ,,,,,,,,,,,,,,11.4,5.4,6,11525.056,0.755716458
9,3.6,3,6994.60 ,0.72 ,,,,,,,,,,,,,,11.4,6.2,6,13937.9968,0.761959121
9,4.2,3,8189.70 ,0.73 ,,,,,,,,,,,,,,11.4,6.4,6,12148.032,0.793338582
9,4.4,3,7442.25 ,0.76 ,,,,,,,,,,,,,,11.4,6.4,6,14082.432,0.772430867
9,5,3,8689.84 ,0.76 ,,,,,,,,,,,,,,11.4,6.6,6,12272.6272,0.803615108
9,5.2,3,7889.91 ,0.79 ,,,,,,,,,,,,,,11.4,1,6,9483.3216,0.815174483
9,5.2,3,8814.87 ,0.77 ,,,,,,,,,,,,,,11.4,1.2,6,9617.8368,0.811441399
9,5.4,3,8001.82 ,0.80 ,,,,,,,,,,,,,,11.4,1.2,6,11036.3968,0.803223781
9,1,4.5,10642.22 ,0.96 ,,,,,,,,,,,,,,11.4,1.4,6,11190.752,0.802050017
9,1.2,4.5,9928.76 ,0.97 ,,,,,,,,,,,,,,11.4,1.6,6,9886.8672,0.821279116
9,1.4,4.5,11015.63 ,0.91 ,,,,,,,,,,,,,,11.4,1.8,6,10021.3824,0.827173129
9,1.6,4.5,10271.14 ,0.94 ,,,,,,,,,,,,,,11.4,1.8,6,11499.4624,0.818446845
9,1.8,4.5,11389.04 ,0.90 ,,,,,,,,,,,,,,11.4,2,6,11653.8176,0.82503666
9,2.4,4.5,10955.88 ,0.96 ,,,,,,,,,,,,,,11.4,2.2,6,10290.4128,0.841611288
9,2.4,4.5,11949.16 ,0.93 ,,,,,,,,,,,,,,11.4,2.2,6,11808.1728,0.833909959
9,2.8,4.5,12322.57 ,0.94 ,,,,,,,,,,,,,,11.4,2.4,6,10424.928,0.852372818
9,3,4.5,11469.44 ,0.98 ,,,,,,,,,,,,,,11.4,2.6,6,12116.8832,0.856769964
9,3.4,4.5,12882.69 ,0.97 ,,,,,,,,,,,,,,11.4,2.8,6,10693.9584,0.874785498
9,3.6,4.5,13069.39 ,0.98 ,,,,,,,,,,,,,,11.4,3,6,12425.5936,0.879765011
9,3.6,4,6488.21 ,0.75 ,,,,,,,,,,,,,,11.4,3.2,6,10962.9888,0.901735641
9,3.8,4,5576.01 ,0.92 ,,,,,,,,,,,,,,11.4,3.2,6,12579.9488,0.892859504
9,3.6,6,10457.66 ,0.96 ,,,,,,,,,,,,,,11.4,3.4,6,11097.504,0.917374685
9,1.2,4,4926.27 ,0.81 ,,,,,,,,,,,,,,11.4,3.6,6,12888.6592,0.914903514
9,1.2,4,5743.23 ,0.74 ,,,,,,,,,,,,,,11.4,3.8,6,11366.5344,0.942598358
9,2.2,4,5370.08 ,0.71 ,,,,,,,,,,,,,,11.4,4,6,13197.3696,0.937999155
9,2.2,4,6260.64 ,0.64 ,,,,,,,,,,,,,,11.4,4.2,6,11635.5648,0.965685174
9,3.6,4,6985.01 ,0.61 ,,,,,,,,,,,,,,11.4,4.2,6,13351.7248,0.95060733
9,3.8,4,6080.17 ,0.70 ,,,,,,,,,,,,,,11.4,4.4,6,11770.08,0.978136353
9,2,6,10312.24 ,0.81 ,,,,,,,,,,,,,,11.4,4.6,6,13660.4352,0.97219684
9,3.4,6,11350.89 ,0.77 ,,,,,,,,,,,,,,11.4,4.8,6,12039.1104,0.997159794
9,3.6,6,10110.46 ,0.89 ,,,,,,,,,,,,,,11.4,4.8,6,13814.7904,0.983937167
9,5.4,6,12834.66 ,0.79 ,,,,,,,,,,,,,,11.4,3,7,11511.9936,0.732279122
9,1.2,4,5334.75 ,0.67 ,,,,,,,,,,,,,,11.4,3.2,7,9792.0768,0.888448596
9,1.2,4,6151.71 ,0.63 ,,,,,,,,,,,,,,11.4,5.6,7,13262.3552,0.707773685
9,1.8,4,5623.11 ,0.62 ,,,,,,,,,,,,,,11.4,5.8,7,11263.7184,0.85483256
9,1.8,4,6484.23 ,0.58 ,,,,,,,,,,,,,,11.4,5.8,7,13396.9984,0.726962924
9,2.6,4,6007.60 ,0.62 ,,,,,,,,,,,,,,11.4,1,7,9356.2016,0.754757315
9,2.6,4,6927.60 ,0.58 ,,,,,,,,,,,,,,11.4,2,7,11701.7376,0.620816022
9,3.6,4,7481.81 ,0.59 ,,,,,,,,,,,,,,11.4,2.2,7,10099.7408,0.66653347
9,3.8,4,6584.33 ,0.65 ,,,,,,,,,,,,,,11.4,2.8,7,12283.1904,0.621748492
9,5,4,8257.70 ,0.63 ,,,,,,,,,,,,,,11.4,3,7,10595.4336,0.666672498
9,5.2,4,8368.54 ,0.64 ,,,,,,,,,,,,,,11.4,3.8,7,11091.1264,0.678332344
9,5.4,4,7353.30 ,0.70 ,,,,,,,,,,,,,,11.4,3.8,7,13010.0064,0.644777119
9,1.6,6,10922.69 ,0.76 ,,,,,,,,,,,,,,11.4,4.8,7,13736.8224,0.667258233
9,2.4,6,10288.68 ,0.78 ,,,,,,,,,,,,,,11.4,5,7,11834.6656,0.713875428
9,2.4,6,11569.96 ,0.73 ,,,,,,,,,,,,,,11.4,5,7,13882.1856,0.677937582
9,3.2,6,12217.23 ,0.73 ,,,,,,,,,,,,,,11.4,5.2,7,11958.5888,0.726027802
9,3.4,6,11008.17 ,0.80 ,,,,,,,,,,,,,,11.4,6.4,7,14899.728,0.723351896
9,4.6,6,13349.95 ,0.78 ,,,,,,,,,,,,,,11.4,6.6,7,12826.0512,0.770993456
9,4.8,6,12015.45 ,0.86 ,,,,,,,,,,,,,,11.4,6.6,7,15045.0912,0.734616742
9,4.8,6,13511.77 ,0.80 ,,,,,,,,,,,,,,11.4,6.8,7,12949.9744,0.782163799
9,5,6,12159.35 ,0.87 ,,,,,,,,,,,,,,11.4,1,7,10165.5616,0.831113726
9,1.2,4,6560.19 ,0.64 ,,,,,,,,,,,,,,11.4,1.2,7,11940.3648,0.807451531
9,1.6,4,6796.59 ,0.61 ,,,,,,,,,,,,,,11.4,1.6,7,10569.4912,0.830465853
9,2.2,4,7151.20 ,0.61 ,,,,,,,,,,,,,,11.4,1.6,7,12252.5312,0.811717749
9,2.8,4,7505.80 ,0.63 ,,,,,,,,,,,,,,11.4,2,7,12564.6976,0.824414387
9,3,4,6674.56 ,0.67 ,,,,,,,,,,,,,,11.4,2.2,7,10973.4208,0.852423966
9,3.6,4,7978.61 ,0.66 ,,,,,,,,,,,,,,11.4,2.4,7,12876.864,0.841978006
9,3.8,4,7088.49 ,0.70 ,,,,,,,,,,,,,,11.4,2.6,7,11242.7072,0.870493107
9,3.8,4,8096.81 ,0.67 ,,,,,,,,,,,,,,11.4,2.8,7,13189.0304,0.866073512
9,4,4,7191.97 ,0.71 ,,,,,,,,,,,,,,11.4,3,7,11511.9936,0.893539578
9,4.6,4,8569.62 ,0.70 ,,,,,,,,,,,,,,11.4,3.4,7,11781.28,0.914190263
9,4.8,4,7605.90 ,0.74 ,,,,,,,,,,,,,,11.4,3.4,7,13657.28,0.903614737
9,4.8,4,8687.82 ,0.71 ,,,,,,,,,,,,,,11.4,3.6,7,11915.9232,0.929256849
9,5,4,7709.38 ,0.75 ,,,,,,,,,,,,,,11.4,4,7,14125.5296,0.936206639
9,1,6,11304.12 ,0.85 ,,,,,,,,,,,,,,11.4,4.2,7,12319.8528,0.962133944
9,1.4,6,11654.63 ,0.82 ,,,,,,,,,,,,,,11.4,4.6,7,14593.7792,0.967756689
9,2,6,10934.96 ,0.84 ,,,,,,,,,,,,,,11.4,4.8,7,12723.7824,0.992472932
9,2.4,6,12530.92 ,0.81 ,,,,,,,,,,,,,,11.4,4.8,7,14749.8624,0.979396209
9,2.6,6,11406.98 ,0.85 ,,,,,,,,,,,,,,12.5,2.4,7,10712.6514,0.786517337
9,3.2,6,13231.95 ,0.84 ,,,,,,,,,,,,,,12.5,4,7,13799.2842,0.619717583
9,3.4,6,12036.33 ,0.87 ,,,,,,,,,,,,,,12.5,4.2,7,11843.6058,0.734794021
9,3.4,6,13407.21 ,0.85 ,,,,,,,,,,,,,,12.5,6.6,7,15723.045,0.636392817
9,4.2,6,14108.24 ,0.88 ,,,,,,,,,,,,,,12.5,6.8,7,13477.2066,0.738642961
9,4.4,6,12823.01 ,0.93 ,,,,,,,,,,,,,,12.5,6.8,7,15871.0266,0.6498961
9,5.2,6,14984.52 ,0.94 ,,,,,,,,,,,,,,12.5,1,7,10706.2902,0.735598996
9,5.4,6,13609.70 ,0.99 ,,,,,,,,,,,,,,12.5,1.4,7,10979.9334,0.689109877
9,5.4,6,15159.78 ,0.96 ,,,,,,,,,,,,,,12.5,2.4,7,13566.8214,0.605167314
9,1,4,6843.11 ,0.71 ,,,,,,,,,,,,,,12.5,2.6,7,11800.863,0.636208311
9,1.4,4,7094.23 ,0.70 ,,,,,,,,,,,,,,12.5,3.2,7,14203.3878,0.615287438
9,1.8,4,7345.35 ,0.71 ,,,,,,,,,,,,,,12.5,3.4,7,12348.1494,0.646125719
9,2,4,6595.08 ,0.73 ,,,,,,,,,,,,,,12.5,4,7,14839.9542,0.634304866
9,2.4,4,6816.76 ,0.75 ,,,,,,,,,,,,,,12.5,4.2,7,12895.4358,0.667531237
9,2.4,4,7722.04 ,0.74 ,,,,,,,,,,,,,,12.5,4.2,7,14999.0958,0.644566417
9,2.8,4,7973.16 ,0.75 ,,,,,,,,,,,,,,12.5,5,7,15635.6622,0.663487285
9,3,4,7149.28 ,0.78 ,,,,,,,,,,,,,,12.5,5.2,7,13579.5438,0.695853084
9,3,4,8098.72 ,0.76 ,,,,,,,,,,,,,,12.5,5.2,7,15794.8038,0.672566086
9,3.2,4,7260.12 ,0.79 ,,,,,,,,,,,,,,12.5,5.4,7,13716.3654,0.706182808
9,3.6,4,8475.41 ,0.78 ,,,,,,,,,,,,,,12.5,6.4,7,16749.6534,0.709381819
9,3.8,4,7592.65 ,0.81 ,,,,,,,,,,,,,,12.5,6.6,7,14537.295,0.744690314
9,3.8,4,8600.97 ,0.80 ,,,,,,,,,,,,,,12.5,6.6,7,16908.795,0.719193622
9,4,4,7703.49 ,0.83 ,,,,,,,,,,,,,,12.5,6.8,7,14674.1166,0.755397215
9,4.4,4,8977.65 ,0.83 ,,,,,,,,,,,,,,12.5,1,7,13326.1002,0.836389646
9,4.6,4,8036.02 ,0.87 ,,,,,,,,,,,,,,12.5,1.2,7,13496.4018,0.835161999
9,4.6,4,9103.22 ,0.84 ,,,,,,,,,,,,,,12.5,1.4,7,13666.7034,0.833871178
9,4.8,4,8146.86 ,0.88 ,,,,,,,,,,,,,,12.5,1.6,7,12023.505,0.850503832
9,5.2,4,9479.90 ,0.88 ,,,,,,,,,,,,,,12.5,1.8,7,14007.3066,0.845211416
9,5.4,4,8479.38 ,0.91 ,,,,,,,,,,,,,,12.5,2,7,12319.4682,0.866820037
9,5.4,4,9605.46 ,0.89 ,,,,,,,,,,,,,,12.5,2.2,7,14347.9098,0.861373357
9,1,6,11015.16 ,0.98 ,,,,,,,,,,,,,,12.5,2.4,7,12615.4314,0.881524011
9,1.2,6,12359.69 ,0.93 ,,,,,,,,,,,,,,12.5,2.6,7,14688.513,0.881346799
9,1.6,6,11527.49 ,0.96 ,,,,,,,,,,,,,,12.5,2.8,7,12911.3946,0.901338533
9,2,6,11869.04 ,0.98 ,,,,,,,,,,,,,,12.5,3,7,15029.1162,0.907190926
9,2.4,6,13491.88 ,0.99 ,,,,,,,,,,,,,,12.5,3.2,7,13207.3578,0.926295489
9,1,4,6441.99 ,0.84 ,,,,,,,,,,,,,,12.5,3.2,7,15199.4178,0.920893148
9,1.2,4,6560.19 ,0.84 ,,,,,,,,,,,,,,12.5,3.6,7,13503.321,0.949161947
9,1.2,4,7377.15 ,0.83 ,,,,,,,,,,,,,,12.5,3.6,7,15540.021,0.94365238
9,1.4,4,7510.07 ,0.83 ,,,,,,,,,,,,,,12.5,3.8,7,13651.3026,0.96335654
9,1.6,4,6796.59 ,0.85 ,,,,,,,,,,,,,,12.5,4,7,15880.6242,0.964566659
9,1.8,4,6914.79 ,0.86 ,,,,,,,,,,,,,,12.5,4.2,7,13947.2658,0.985680312
9,1.8,4,7775.91 ,0.86 ,,,,,,,,,,,,,,12.5,4.2,7,16050.9258,0.975744344
9,2,4,7033.00 ,0.88 ,,,,,,,,,,,,,,12.5,4.4,7,14095.2474,0.998313189
9,2.2,4,8041.76 ,0.89 ,,,,,,,,,,,,,,12.5,4.6,7,16391.529,0.996283069
9,2.4,4,7269.40 ,0.91 ,,,,,,,,,,,,,,12.5,3,7.5,14435.2032,0.757052556
9,2.4,4,8174.68 ,0.91 ,,,,,,,,,,,,,,12.5,4.6,7.5,15707.728,0.721112102
9,2.6,4,8307.60 ,0.92 ,,,,,,,,,,,,,,12.5,4.6,7.5,17990.828,0.644222438
9,2.8,4,7505.80 ,0.94 ,,,,,,,,,,,,,,12.5,7,7.5,17616.5152,0.744454354
9,2.8,4,8440.52 ,0.94 ,,,,,,,,,,,,,,12.5,7.2,7.5,17775.5808,0.758348018
9,3,4,7624.00 ,0.96 ,,,,,,,,,,,,,,12.5,1,7.5,14244.7522,0.796858609
9,3.2,4,8706.36 ,0.97 ,,,,,,,,,,,,,,12.5,1.4,7.5,16510.7434,0.683127344
9,3.4,4,7860.41 ,0.98 ,,,,,,,,,,,,,,12.5,2,7.5,15126.7802,0.65864557
9,3.6,4,8972.21 ,0.99 ,,,,,,,,,,,,,,12.5,2.6,7.5,15655.997,0.636193886
9,2.2,5,6445.83 ,0.96 ,,,,,,,,,,,,,,12.5,2.6,7.5,17707.897,0.610434964
9,5.2,5,7921.97 ,0.88 ,,,,,,,,,,,,,,12.5,3.4,7.5,16361.6194,0.640847057
9,1.2,5,5460.10 ,0.83 ,,,,,,,,,,,,,,12.5,3.4,7.5,18505.9994,0.609988406
9,2.2,5,5911.35 ,0.74 ,,,,,,,,,,,,,,12.5,4.2,7.5,19304.1018,0.618161261
9,3.6,5,6543.10 ,0.74 ,,,,,,,,,,,,,,12.5,4.4,7.5,17243.6474,0.666045517
9,3.6,5,7726.30 ,0.65 ,,,,,,,,,,,,,,12.5,4.4,7.5,19503.6274,0.62900795
9,3.8,5,6633.35 ,0.76 ,,,,,,,,,,,,,,12.5,4.6,7.5,17420.053,0.67846185
9,2,7.5,10217.10 ,0.94 ,,,,,,,,,,,,,,12.5,5.8,7.5,18478.4866,0.710512698
9,2,7.5,11781.74 ,0.84 ,,,,,,,,,,,,,,12.5,6,7.5,18654.8922,0.723443508
9,3.4,7.5,11145.93 ,0.93 ,,,,,,,,,,,,,,12.5,7.2,7.5,19713.3258,0.753765449
9,3.4,7.5,12852.81 ,0.81 ,,,,,,,,,,,,,,12.5,7.4,7.5,19889.7314,0.764644325
9,3.6,7.5,11278.62 ,0.96 ,,,,,,,,,,,,,,12.5,1,7.5,17511.8972,0.760323942
9,5.2,7.5,14229.89 ,0.83 ,,,,,,,,,,,,,,12.5,1.4,7.5,16032.4484,0.761411607
9,5.4,7.5,12472.82 ,0.96 ,,,,,,,,,,,,,,12.5,1.6,7.5,18162.494,0.736399472
9,5.4,7.5,14382.90 ,0.85 ,,,,,,,,,,,,,,12.5,1.8,7.5,16419.9396,0.757875547
9,1.4,5,6052.19 ,0.68 ,,,,,,,,,,,,,,12.5,2,7.5,18596.2252,0.736427002
9,2,5,6347.42 ,0.67 ,,,,,,,,,,,,,,12.5,2.2,7.5,16807.4308,0.758514658
9,2.6,5,7744.25 ,0.63 ,,,,,,,,,,,,,,12.5,2.6,7.5,17194.922,0.761970043
9,2.8,5,6741.06 ,0.68 ,,,,,,,,,,,,,,12.5,2.6,7.5,19246.822,0.746679917
9,3.6,5,8317.90 ,0.66 ,,,,,,,,,,,,,,12.5,3,7.5,19680.5532,0.764715716
9,3.8,5,7233.11 ,0.71 ,,,,,,,,,,,,,,12.5,3.2,7.5,17776.1588,0.794065699
9,5,5,9121.00 ,0.71 ,,,,,,,,,,,,,,12.5,3.6,7.5,18163.65,0.811664939
9,5.2,5,7921.97 ,0.77 ,,,,,,,,,,,,,,12.5,3.8,7.5,18357.3956,0.825277209
9,5.2,5,9235.73 ,0.72 ,,,,,,,,,,,,,,12.5,4.4,7.5,18938.6324,0.851948246
9,5.4,5,8020.38 ,0.79 ,,,,,,,,,,,,,,12.5,5.2,7.5,19713.6148,0.884302676
9,1.2,7.5,12282.22 ,0.83 ,,,,,,,,,,,,,,12.5,5.4,7.5,19907.3604,0.897551611
9,1.8,7.5,11242.65 ,0.85 ,,,,,,,,,,,,,,12.5,1,7.5,17045.1622,0.979356013
9,1.8,7.5,12786.97 ,0.79 ,,,,,,,,,,,,,,12.5,1.2,7.5,17256.2478,0.978590578
9,2.4,7.5,13291.72 ,0.79 ,,,,,,,,,,,,,,12.5,1.4,7.5,17467.3334,0.980057523
9,2.6,7.5,11834.37 ,0.87 ,,,,,,,,,,,,,,12.5,1.6,7.5,17678.419,0.98089996
9,3.2,7.5,13964.72 ,0.81 ,,,,,,,,,,,,,,12.5,1.8,7.5,17889.5046,0.987947866
9,3.4,7.5,12426.09 ,0.89 ,,,,,,,,,,,,,,12.5,1.8,7.5,19848.9246,0.986956172
9,4.4,7.5,14974.21 ,0.87 ,,,,,,,,,,,,,,12.5,1.2,8,13361.1738,0.755797297
9,4.6,7.5,13313.66 ,0.95 ,,,,,,,,,,,,,,12.5,3.2,8,14947.0698,0.607233912
9,4.6,7.5,15142.46 ,0.89 ,,,,,,,,,,,,,,12.5,3.4,8,12827.2794,0.69035992
9,4.8,7.5,13461.59 ,0.96 ,,,,,,,,,,,,,,12.5,4.8,8,16215.7866,0.610017776
9,1.2,5,6447.46 ,0.74 ,,,,,,,,,,,,,,12.5,5,8,13904.6362,0.690116942
9,1.6,5,6660.60 ,0.73 ,,,,,,,,,,,,,,12.5,5,8,16374.3762,0.623020351
9,1.6,5,7680.60 ,0.71 ,,,,,,,,,,,,,,12.5,7,8,17960.2722,0.644186646
9,2,5,7926.38 ,0.72 ,,,,,,,,,,,,,,12.5,7.2,8,15386.0018,0.721995085
9,2.2,5,6980.31 ,0.76 ,,,,,,,,,,,,,,12.5,7.2,8,18118.8618,0.654711068
9,2.6,5,8295.05 ,0.75 ,,,,,,,,,,,,,,12.5,7.4,8,15520.6714,0.734645039
9,2.8,5,7300.02 ,0.79 ,,,,,,,,,,,,,,12.5,1.2,8,12353.5438,0.816361949
9,3.2,5,8663.72 ,0.78 ,,,,,,,,,,,,,,12.5,1.4,8,14539.3534,0.766268589
9,3.4,5,7619.73 ,0.82 ,,,,,,,,,,,,,,12.5,1.8,8,14880.4526,0.756965227
9,4,5,9155.28 ,0.82 ,,,,,,,,,,,,,,12.5,2.2,8,15221.5518,0.758829772
9,4.2,5,8046.00 ,0.86 ,,,,,,,,,,,,,,12.5,2.4,8,13233.3214,0.78287258
9,4.2,5,9278.16 ,0.83 ,,,,,,,,,,,,,,12.5,2.4,8,15392.1014,0.767326079
9,4.4,5,8152.57 ,0.88 ,,,,,,,,,,,,,,12.5,2.8,8,15733.2006,0.771715008
9,4.8,5,9646.83 ,0.86 ,,,,,,,,,,,,,,12.5,3,8,13673.2102,0.797019802
9,5,5,9769.72 ,0.88 ,,,,,,,,,,,,,,12.5,3.4,8,16244.8494,0.794001117
9,5.2,5,8578.85 ,0.92 ,,,,,,,,,,,,,,12.5,3.6,8,14113.099,0.818916008
9,5.4,5,8685.42 ,0.94 ,,,,,,,,,,,,,,12.5,4,8,16756.4982,0.818238914
9,1,7.5,11748.21 ,0.97 ,,,,,,,,,,,,,,12.5,4.2,8,14552.9878,0.844699912
9,1.4,7.5,12074.55 ,0.96 ,,,,,,,,,,,,,,12.5,4.2,8,16927.0478,0.828677617
9,1.8,7.5,12400.89 ,0.96 ,,,,,,,,,,,,,,12.5,4.4,8,14699.6174,0.85653469
9,2.2,7.5,12727.23 ,0.98 ,,,,,,,,,,,,,,12.5,4.8,8,17438.6966,0.850744046
9,2.2,7.5,14312.19 ,0.95 ,,,,,,,,,,,,,,12.5,5,8,15139.5062,0.878387615
9,2.6,7.5,14679.17 ,0.97 ,,,,,,,,,,,,,,12.5,5,8,17609.2462,0.860932611
9,2.8,7.5,14862.66 ,0.98 ,,,,,,,,,,,,,,12.5,5.2,8,15286.1358,0.88866242
9,1,5,7797.45 ,0.86 ,,,,,,,,,,,,,,12.5,5.4,8,15432.7654,0.898692906
9,1.2,5,7928.50 ,0.86 ,,,,,,,,,,,,,,12.5,5.8,8,18291.4446,0.889583454
9,1.6,5,7170.60 ,0.89 ,,,,,,,,,,,,,,12.5,6,8,18461.9942,0.899447396
9,1.6,5,8190.60 ,0.89 ,,,,,,,,,,,,,,12.5,6.2,8,16019.2838,0.932035662
9,2,5,7400.06 ,0.92 ,,,,,,,,,,,,,,12.5,6.2,8,18632.5438,0.911798805
9,2,5,8452.70 ,0.91 ,,,,,,,,,,,,,,12.5,6.4,8,16165.9134,0.944841608
9,2.2,5,7514.79 ,0.93 ,,,,,,,,,,,,,,12.5,6.8,8,19144.1926,0.937957764
9,2.4,5,8714.80 ,0.94 ,,,,,,,,,,,,,,12.5,7,8,19314.7422,0.949298307
9,2.6,5,7744.25 ,0.97 ,,,,,,,,,,,,,,12.5,7.2,8,16752.4318,0.981225401
9,2.6,5,8845.85 ,0.96 ,,,,,,,,,,,,,,12.5,7.2,8,19485.2918,0.960461773
9,3,5,9107.95 ,0.99 ,,,,,,,,,,,,,,12.5,7.4,8,16899.0614,0.992655262
9,2,6,7510.00 ,0.78 ,,,,,,,,,,,,,,12.7,1.6,7.5,15573.0396,0.771073341
9,3.8,6,7075.80 ,0.88 ,,,,,,,,,,,,,,12.7,2.8,7.5,14581.0788,0.735932022
9,3.8,6,8482.52 ,0.75 ,,,,,,,,,,,,,,12.7,2.8,7.5,16682.0988,0.674600095
9,3.6,9,14248.85 ,0.92 ,,,,,,,,,,,,,,12.7,4.4,7.5,15873.5844,0.710228577
9,1.2,6,6490.89 ,0.76 ,,,,,,,,,,,,,,12.7,4.4,7.5,18160.8444,0.638890505
9,1.8,6,6788.19 ,0.73 ,,,,,,,,,,,,,,12.7,6.6,7.5,17650.7796,0.725402892
9,2.4,6,8366.76 ,0.67 ,,,,,,,,,,,,,,12.7,6.8,7.5,17812.3428,0.739829242
9,2.6,6,7184.58 ,0.74 ,,,,,,,,,,,,,,12.7,1.4,7.5,14903.6814,0.721449643
9,3.4,6,8951.85 ,0.70 ,,,,,,,,,,,,,,12.7,1.8,7.5,15261.7278,0.658378035
9,3.6,6,7680.06 ,0.77 ,,,,,,,,,,,,,,12.7,1.8,7.5,17246.3478,0.633817688
9,4.8,6,9770.97 ,0.75 ,,,,,,,,,,,,,,12.7,2.4,7.5,15798.7974,0.627563804
9,5,6,8373.75 ,0.82 ,,,,,,,,,,,,,,12.7,2.4,7.5,17853.2574,0.605055153
9,5,6,9887.99 ,0.76 ,,,,,,,,,,,,,,12.7,3.2,7.5,16514.8902,0.63186796
9,5.2,6,8472.84 ,0.83 ,,,,,,,,,,,,,,12.7,3.2,7.5,18662.4702,0.602938399
9,1.6,9,14114.23 ,0.84 ,,,,,,,,,,,,,,12.7,4,7.5,19471.683,0.613224328
9,2.2,9,14627.48 ,0.83 ,,,,,,,,,,,,,,12.7,4.2,7.5,17410.0062,0.659475848
9,2.4,9,12833.28 ,0.92 ,,,,,,,,,,,,,,12.7,5.2,7.5,18305.1222,0.678577065
9,3.2,9,13426.72 ,0.94 ,,,,,,,,,,,,,,12.7,5.4,7.5,18484.1454,0.691144943
9,3.2,9,15482.88 ,0.87 ,,,,,,,,,,,,,,12.7,6.8,7.5,19737.3078,0.738242999
9,4.2,9,16338.29 ,0.90 ,,,,,,,,,,,,,,12.7,7,7.5,19916.331,0.749468297
9,4.4,9,16509.37 ,0.92 ,,,,,,,,,,,,,,12.7,1,7.5,15964.26,0.787918985
9,1,6,8125.56 ,0.77 ,,,,,,,,,,,,,,12.7,1.2,7.5,16160.7432,0.76333952
9,1.2,6,7077.77 ,0.80 ,,,,,,,,,,,,,,12.7,1.2,7.5,18075.5232,0.746170864
9,1.4,6,8377.51 ,0.77 ,,,,,,,,,,,,,,12.7,1.4,7.5,18295.2864,0.735158607
9,1.6,6,7293.89 ,0.81 ,,,,,,,,,,,,,,12.7,1.6,7.5,16553.7096,0.756880462
9,2,6,7510.00 ,0.81 ,,,,,,,,,,,,,,12.7,1.8,7.5,18734.8128,0.736886039
9,2,6,8755.44 ,0.79 ,,,,,,,,,,,,,,12.7,2,7.5,16946.676,0.757195204
9,2.4,6,9007.40 ,0.81 ,,,,,,,,,,,,,,12.7,2.4,7.5,17339.6424,0.759267569
9,2.6,6,7834.18 ,0.85 ,,,,,,,,,,,,,,12.7,2.4,7.5,19394.1024,0.745271817
9,3,6,9385.33 ,0.84 ,,,,,,,,,,,,,,12.7,2.8,7.5,17732.6088,0.766322926
9,3.2,6,8158.35 ,0.89 ,,,,,,,,,,,,,,12.7,2.8,7.5,19833.6288,0.755035937
9,3.2,6,9511.31 ,0.86 ,,,,,,,,,,,,,,12.7,3,7.5,17929.092,0.783410877
9,3.4,6,8266.41 ,0.91 ,,,,,,,,,,,,,,12.7,3.4,7.5,18322.0584,0.802815929
9,3.8,6,9889.24 ,0.89 ,,,,,,,,,,,,,,12.7,4,7.5,18911.508,0.833602607
9,4,6,8590.58 ,0.94 ,,,,,,,,,,,,,,12.7,4.6,7.5,19500.9576,0.859090969
9,4,6,10015.22 ,0.90 ,,,,,,,,,,,,,,12.7,4.8,7.5,19697.4408,0.86993406
9,4.2,6,8698.64 ,0.95 ,,,,,,,,,,,,,,12.7,1,7.5,19274.385,0.982487693
9,4.6,6,10393.15 ,0.94 ,,,,,,,,,,,,,,12.7,1.2,7.5,17596.8282,0.981692582
9,4.8,6,10519.13 ,0.95 ,,,,,,,,,,,,,,12.7,1.2,7.5,19511.6082,0.97850503
9,1.2,9,15143.79 ,0.98 ,,,,,,,,,,,,,,12.7,1.4,7.5,17810.7714,0.982924849
9,1,6,8703.48 ,0.99 ,,,,,,,,,,,,,,12.7,1.4,7.5,19748.8314,0.981045857
9,1.6,7,7118.46 ,0.83 ,,,,,,,,,,,,,,12.7,1.6,7.5,18024.7146,0.985292785
9,2.6,7,7609.38 ,0.81 ,,,,,,,,,,,,,,12.7,1.6,7.5,19986.0546,0.984163627
9,3.8,7,9828.42 ,0.73 ,,,,,,,,,,,,,,12.7,1.2,8,11612.0382,0.829495996
9,4,7,8296.68 ,0.84 ,,,,,,,,,,,,,,12.7,2,8,12160.099,0.709796041
9,4,7,9946.12 ,0.75 ,,,,,,,,,,,,,,12.7,3,8,15102.675,0.599228561
9,4.2,7,8394.87 ,0.86 ,,,,,,,,,,,,,,12.7,3.2,8,12982.1902,0.677764207
9,1.4,10.5,15157.91 ,0.93 ,,,,,,,,,,,,,,12.7,4.6,8,16391.4366,0.605171889
9,2.4,10.5,16009.48 ,0.90 ,,,,,,,,,,,,,,12.7,4.8,8,14078.3118,0.683184952
9,3.6,10.5,17031.36 ,0.91 ,,,,,,,,,,,,,,12.7,6.6,8,15311.4486,0.69357428
9,5.4,10.5,18564.18 ,0.98 ,,,,,,,,,,,,,,12.7,6.6,8,18002.3886,0.631255299
9,1,7,8858.86 ,0.79 ,,,,,,,,,,,,,,12.7,6.8,8,15448.4638,0.70609203
9,1.6,7,7826.06 ,0.83 ,,,,,,,,,,,,,,12.7,6.8,8,18163.4838,0.64208591
9,2,7,9496.19 ,0.80 ,,,,,,,,,,,,,,12.7,1,8,14500.073,0.806361981
9,2.6,7,9878.58 ,0.84 ,,,,,,,,,,,,,,12.7,1.4,8,12781.4834,0.797742382
9,2.8,7,8473.73 ,0.89 ,,,,,,,,,,,,,,12.7,1.6,8,15019.4786,0.760628954
9,3.2,7,10260.98 ,0.87 ,,,,,,,,,,,,,,12.7,1.8,8,13079.5938,0.787563153
9,3.4,7,8797.57 ,0.92 ,,,,,,,,,,,,,,12.7,2,8,15365.749,0.758191586
9,3.6,7,8905.51 ,0.94 ,,,,,,,,,,,,,,12.7,2.2,8,13377.7042,0.781472161
9,4.2,7,10898.31 ,0.92 ,,,,,,,,,,,,,,12.7,2.6,8,15885.1546,0.771204032
9,4.4,7,9337.29 ,0.97 ,,,,,,,,,,,,,,12.7,2.8,8,13824.8698,0.79461392
9,4.4,7,11025.77 ,0.94 ,,,,,,,,,,,,,,12.7,3.2,8,14122.9802,0.801275268
9,4.6,7,9445.24 ,0.99 ,,,,,,,,,,,,,,12.7,3.2,8,16404.5602,0.788199507
9,5.2,7,11535.64 ,0.98 ,,,,,,,,,,,,,,12.7,3.4,8,14272.0354,0.813338093
9,5.4,7,11663.10 ,1.00 ,,,,,,,,,,,,,,12.7,3.6,8,16750.8306,0.80309549
9,1.2,10.5,16645.52 ,0.99 ,,,,,,,,,,,,,,12.7,3.8,8,14570.1458,0.82680615
9,3.6,8,10219.44 ,0.94 ,,,,,,,,,,,,,,12.7,3.8,8,16923.9658,0.814224288
9,1.6,8,9869.90 ,0.78 ,,,,,,,,,,,,,,12.7,4,8,14719.201,0.839437097
9,2.4,8,8658.04 ,0.85 ,,,,,,,,,,,,,,12.7,4.4,8,17443.3714,0.836926237
9,3.2,8,10888.73 ,0.81 ,,,,,,,,,,,,,,12.7,4.6,8,15166.3666,0.863905288
9,3.4,8,9189.21 ,0.88 ,,,,,,,,,,,,,,12.7,4.6,8,17616.5066,0.847090952
9,4.4,8,11652.85 ,0.85 ,,,,,,,,,,,,,,12.7,4.8,8,15315.4218,0.874782823
9,4.6,8,11780.21 ,0.87 ,,,,,,,,,,,,,,12.7,5.4,8,18309.0474,0.878807016
9,4.8,8,9932.84 ,0.94 ,,,,,,,,,,,,,,12.7,5.6,8,15911.6426,0.905181065
9,5,8,10039.08 ,0.96 ,,,,,,,,,,,,,,12.7,5.6,8,18482.1826,0.888019234
9,2.2,12,18751.85 ,0.98 ,,,,,,,,,,,,,,12.7,5.8,8,16060.6978,0.915210128
9,2,9,10616.72 ,0.91 ,,,,,,,,,,,,,,12.7,6.2,8,19001.5882,0.909488373
9,3.6,9,11621.85 ,0.87 ,,,,,,,,,,,,,,12.7,6.4,8,19174.7234,0.921509132
9,1,9,9085.39 ,0.97 ,,,,,,,,,,,,,,12.7,6.6,8,16656.9186,0.952703506
9,1.4,9,11165.63 ,0.89 ,,,,,,,,,,,,,,12.7,6.6,8,19347.8586,0.933330871
9,1.8,9,11439.63 ,0.89 ,,,,,,,,,,,,,,12.7,6.8,8,16805.9738,0.964890845
9,2,9,9656.80 ,0.96 ,,,,,,,,,,,,,,12.7,7.6,8,17402.1946,0.998917818
9,2.4,9,11850.64 ,0.92 ,,,,,,,,,,,,,,13.6,1.82,7,11786.6904,0.734154612
9,2.6,9,9999.64 ,0.98 ,,,,,,,,,,,,,,13.6,3.02,7,14731.2344,0.581281781
9,3.2,9,12398.64 ,0.97 ,,,,,,,,,,,,,,13.6,4.82,7,13864.2504,0.630292162
9,2,10,12036.82 ,0.87 ,,,,,,,,,,,,,,13.6,4.82,7,16186.5704,0.562842175
9,3.2,10,12843.76 ,0.84 ,,,,,,,,,,,,,,13.6,7.22,7,18127.0184,0.584639937
9,5,10,14054.16 ,0.89 ,,,,,,,,,,,,,,13.6,7.42,7,15664.8024,0.661494732
9,5.2,10,14188.65 ,0.91 ,,,,,,,,,,,,,,13.6,7.42,7,18288.7224,0.595565796
10,5.2,2,6149.16 ,0.92 ,,,,,,,,,,,,,,13.6,7.62,7,15803.3064,0.673854887
10,5.2,2,6986.92 ,0.81 ,,,,,,,,,,,,,,13.6,1.22,7,14228.2584,0.672021478
10,5.4,2,6239.59 ,0.95 ,,,,,,,,,,,,,,13.6,1.62,7,14574.8664,0.639088258
10,5,3,10112.60 ,0.98 ,,,,,,,,,,,,,,13.6,2.22,7,13074.0584,0.635818362
10,2.6,2,5312.38 ,0.83 ,,,,,,,,,,,,,,13.6,2.22,7,15094.7784,0.618158795
10,2.6,2,5989.98 ,0.76 ,,,,,,,,,,,,,,13.6,2.62,7,15441.3864,0.605954871
10,4.8,2,7187.98 ,0.66 ,,,,,,,,,,,,,,13.6,2.82,7,13524.3704,0.626440763
10,5,2,6471.45 ,0.77 ,,,,,,,,,,,,,,13.6,3.42,7,16134.6024,0.618956335
10,5,2,7296.89 ,0.68 ,,,,,,,,,,,,,,13.6,3.62,7,14124.7864,0.639585197
10,2.6,3,9053.57 ,0.98 ,,,,,,,,,,,,,,13.6,4.02,7,16654.5144,0.631851293
10,4.6,3,10562.50 ,0.84 ,,,,,,,,,,,,,,13.6,4.22,7,14575.0984,0.653508648
10,4.8,3,9725.07 ,0.94 ,,,,,,,,,,,,,,13.6,4.22,7,16827.8184,0.641250268
10,4.8,3,10713.39 ,0.86 ,,,,,,,,,,,,,,13.6,4.42,7,14725.2024,0.664508268
10,4.2,2,7249.33 ,0.59 ,,,,,,,,,,,,,,13.6,5.02,7,17521.0344,0.664086081
10,4.4,2,6575.92 ,0.66 ,,,,,,,,,,,,,,13.6,5.22,7,15325.6184,0.686266273
10,4.4,2,7364.40 ,0.61 ,,,,,,,,,,,,,,13.6,5.22,7,17694.3384,0.672867157
10,2.6,3,8844.77 ,0.94 ,,,,,,,,,,,,,,13.6,5.42,7,15475.7224,0.695874259
10,2.6,3,9679.97 ,0.88 ,,,,,,,,,,,,,,13.6,6.22,7,18560.8584,0.699521713
10,4.2,3,10024.07 ,0.86 ,,,,,,,,,,,,,,13.6,6.42,7,16226.2424,0.724504888
10,4.2,3,10970.63 ,0.79 ,,,,,,,,,,,,,,13.6,6.42,7,18734.1624,0.708872333
10,2.4,2,5881.08 ,0.66 ,,,,,,,,,,,,,,13.6,6.62,7,16376.3464,0.734689772
10,2.4,2,6546.36 ,0.62 ,,,,,,,,,,,,,,13.6,7.42,7,19600.6824,0.741080165
10,3.6,2,7273.73 ,0.57 ,,,,,,,,,,,,,,13.6,7.62,7,17126.8664,0.765714541
10,3.8,2,6643.44 ,0.63 ,,,,,,,,,,,,,,13.6,7.62,7,19773.9864,0.749615535
10,3.8,2,7394.96 ,0.58 ,,,,,,,,,,,,,,13.6,7.82,7,17276.9704,0.774636164
10,5.2,2,8243.56 ,0.56 ,,,,,,,,,,,,,,13.6,7.82,7,19947.2904,0.757962227
10,5.4,2,7514.71 ,0.62 ,,,,,,,,,,,,,,13.6,8.02,7,17427.0744,0.783526748
10,5.4,2,8364.79 ,0.57 ,,,,,,,,,,,,,,13.6,1.02,7,13114.1944,0.876678005
10,5.6,2,7623.62 ,0.63 ,,,,,,,,,,,,,,13.6,1.02,7,14995.7144,0.864535872
10,1.4,3,9275.73 ,0.98 ,,,,,,,,,,,,,,13.6,1.22,7,13275.8984,0.872571707
10,2.4,3,9313.32 ,0.90 ,,,,,,,,,,,,,,13.6,1.22,7,15180.6184,0.86519409
10,3.4,3,10993.46 ,0.78 ,,,,,,,,,,,,,,13.6,1.42,7,13437.6024,0.875000328
10,3.6,3,10260.43 ,0.85 ,,,,,,,,,,,,,,13.6,1.62,7,15550.4264,0.873736907
10,5,3,11365.40 ,0.82 ,,,,,,,,,,,,,,13.6,1.82,7,13761.0104,0.889964908
10,5,3,12367.64 ,0.77 ,,,,,,,,,,,,,,13.6,1.82,7,15735.3304,0.882348437
10,5.2,3,11523.25 ,0.84 ,,,,,,,,,,,,,,13.6,2.02,7,13922.7144,0.896835919
10,1.6,3,5619.50 ,0.90 ,,,,,,,,,,,,,,13.6,2.02,7,15920.2344,0.89071396
10,3.6,3,5736.43 ,0.82 ,,,,,,,,,,,,,,13.6,2.22,7,16105.1384,0.895737488
10,3.4,4.5,10023.50 ,0.88 ,,,,,,,,,,,,,,13.6,2.42,7,14246.1224,0.913292337
10,4.4,3,6569.68 ,0.62 ,,,,,,,,,,,,,,13.6,2.62,7,14407.8264,0.92215085
10,4.4,3,7530.16 ,0.56 ,,,,,,,,,,,,,,13.6,2.62,7,16474.9464,0.915527809
10,1.4,4.5,9374.37 ,0.92 ,,,,,,,,,,,,,,13.6,2.82,7,14569.5304,0.932116359
10,2.6,4.5,9187.34 ,0.83 ,,,,,,,,,,,,,,13.6,3.02,7,14731.2344,0.940435559
10,2.6,4.5,10288.94 ,0.76 ,,,,,,,,,,,,,,13.6,3.02,7,16844.7544,0.937894698
10,4.2,4.5,10276.21 ,0.78 ,,,,,,,,,,,,,,13.6,3.22,7,14892.9384,0.954315133
10,4.2,4.5,11508.37 ,0.69 ,,,,,,,,,,,,,,13.6,3.42,7,17214.5624,0.963479917
10,4.4,4.5,10412.32 ,0.80 ,,,,,,,,,,,,,,13.6,3.62,7,15216.3464,0.97787983
10,1.8,3,5721.68 ,0.58 ,,,,,,,,,,,,,,13.6,3.62,7,17399.4664,0.975982152
10,1.8,3,6501.20 ,0.55 ,,,,,,,,,,,,,,13.6,3.82,7,15378.0504,0.990771729
10,2.8,3,6232.54 ,0.55 ,,,,,,,,,,,,,,13.6,3.82,7,17584.3704,0.98659616
10,2.8,3,7081.66 ,0.51 ,,,,,,,,,,,,,,13.6,4.02,7,17769.2744,0.998053517
10,4,3,6845.58 ,0.55 ,,,,,,,,,,,,,,13.6,2.22,7.5,15525.888,0.695591211
10,4,3,7778.22 ,0.51 ,,,,,,,,,,,,,,13.6,2.22,7.5,17676.288,0.647138342
10,4.2,3,6947.75 ,0.56 ,,,,,,,,,,,,,,13.6,3.42,7.5,18859.968,0.596789107
10,5.8,3,7765.13 ,0.58 ,,,,,,,,,,,,,,13.6,5.02,7.5,17951.808,0.64337182
10,5.8,3,8823.05 ,0.54 ,,,,,,,,,,,,,,13.6,5.22,7.5,18125.088,0.658704787
10,6,3,7867.31 ,0.60 ,,,,,,,,,,,,,,13.6,7.22,7.5,19857.888,0.672761947
10,2.6,4.5,10013.54 ,0.72 ,,,,,,,,,,,,,,13.6,1.02,7.5,15991.008,0.747808993
10,3.6,4.5,11938.49 ,0.65 ,,,,,,,,,,,,,,13.6,1.42,7.5,16373.568,0.687333718
10,3.8,4.5,10903.64 ,0.71 ,,,,,,,,,,,,,,13.6,1.42,7.5,18427.968,0.66652073
10,5.2,4.5,13255.84 ,0.67 ,,,,,,,,,,,,,,13.6,1.82,7.5,18858.528,0.618206933
10,5.4,4.5,12090.43 ,0.75 ,,,,,,,,,,,,,,13.6,2.42,7.5,17329.968,0.609508172
10,5.4,4.5,13420.51 ,0.69 ,,,,,,,,,,,,,,13.6,2.42,7.5,19504.368,0.592762649
10,5.6,4.5,12238.78 ,0.76 ,,,,,,,,,,,,,,13.6,3.02,7.5,17903.808,0.605230421
10,1.2,3,6521.80 ,0.59 ,,,,,,,,,,,,,,13.6,3.82,7.5,18668.928,0.622078106
10,3,3,7629.27 ,0.51 ,,,,,,,,,,,,,,13.6,4.82,7.5,19625.328,0.650721282
10,3.2,3,6875.37 ,0.54 ,,,,,,,,,,,,,,13.6,1.02,7.5,17495.808,0.778889805
10,4,3,8244.54 ,0.52 ,,,,,,,,,,,,,,13.6,1.02,7.5,19502.208,0.767905965
10,4.2,3,7421.03 ,0.56 ,,,,,,,,,,,,,,13.6,1.22,7.5,17705.088,0.760610029
10,4.2,3,8367.59 ,0.54 ,,,,,,,,,,,,,,13.6,1.22,7.5,19735.488,0.746593215
10,4.4,3,7530.16 ,0.57 ,,,,,,,,,,,,,,13.6,1.42,7.5,19968.768,0.740768671
10,5.4,3,9105.91 ,0.56 ,,,,,,,,,,,,,,13.6,1.82,7.5,18332.928,0.752855666
10,5.6,3,8184.96 ,0.60 ,,,,,,,,,,,,,,13.6,2.22,7.5,18751.488,0.757713944
10,5.6,3,9228.96 ,0.57 ,,,,,,,,,,,,,,13.6,2.42,7.5,18960.768,0.766880877
10,5.8,3,8294.09 ,0.61 ,,,,,,,,,,,,,,13.6,2.82,7.5,19379.328,0.774168722
10,1.6,4.5,10036.80 ,0.77 ,,,,,,,,,,,,,,13.6,3.22,7.5,19797.888,0.793715753
10,2.2,4.5,10518.57 ,0.73 ,,,,,,,,,,,,,,13.6,2.42,8,13784.0136,0.639591187
10,2.8,4.5,11000.33 ,0.71 ,,,,,,,,,,,,,,13.6,2.42,8,16092.8936,0.595435321
10,2.8,4.5,12118.25 ,0.68 ,,,,,,,,,,,,,,13.6,3.42,8,16957.1736,0.562186629
10,3.6,4.5,12825.89 ,0.69 ,,,,,,,,,,,,,,13.6,3.62,8,14672.3496,0.624096632
10,3.8,4.5,11803.28 ,0.74 ,,,,,,,,,,,,,,13.6,4.82,8,18167.1656,0.568062827
10,4.8,4.5,12606.22 ,0.76 ,,,,,,,,,,,,,,13.6,5.02,8,15708.7416,0.626903534
10,4.8,4.5,13887.34 ,0.72 ,,,,,,,,,,,,,,13.6,5.02,8,18340.0216,0.579382718
10,5,4.5,12766.81 ,0.77 ,,,,,,,,,,,,,,13.6,5.22,8,15856.7976,0.639883459
10,6,4.5,14948.79 ,0.76 ,,,,,,,,,,,,,,13.6,6.82,8,19895.7256,0.601754606
10,1,3,6036.83 ,0.64 ,,,,,,,,,,,,,,13.6,7.02,8,17189.3016,0.660040528
10,1.4,3,6269.01 ,0.60 ,,,,,,,,,,,,,,13.6,7.22,8,17337.3576,0.671643138
10,1.8,3,6501.20 ,0.58 ,,,,,,,,,,,,,,13.6,1.02,8,13815.2616,0.851460606
10,1.8,3,7280.72 ,0.56 ,,,,,,,,,,,,,,13.6,1.22,8,13975.7176,0.82273376
10,2.8,3,7930.78 ,0.57 ,,,,,,,,,,,,,,13.6,1.42,8,14136.1736,0.798304468
10,3,3,7197.75 ,0.60 ,,,,,,,,,,,,,,13.6,1.62,8,16506.3096,0.774546534
10,3.6,3,7546.03 ,0.61 ,,,,,,,,,,,,,,13.6,1.82,8,14457.0856,0.795086823
10,3.6,3,8450.83 ,0.59 ,,,,,,,,,,,,,,13.6,2.02,8,16876.8216,0.77079197
10,3.8,3,7662.12 ,0.62 ,,,,,,,,,,,,,,13.6,2.22,8,14777.9976,0.793756969
10,4.4,3,8970.88 ,0.62 ,,,,,,,,,,,,,,13.6,2.62,8,15098.9096,0.799402617
10,4.6,3,8126.50 ,0.64 ,,,,,,,,,,,,,,13.6,2.62,8,17432.5896,0.788902573
10,4.6,3,9100.90 ,0.63 ,,,,,,,,,,,,,,13.6,2.82,8,15259.3656,0.806949623
10,4.8,3,8242.59 ,0.66 ,,,,,,,,,,,,,,13.6,3.02,8,17803.1016,0.795824476
10,5.4,3,9620.95 ,0.65 ,,,,,,,,,,,,,,13.6,3.22,8,15580.2776,0.814340793
10,5.6,3,8706.96 ,0.68 ,,,,,,,,,,,,,,13.6,3.62,8,18358.8696,0.818801314
10,5.6,3,9750.96 ,0.66 ,,,,,,,,,,,,,,13.6,3.82,8,16061.6456,0.837936081
10,5.8,3,8823.05 ,0.69 ,,,,,,,,,,,,,,13.6,4.22,8,18914.6376,0.845257014
10,1.2,4.5,10456.14 ,0.84 ,,,,,,,,,,,,,,13.6,4.42,8,16543.0136,0.865889534
10,1.6,4.5,10801.80 ,0.79 ,,,,,,,,,,,,,,13.6,4.42,8,19099.8936,0.854677752
10,2,4.5,11147.46 ,0.77 ,,,,,,,,,,,,,,13.6,4.62,8,16703.4696,0.876937255
10,2,4.5,12200.10 ,0.75 ,,,,,,,,,,,,,,13.6,4.82,8,19470.4056,0.868862689
10,2.4,4.5,12578.40 ,0.75 ,,,,,,,,,,,,,,13.6,5.02,8,19655.6616,0.87866243
10,2.6,4.5,11665.94 ,0.79 ,,,,,,,,,,,,,,13.6,5.22,8,17184.8376,0.90064647
10,3,4.5,13145.84 ,0.77 ,,,,,,,,,,,,,,13.6,5.22,8,19840.9176,0.888237067
10,3.2,4.5,12184.43 ,0.81 ,,,,,,,,,,,,,,13.6,5.42,8,17345.2936,0.910311528
10,3.2,4.5,13334.99 ,0.79 ,,,,,,,,,,,,,,13.6,6.02,8,17826.6616,0.930205092
10,3.8,4.5,13902.44 ,0.80 ,,,,,,,,,,,,,,13.6,6.22,8,17987.1176,0.939487897
10,4,4.5,12875.75 ,0.84 ,,,,,,,,,,,,,,13.6,6.82,8,18468.4856,0.966188796
10,4,4.5,14091.59 ,0.81 ,,,,,,,,,,,,,,13.6,7.02,8,18628.9416,0.977453291
10,4.2,4.5,13048.57 ,0.85 ,,,,,,,,,,,,,,13.6,7.22,8,18789.3976,0.988674618
10,4.8,4.5,14848.18 ,0.84 ,,,,,,,,,,,,,,14.5,1.29,8,14330.04144,0.7169936
10,5,4.5,13739.89 ,0.89 ,,,,,,,,,,,,,,14.5,1.89,8,17175.01104,0.603059068
10,5.8,4.5,15793.92 ,0.90 ,,,,,,,,,,,,,,14.5,2.69,8,17916.11184,0.556372225
10,6,4.5,14604.03 ,0.94 ,,,,,,,,,,,,,,14.5,3.89,8,16406.85904,0.584247112
10,6,4.5,15983.07 ,0.91 ,,,,,,,,,,,,,,14.5,3.89,8,19027.76304,0.546508104
10,1.2,3,6521.80 ,0.67 ,,,,,,,,,,,,,,14.5,5.29,8,17525.14544,0.596142828
10,1.4,3,7396.53 ,0.64 ,,,,,,,,,,,,,,14.5,7.09,8,18962.94224,0.624600679
10,1.8,3,7670.48 ,0.63 ,,,,,,,,,,,,,,14.5,7.29,8,19122.69744,0.634953499
10,2,3,7014.01 ,0.66 ,,,,,,,,,,,,,,14.5,1.09,8,15302.09824,0.85273613
10,2.2,3,7944.42 ,0.64 ,,,,,,,,,,,,,,14.5,1.29,8,15474.61344,0.827945732
10,2.4,3,7260.12 ,0.67 ,,,,,,,,,,,,,,14.5,1.49,8,15647.12864,0.81168481
10,2.8,3,8355.34 ,0.67 ,,,,,,,,,,,,,,14.5,1.69,8,18159.82784,0.792944692
10,3,3,7629.27 ,0.69 ,,,,,,,,,,,,,,14.5,2.09,8,16164.67424,0.802955464
10,3.4,3,8766.26 ,0.69 ,,,,,,,,,,,,,,14.5,2.09,8,18555.89824,0.792083785
10,3.6,3,7998.43 ,0.71 ,,,,,,,,,,,,,,14.5,2.49,8,16509.70464,0.81077332
10,4,3,9177.18 ,0.71 ,,,,,,,,,,,,,,14.5,2.49,8,18951.96864,0.801208489
10,4.2,3,8367.59 ,0.74 ,,,,,,,,,,,,,,14.5,2.69,8,16682.21984,0.819611005
10,4.2,3,9314.15 ,0.72 ,,,,,,,,,,,,,,14.5,2.89,8,19348.03904,0.811172783
10,4.4,3,8490.64 ,0.75 ,,,,,,,,,,,,,,14.5,3.09,8,17027.25024,0.825546481
10,4.8,3,9725.07 ,0.75 ,,,,,,,,,,,,,,14.5,3.29,8,19744.10944,0.823082909
10,5,3,8859.80 ,0.78 ,,,,,,,,,,,,,,14.5,3.49,8,17372.28064,0.835615158
10,5,3,9862.04 ,0.76 ,,,,,,,,,,,,,,14.5,3.49,8,19942.14464,0.830977842
10,5.2,3,8982.85 ,0.79 ,,,,,,,,,,,,,,14.5,3.69,8,17544.79584,0.844676629
10,5.6,3,10272.96 ,0.78 ,,,,,,,,,,,,,,14.5,4.09,8,17889.82624,0.862221345
10,5.8,3,9352.01 ,0.81 ,,,,,,,,,,,,,,14.5,4.29,8,18062.34144,0.873674698
10,5.8,3,10409.93 ,0.79 ,,,,,,,,,,,,,,14.5,4.69,8,18407.37184,0.890679054
10,6,3,9475.07 ,0.82 ,,,,,,,,,,,,,,14.5,4.89,8,18579.88704,0.900872141
10,1,4.5,11011.59 ,0.95 ,,,,,,,,,,,,,,14.5,5.49,8,19097.43264,0.925268292
10,1.2,4.5,11196.66 ,0.91 ,,,,,,,,,,,,,,14.5,5.69,8,19269.94784,0.934304044
10,1.2,4.5,12184.02 ,0.91 ,,,,,,,,,,,,,,14.5,6.29,8,19787.49344,0.956687771
10,1.4,4.5,12385.41 ,0.88 ,,,,,,,,,,,,,,14.5,6.49,8,19960.00864,0.965232618
10,1.6,4.5,11566.80 ,0.90 ,,,,,,,,,,,,,,14.5,1.49,9,19491.33384,0.718529105
10,2,4.5,11936.94 ,0.91 ,,,,,,,,,,,,,,14.5,1.89,9,19236.27024,0.647959843
10,2.2,4.5,13190.97 ,0.90 ,,,,,,,,,,,,,,14.5,2.49,9,19826.94384,0.613974914
10,2.4,4.5,12307.08 ,0.94 ,,,,,,,,,,,,,,14.5,2.69,9,17265.73104,0.646247193
10,2.4,4.5,13392.36 ,0.92 ,,,,,,,,,,,,,,14.5,3.49,9,17944.81584,0.638693005
10,2.8,4.5,12677.21 ,0.96 ,,,,,,,,,,,,,,14.5,4.29,9,18623.90064,0.641630456
10,2.8,4.5,13795.13 ,0.94 ,,,,,,,,,,,,,,14.5,4.49,9,18793.67184,0.651396513
10,3,4.5,12862.28 ,0.97 ,,,,,,,,,,,,,,14.5,5.49,9,19642.52784,0.667197168
10,3.2,4.5,14197.91 ,0.96 ,,,,,,,,,,,,,,14.5,5.69,9,19812.29904,0.677100033
10,3.4,4.5,13232.42 ,0.99 ,,,,,,,,,,,,,,14.8,1.11,8,16955.0388,0.685919523
10,3.4,4.5,14399.30 ,0.97 ,,,,,,,,,,,,,,14.8,2.51,8,18280.3908,0.559474051
10,3.8,4.5,14802.08 ,0.99 ,,,,,,,,,,,,,,14.8,3.51,8,19227.0708,0.535098925
10,1.2,4,6157.09 ,0.86 ,,,,,,,,,,,,,,14.8,3.71,8,16774.7188,0.582006931
10,2.6,4,5891.39 ,0.78 ,,,,,,,,,,,,,,14.8,4.91,8,17756.1748,0.584264114
10,2.6,4,6900.19 ,0.69 ,,,,,,,,,,,,,,14.8,6.51,8,19064.7828,0.604300112
10,4.8,4,8067.92 ,0.64 ,,,,,,,,,,,,,,14.8,6.71,8,19228.3588,0.614227906
10,5,4,6979.03 ,0.76 ,,,,,,,,,,,,,,14.8,1.11,8,15801.6348,0.848577209
10,2.6,6,9603.36 ,0.99 ,,,,,,,,,,,,,,14.8,1.31,8,15978.0908,0.826079659
10,4.6,6,12475.01 ,0.79 ,,,,,,,,,,,,,,14.8,1.51,8,18512.8748,0.803803265
10,4.8,6,11011.85 ,0.93 ,,,,,,,,,,,,,,14.8,1.71,8,18715.0908,0.796686575
10,2.4,4,6297.40 ,0.60 ,,,,,,,,,,,,,,14.8,1.91,8,16507.4588,0.812746242
10,2.4,4,7290.68 ,0.55 ,,,,,,,,,,,,,,14.8,2.11,8,19119.5228,0.797882393
10,3.6,4,6887.78 ,0.59 ,,,,,,,,,,,,,,14.8,2.31,8,16860.3708,0.813091904
10,3.6,4,7974.18 ,0.54 ,,,,,,,,,,,,,,14.8,2.51,8,19523.9548,0.807682715
10,3.8,4,6986.17 ,0.61 ,,,,,,,,,,,,,,14.8,2.71,8,17213.2828,0.823524624
10,5.2,4,8885.51 ,0.55 ,,,,,,,,,,,,,,14.8,2.91,8,19928.3868,0.818310145
10,5.4,4,7773.35 ,0.62 ,,,,,,,,,,,,,,14.8,3.11,8,17566.1948,0.831225291
10,5.4,4,8999.43 ,0.57 ,,,,,,,,,,,,,,14.8,3.31,8,17742.6508,0.838666387
10,5.6,4,7871.74 ,0.64 ,,,,,,,,,,,,,,14.8,3.71,8,18095.5628,0.850047998
10,1.4,6,9803.85 ,0.85 ,,,,,,,,,,,,,,14.8,4.11,8,18448.4748,0.868021615
10,1.4,6,11095.53 ,0.79 ,,,,,,,,,,,,,,14.8,4.31,8,18624.9308,0.879321501
10,2.2,6,10372.19 ,0.76 ,,,,,,,,,,,,,,14.8,4.71,8,18977.8428,0.896749474
10,2.2,6,11738.75 ,0.70 ,,,,,,,,,,,,,,14.8,4.91,8,19154.2988,0.906875208
10,3.4,6,11224.70 ,0.75 ,,,,,,,,,,,,,,14.8,5.51,8,19683.6668,0.931730792
10,3.4,6,12703.58 ,0.68 ,,,,,,,,,,,,,,14.8,5.71,8,19860.1228,0.940711744
10,5,6,13990.02 ,0.70 ,,,,,,,,,,,,,,14.8,1.31,9,16600.4748,0.741215095
10,5.2,6,12503.46 ,0.78 ,,,,,,,,,,,,,,14.8,1.71,9,19616.9148,0.665796295
10,5.2,6,14150.82 ,0.71 ,,,,,,,,,,,,,,14.8,3.11,9,18164.0988,0.628516108
10,5.4,6,12645.55 ,0.79 ,,,,,,,,,,,,,,14.8,3.91,9,18859.0428,0.63231729
10,1.2,4,6157.09 ,0.61 ,,,,,,,,,,,,,,14.8,4.11,9,19032.7788,0.64281477
10,1.2,4,7057.25 ,0.59 ,,,,,,,,,,,,,,14.8,5.11,9,19901.4588,0.657068774
10,1.6,4,7300.61 ,0.55 ,,,,,,,,,,,,,,15.1,1.33,7,13576.5504,0.719388098
10,2.2,4,7665.64 ,0.53 ,,,,,,,,,,,,,,15.1,2.13,7,16410.8544,0.567915708
10,3,4,7112.51 ,0.57 ,,,,,,,,,,,,,,15.1,3.33,7,15147.9104,0.562213302
10,3,4,8152.35 ,0.54 ,,,,,,,,,,,,,,15.1,3.33,7,17500.0704,0.5212657
10,4,4,7643.29 ,0.59 ,,,,,,,,,,,,,,15.1,4.93,7,16404.9984,0.556314409
10,4,4,8760.73 ,0.56 ,,,,,,,,,,,,,,15.1,4.93,7,18952.3584,0.508612216
10,4.2,4,7749.45 ,0.60 ,,,,,,,,,,,,,,15.1,6.93,7,17976.3584,0.572669357
10,5.2,4,9490.79 ,0.60 ,,,,,,,,,,,,,,15.1,7.13,7,18133.4944,0.583642036
10,5.4,4,8386.39 ,0.63 ,,,,,,,,,,,,,,15.1,1.33,7,14630.6304,0.691070452
10,5.4,4,9612.47 ,0.61 ,,,,,,,,,,,,,,15.1,1.53,7,16932.5264,0.650825739
10,5.6,4,8492.54 ,0.65 ,,,,,,,,,,,,,,15.1,1.93,7,17319.9984,0.633114383
10,1.6,6,10928.74 ,0.76 ,,,,,,,,,,,,,,15.1,2.13,7,15307.9744,0.646457806
10,2.2,6,11397.11 ,0.72 ,,,,,,,,,,,,,,15.1,2.53,7,15646.6464,0.63643609
10,2.8,6,11865.48 ,0.72 ,,,,,,,,,,,,,,15.1,2.53,7,17901.2064,0.626345009
10,2.8,6,13288.20 ,0.69 ,,,,,,,,,,,,,,15.1,3.13,7,16154.6544,0.635070167
10,3.6,6,12489.98 ,0.74 ,,,,,,,,,,,,,,15.1,3.13,7,18482.4144,0.625259697
10,3.6,6,13987.58 ,0.70 ,,,,,,,,,,,,,,15.1,3.53,7,18869.8864,0.628151342
10,3.8,6,12646.11 ,0.76 ,,,,,,,,,,,,,,15.1,3.73,7,16662.6624,0.64162109
10,4.8,6,13426.73 ,0.79 ,,,,,,,,,,,,,,15.1,3.73,7,19063.6224,0.635445222
10,4.8,6,15036.65 ,0.75 ,,,,,,,,,,,,,,15.1,4.13,7,19451.0944,0.642267644
10,5,6,13582.86 ,0.80 ,,,,,,,,,,,,,,15.1,4.33,7,17170.6704,0.656395137
10,1.2,4,7507.33 ,0.61 ,,,,,,,,,,,,,,15.1,4.33,7,19644.8304,0.650932893
10,1.6,4,7766.21 ,0.60 ,,,,,,,,,,,,,,15.1,4.53,7,17340.0064,0.66625949
10,2.2,4,7176.76 ,0.62 ,,,,,,,,,,,,,,15.1,5.13,7,17848.0144,0.683307163
10,2.6,4,8413.39 ,0.61 ,,,,,,,,,,,,,,15.1,5.33,7,18017.3504,0.691914678
10,2.8,4,7518.51 ,0.64 ,,,,,,,,,,,,,,15.1,6.13,7,18694.6944,0.714032255
10,3.2,4,8801.70 ,0.64 ,,,,,,,,,,,,,,15.1,6.33,7,18864.0304,0.721530065
10,3.4,4,7860.26 ,0.67 ,,,,,,,,,,,,,,15.1,7.13,7,19541.3744,0.744433656
10,3.4,4,8931.14 ,0.65 ,,,,,,,,,,,,,,15.1,7.33,7,19710.7104,0.753232561
10,4,4,9319.45 ,0.67 ,,,,,,,,,,,,,,15.1,7.53,7,19880.0464,0.762797743
10,4.2,4,8315.93 ,0.70 ,,,,,,,,,,,,,,15.1,1.13,7,15503.1744,0.917894382
10,4.2,4,9448.89 ,0.68 ,,,,,,,,,,,,,,15.1,1.13,7,17586.9344,0.913134564
10,4.4,4,8429.84 ,0.71 ,,,,,,,,,,,,,,15.1,1.33,7,15684.7104,0.919393722
10,4.8,4,9837.20 ,0.70 ,,,,,,,,,,,,,,15.1,1.33,7,17792.8704,0.916428506
10,5,4,8771.59 ,0.73 ,,,,,,,,,,,,,,15.1,1.53,7,15866.2464,0.923127092
10,5,4,9966.63 ,0.71 ,,,,,,,,,,,,,,15.1,1.53,7,17998.8064,0.91996026
10,5.2,4,8885.51 ,0.74 ,,,,,,,,,,,,,,15.1,1.73,7,16047.7824,0.927362971
10,5.4,4,8999.43 ,0.75 ,,,,,,,,,,,,,,15.1,1.93,7,18410.6784,0.934813336
10,5.8,4,10484.38 ,0.74 ,,,,,,,,,,,,,,15.1,2.13,7,16410.8544,0.947700012
10,6,4,10613.82 ,0.75 ,,,,,,,,,,,,,,15.1,2.13,7,18616.6144,0.944816269
10,1,6,12655.28 ,0.82 ,,,,,,,,,,,,,,15.1,2.33,7,16592.3904,0.953940276
10,1.4,6,13033.05 ,0.79 ,,,,,,,,,,,,,,15.1,2.33,7,18822.5504,0.952641126
10,1.8,6,12081.70 ,0.80 ,,,,,,,,,,,,,,15.1,2.53,7,16773.9264,0.961909503
10,1.8,6,13410.82 ,0.78 ,,,,,,,,,,,,,,15.1,2.53,7,19028.4864,0.959117342
10,2.2,6,13788.59 ,0.78 ,,,,,,,,,,,,,,15.1,2.73,7,16955.4624,0.97134725
10,2.4,6,12592.20 ,0.82 ,,,,,,,,,,,,,,15.1,2.73,7,19234.4224,0.967253082
10,2.8,6,14355.24 ,0.81 ,,,,,,,,,,,,,,15.1,2.93,7,17136.9984,0.979944624
10,3,6,13102.69 ,0.84 ,,,,,,,,,,,,,,15.1,2.93,7,19440.3584,0.97700819
10,3.4,6,14921.90 ,0.83 ,,,,,,,,,,,,,,15.1,3.13,7,17318.5344,0.990073271
10,3.6,6,13613.18 ,0.86 ,,,,,,,,,,,,,,15.1,3.13,7,19646.2944,0.986281376
10,3.6,6,15110.78 ,0.84 ,,,,,,,,,,,,,,15.1,3.33,7,19852.2304,0.999936208
10,3.8,6,13783.35 ,0.88 ,,,,,,,,,,,,,,15.1,2.73,7.5,19188.4392,0.928386688
10,4.4,6,15866.32 ,0.88 ,,,,,,,,,,,,,,15.1,5.73,7.5,19395.0792,0.883351326
10,4.6,6,14464.01 ,0.93 ,,,,,,,,,,,,,,15.1,1.53,7.5,19687.0212,0.638549775
10,4.6,6,16055.21 ,0.90 ,,,,,,,,,,,,,,15.1,3.53,7.5,19359.4212,0.577494144
10,4.8,6,14634.17 ,0.94 ,,,,,,,,,,,,,,15.1,1.53,7.5,19120.6512,0.649860188
10,5.2,6,16621.86 ,0.93 ,,,,,,,,,,,,,,15.1,1.93,7.5,19546.0272,0.616156235
10,5.4,6,15144.67 ,0.97 ,,,,,,,,,,,,,,15.6,1.17,7,14215.608,0.706057549
10,5.4,6,16810.75 ,0.95 ,,,,,,,,,,,,,,15.6,1.17,7,16369.488,0.675620347
10,5.6,6,15314.83 ,0.99 ,,,,,,,,,,,,,,15.6,1.97,7,14870.328,0.610259742
10,1.2,4,7057.25 ,0.72 ,,,,,,,,,,,,,,15.6,1.97,7,17123.408,0.579225242
10,1.4,4,7178.93 ,0.72 ,,,,,,,,,,,,,,15.6,2.97,7,15688.728,0.550554097
10,1.4,4,8094.61 ,0.71 ,,,,,,,,,,,,,,15.6,2.97,7,18065.808,0.517958552
10,1.6,4,8231.81 ,0.70 ,,,,,,,,,,,,,,15.6,4.37,7,19385.168,0.494415343
10,1.8,4,7422.28 ,0.72 ,,,,,,,,,,,,,,15.6,4.57,7,16998.168,0.548529938
10,2,4,8506.20 ,0.72 ,,,,,,,,,,,,,,15.6,5.97,7,18143.928,0.536134422
10,2.2,4,7665.64 ,0.74 ,,,,,,,,,,,,,,15.6,6.17,7,18307.608,0.546972811
10,2.2,4,8643.40 ,0.73 ,,,,,,,,,,,,,,15.6,1.17,7,15292.548,0.717896409
10,2.6,4,8917.79 ,0.75 ,,,,,,,,,,,,,,15.6,1.37,7,15468.628,0.686531983
10,2.8,4,8030.67 ,0.77 ,,,,,,,,,,,,,,15.6,1.37,7,17647.308,0.673595615
10,3.2,4,8274.02 ,0.78 ,,,,,,,,,,,,,,15.6,1.57,7,17848.188,0.649306834
10,3.2,4,9329.38 ,0.78 ,,,,,,,,,,,,,,15.6,1.77,7,15820.788,0.660594508
10,3.4,4,8395.70 ,0.79 ,,,,,,,,,,,,,,15.6,1.97,7,18249.948,0.635710411
10,3.8,4,9740.97 ,0.80 ,,,,,,,,,,,,,,15.6,2.17,7,16172.948,0.648661584
10,4,4,8760.73 ,0.82 ,,,,,,,,,,,,,,15.6,2.57,7,16525.108,0.639912307
10,4.2,4,8882.41 ,0.84 ,,,,,,,,,,,,,,15.6,2.57,7,18852.588,0.632636309
10,4.4,4,10152.56 ,0.83 ,,,,,,,,,,,,,,15.6,3.17,7,17053.348,0.639332555
10,4.6,4,9125.76 ,0.86 ,,,,,,,,,,,,,,15.6,3.17,7,19455.228,0.630802304
10,4.6,4,10289.76 ,0.85 ,,,,,,,,,,,,,,15.6,3.57,7,19856.988,0.634108022
10,4.8,4,9247.44 ,0.88 ,,,,,,,,,,,,,,15.6,3.77,7,17581.588,0.647735827
10,5,4,10564.15 ,0.87 ,,,,,,,,,,,,,,15.6,4.37,7,18109.828,0.660903335
10,5.2,4,9490.79 ,0.90 ,,,,,,,,,,,,,,15.6,4.57,7,18285.908,0.670392595
10,5.2,4,10701.35 ,0.89 ,,,,,,,,,,,,,,15.6,4.97,7,18638.068,0.679793797
10,5.4,4,9612.47 ,0.91 ,,,,,,,,,,,,,,15.6,5.17,7,18814.148,0.688315392
10,5.6,4,9734.14 ,0.93 ,,,,,,,,,,,,,,15.6,5.97,7,19518.468,0.712195553
10,5.8,4,11112.94 ,0.92 ,,,,,,,,,,,,,,15.6,6.17,7,19694.548,0.719715558
10,6,4,9977.50 ,0.95 ,,,,,,,,,,,,,,15.6,1.17,7,16369.488,0.937407643
10,6,4,11250.14 ,0.94 ,,,,,,,,,,,,,,15.6,1.17,7,18523.368,0.932186954
10,1,6,12341.72 ,0.97 ,,,,,,,,,,,,,,15.6,1.37,7,16557.968,0.935930766
10,1.2,6,12525.93 ,0.95 ,,,,,,,,,,,,,,15.6,1.37,7,18736.648,0.932087157
10,1.4,6,12710.13 ,0.94 ,,,,,,,,,,,,,,15.6,1.57,7,16746.448,0.938877165
10,1.4,6,14001.81 ,0.93 ,,,,,,,,,,,,,,15.6,1.57,7,18949.928,0.935285978
10,1.6,6,14204.74 ,0.94 ,,,,,,,,,,,,,,15.6,1.77,7,16934.928,0.942638952
10,1.8,6,13078.54 ,0.96 ,,,,,,,,,,,,,,15.6,1.77,7,19163.208,0.939410277
10,2,6,14610.59 ,0.97 ,,,,,,,,,,,,,,15.6,1.97,7,17123.408,0.953506682
10,2.2,6,13446.95 ,0.99 ,,,,,,,,,,,,,,15.6,1.97,7,19376.488,0.951256182
10,1,4,7377.90 ,0.85 ,,,,,,,,,,,,,,15.6,2.17,7,17311.888,0.96364503
10,1.2,4,7507.33 ,0.85 ,,,,,,,,,,,,,,15.6,2.17,7,19589.768,0.961518545
10,1.4,4,7636.77 ,0.86 ,,,,,,,,,,,,,,15.6,2.37,7,17500.368,0.970112734
10,1.6,4,7766.21 ,0.87 ,,,,,,,,,,,,,,15.6,2.37,7,19803.048,0.968352292
10,1.6,4,8697.41 ,0.86 ,,,,,,,,,,,,,,15.6,2.57,7,17688.848,0.975579929
10,1.8,4,8842.36 ,0.88 ,,,,,,,,,,,,,,15.6,2.77,7,17877.328,0.986293942
10,2,4,8025.08 ,0.90 ,,,,,,,,,,,,,,15.6,2.97,7,18065.808,0.994035356
10,2.2,4,8154.52 ,0.91 ,,,,,,,,,,,,,,15.6,5.17,7.5,19875.456,0.84242183
10,2.2,4,9132.28 ,0.91 ,,,,,,,,,,,,,,15.6,2.17,7.5,18960.576,0.602253348
10,2.4,4,8283.96 ,0.93 ,,,,,,,,,,,,,,15.6,1.37,7.5,19891.456,0.668348253
10,2.6,4,9422.19 ,0.95 ,,,,,,,,,,,,,,17.6,2.92,7,19201.7232,0.515056908
10,2.8,4,8542.83 ,0.96 ,,,,,,,,,,,,,,17.6,1.92,7,19509.2832,0.672831021
10,2.8,4,9567.15 ,0.96 ,,,,,,,,,,,,,,17.6,2.32,7,19917.4272,0.668368645
10,3,4,8672.27 ,0.98 ,,,,,,,,,,,,,,17.6,2.92,7,19201.7232,0.515056908
10,3,4,9712.11 ,0.98 ,,,,,,,,,,,,,,17.6,1.92,7,19509.2832,0.672831021
10,3.2,4,8801.70 ,0.99 ,,,,,,,,,,,,,,17.6,2.32,7,19917.4272,0.668368645
10,3.2,4,9857.06 ,0.99 ,,,,,,,,,,,,,,,,,,
10,1.6,5,5942.35 ,0.98 ,,,,,,,,,,,,,,,,,,
10,1.6,5,7055.15 ,0.87 ,,,,,,,,,,,,,,,,,,
10,3.4,5,8032.02 ,0.74 ,,,,,,,,,,,,,,,,,,
10,3.4,7.5,12952.58 ,0.92 ,,,,,,,,,,,,,,,,,,
10,1.4,5,6398.77 ,0.67 ,,,,,,,,,,,,,,,,,,
10,1.4,5,7494.45 ,0.62 ,,,,,,,,,,,,,,,,,,
10,2.4,5,6898.68 ,0.65 ,,,,,,,,,,,,,,,,,,
10,3.4,5,8665.46 ,0.57 ,,,,,,,,,,,,,,,,,,
10,3.6,5,7498.56 ,0.65 ,,,,,,,,,,,,,,,,,,
10,5.2,5,9719.37 ,0.62 ,,,,,,,,,,,,,,,,,,
10,5.4,5,8398.39 ,0.69 ,,,,,,,,,,,,,,,,,,
10,5.6,5,8498.37 ,0.70 ,,,,,,,,,,,,,,,,,,
10,1.4,7.5,11051.25 ,0.88 ,,,,,,,,,,,,,,,,,,
10,2.2,7.5,11629.09 ,0.80 ,,,,,,,,,,,,,,,,,,
10,2.2,7.5,13329.25 ,0.73 ,,,,,,,,,,,,,,,,,,
10,3.2,7.5,14157.16 ,0.71 ,,,,,,,,,,,,,,,,,,
10,3.4,7.5,12495.86 ,0.80 ,,,,,,,,,,,,,,,,,,
10,4.8,7.5,15481.80 ,0.74 ,,,,,,,,,,,,,,,,,,
10,5,7.5,13651.55 ,0.84 ,,,,,,,,,,,,,,,,,,
10,5,7.5,15647.39 ,0.75 ,,,,,,,,,,,,,,,,,,
10,5.2,7.5,13796.01 ,0.86 ,,,,,,,,,,,,,,,,,,
10,1.2,5,7916.63 ,0.62 ,,,,,,,,,,,,,,,,,,
10,1.8,5,7163.69 ,0.63 ,,,,,,,,,,,,,,,,,,
10,2.2,5,8544.93 ,0.59 ,,,,,,,,,,,,,,,,,,
10,2.8,5,8921.92 ,0.61 ,,,,,,,,,,,,,,,,,,
10,3,5,7814.94 ,0.64 ,,,,,,,,,,,,,,,,,,
10,3.6,5,9424.56 ,0.63 ,,,,,,,,,,,,,,,,,,
10,3.8,5,8249.10 ,0.67 ,,,,,,,,,,,,,,,,,,
10,3.8,5,9550.22 ,0.64 ,,,,,,,,,,,,,,,,,,
10,4,5,8357.64 ,0.68 ,,,,,,,,,,,,,,,,,,
10,4.8,5,10178.52 ,0.67 ,,,,,,,,,,,,,,,,,,
10,5,5,8900.35 ,0.71 ,,,,,,,,,,,,,,,,,,
10,5,5,10304.19 ,0.68 ,,,,,,,,,,,,,,,,,,
10,5.2,5,9008.89 ,0.73 ,,,,,,,,,,,,,,,,,,
10,1.6,7.5,12423.31 ,0.80 ,,,,,,,,,,,,,,,,,,
10,2,7.5,14422.95 ,0.75 ,,,,,,,,,,,,,,,,,,
10,2.6,7.5,14967.22 ,0.76 ,,,,,,,,,,,,,,,,,,
10,2.8,7.5,13385.12 ,0.82 ,,,,,,,,,,,,,,,,,,
10,3.4,7.5,15692.90 ,0.80 ,,,,,,,,,,,,,,,,,,
10,3.6,7.5,14026.32 ,0.85 ,,,,,,,,,,,,,,,,,,
10,4.2,7.5,16418.58 ,0.82 ,,,,,,,,,,,,,,,,,,
10,4.4,7.5,14667.52 ,0.88 ,,,,,,,,,,,,,,,,,,
10,4.4,7.5,16600.00 ,0.84 ,,,,,,,,,,,,,,,,,,
10,4.6,7.5,14827.82 ,0.89 ,,,,,,,,,,,,,,,,,,
10,5.4,7.5,17507.11 ,0.89 ,,,,,,,,,,,,,,,,,,
10,5.6,7.5,15629.33 ,0.94 ,,,,,,,,,,,,,,,,,,
10,5.6,7.5,17688.53 ,0.90 ,,,,,,,,,,,,,,,,,,
10,5.8,7.5,15789.63 ,0.95 ,,,,,,,,,,,,,,,,,,
10,1,5,7260.25 ,0.72 ,,,,,,,,,,,,,,,,,,
10,1,5,8321.69 ,0.71 ,,,,,,,,,,,,,,,,,,
10,1.2,5,8455.91 ,0.70 ,,,,,,,,,,,,,,,,,,
10,1.4,5,7494.45 ,0.73 ,,,,,,,,,,,,,,,,,,
10,1.6,5,8724.35 ,0.71 ,,,,,,,,,,,,,,,,,,
10,1.8,5,7728.65 ,0.73 ,,,,,,,,,,,,,,,,,,
10,2,5,8992.79 ,0.72 ,,,,,,,,,,,,,,,,,,
10,2.2,5,7962.85 ,0.74 ,,,,,,,,,,,,,,,,,,
10,2.2,5,9127.01 ,0.73 ,,,,,,,,,,,,,,,,,,
10,2.6,5,9395.46 ,0.75 ,,,,,,,,,,,,,,,,,,
10,2.8,5,8314.16 ,0.78 ,,,,,,,,,,,,,,,,,,
10,3.2,5,9798.12 ,0.78 ,,,,,,,,,,,,,,,,,,
10,3.4,5,8665.46 ,0.81 ,,,,,,,,,,,,,,,,,,
10,3.8,5,10200.78 ,0.81 ,,,,,,,,,,,,,,,,,,
10,4,5,9016.76 ,0.84 ,,,,,,,,,,,,,,,,,,
10,4,5,10335.00 ,0.82 ,,,,,,,,,,,,,,,,,,
10,4.2,5,9133.86 ,0.85 ,,,,,,,,,,,,,,,,,,
10,4.4,5,10603.44 ,0.84 ,,,,,,,,,,,,,,,,,,
10,4.6,5,10737.66 ,0.85 ,,,,,,,,,,,,,,,,,,
10,4.8,5,9485.16 ,0.88 ,,,,,,,,,,,,,,,,,,
10,5,5,9602.27 ,0.90 ,,,,,,,,,,,,,,,,,,
10,5.2,5,11140.33 ,0.88 ,,,,,,,,,,,,,,,,,,
10,5.4,5,11274.55 ,0.90 ,,,,,,,,,,,,,,,,,,
10,5.6,5,9953.57 ,0.93 ,,,,,,,,,,,,,,,,,,
10,5.6,5,11408.77 ,0.91 ,,,,,,,,,,,,,,,,,,
10,5.8,5,10070.67 ,0.94 ,,,,,,,,,,,,,,,,,,
10,1.2,7.5,13298.63 ,0.95 ,,,,,,,,,,,,,,,,,,
10,1.4,7.5,13474.77 ,0.94 ,,,,,,,,,,,,,,,,,,
10,1.4,7.5,15090.45 ,0.92 ,,,,,,,,,,,,,,,,,,
10,1.8,7.5,13827.05 ,0.95 ,,,,,,,,,,,,,,,,,,
10,1.8,7.5,15484.97 ,0.93 ,,,,,,,,,,,,,,,,,,
10,2.2,7.5,14179.33 ,0.97 ,,,,,,,,,,,,,,,,,,
10,2.2,7.5,15879.49 ,0.95 ,,,,,,,,,,,,,,,,,,
10,2.6,7.5,16274.02 ,0.97 ,,,,,,,,,,,,,,,,,,
10,1,5,8852.41 ,0.89 ,,,,,,,,,,,,,,,,,,
10,1.2,5,7916.63 ,0.90 ,,,,,,,,,,,,,,,,,,
10,1.2,5,8995.19 ,0.89 ,,,,,,,,,,,,,,,,,,
10,1.4,5,9137.97 ,0.90 ,,,,,,,,,,,,,,,,,,
10,1.6,5,8167.95 ,0.91 ,,,,,,,,,,,,,,,,,,
10,1.8,5,8293.61 ,0.92 ,,,,,,,,,,,,,,,,,,
10,1.8,5,9423.53 ,0.92 ,,,,,,,,,,,,,,,,,,
10,2,5,8419.27 ,0.94 ,,,,,,,,,,,,,,,,,,
10,2.2,5,8544.93 ,0.95 ,,,,,,,,,,,,,,,,,,
10,2.2,5,9709.09 ,0.95 ,,,,,,,,,,,,,,,,,,
10,2.4,5,8670.60 ,0.97 ,,,,,,,,,,,,,,,,,,
10,2.6,5,9994.66 ,0.98 ,,,,,,,,,,,,,,,,,,
10,2.8,5,10137.44 ,1.00 ,,,,,,,,,,,,,,,,,,
10,1.4,6,8189.25 ,0.73 ,,,,,,,,,,,,,,,,,,
10,2.6,6,7497.36 ,0.75 ,,,,,,,,,,,,,,,,,,
10,4.2,6,8297.08 ,0.75 ,,,,,,,,,,,,,,,,,,
10,4.2,6,9850.84 ,0.66 ,,,,,,,,,,,,,,,,,,
10,2.4,9,14841.36 ,0.82 ,,,,,,,,,,,,,,,,,,
10,4,9,16175.41 ,0.81 ,,,,,,,,,,,,,,,,,,
10,4.2,9,14037.21 ,0.96 ,,,,,,,,,,,,,,,,,,
10,6,9,17842.98 ,0.84 ,,,,,,,,,,,,,,,,,,
10,1.6,6,7652.74 ,0.67 ,,,,,,,,,,,,,,,,,,
10,2.2,6,7980.71 ,0.67 ,,,,,,,,,,,,,,,,,,
10,2.8,6,9731.40 ,0.65 ,,,,,,,,,,,,,,,,,,
10,3,6,8418.01 ,0.70 ,,,,,,,,,,,,,,,,,,
10,3.6,6,10243.58 ,0.67 ,,,,,,,,,,,,,,,,,,
10,3.8,6,8855.31 ,0.72 ,,,,,,,,,,,,,,,,,,
10,3.8,6,10371.63 ,0.68 ,,,,,,,,,,,,,,,,,,
10,4,6,8964.63 ,0.73 ,,,,,,,,,,,,,,,,,,
10,5,6,11139.90 ,0.73 ,,,,,,,,,,,,,,,,,,
10,5.2,6,9620.58 ,0.78 ,,,,,,,,,,,,,,,,,,
10,5.2,6,11267.94 ,0.74 ,,,,,,,,,,,,,,,,,,
10,5.4,6,9729.91 ,0.79 ,,,,,,,,,,,,,,,,,,
10,1,9,15120.54 ,0.87 ,,,,,,,,,,,,,,,,,,
10,1.4,9,15489.33 ,0.81 ,,,,,,,,,,,,,,,,,,
10,2,9,16042.52 ,0.79 ,,,,,,,,,,,,,,,,,,
10,2.6,9,16595.71 ,0.80 ,,,,,,,,,,,,,,,,,,
10,2.8,9,14639.79 ,0.87 ,,,,,,,,,,,,,,,,,,
10,3.4,9,17333.30 ,0.84 ,,,,,,,,,,,,,,,,,,
10,3.6,9,15283.30 ,0.90 ,,,,,,,,,,,,,,,,,,
10,4.4,9,18255.28 ,0.88 ,,,,,,,,,,,,,,,,,,
10,4.6,9,16087.68 ,0.95 ,,,,,,,,,,,,,,,,,,
10,5.6,9,19361.66 ,0.94 ,,,,,,,,,,,,,,,,,,
10,5.8,9,19546.06 ,0.96 ,,,,,,,,,,,,,,,,,,
10,1,6,7951.88 ,0.80 ,,,,,,,,,,,,,,,,,,
10,1.2,6,9343.53 ,0.77 ,,,,,,,,,,,,,,,,,,
10,1.6,6,8307.94 ,0.80 ,,,,,,,,,,,,,,,,,,
10,1.6,6,9618.34 ,0.79 ,,,,,,,,,,,,,,,,,,
10,2,6,9893.15 ,0.80 ,,,,,,,,,,,,,,,,,,
10,2.2,6,8663.99 ,0.83 ,,,,,,,,,,,,,,,,,,
10,2.4,6,10167.96 ,0.82 ,,,,,,,,,,,,,,,,,,
10,2.6,6,8901.36 ,0.85 ,,,,,,,,,,,,,,,,,,
10,2.6,6,10305.36 ,0.83 ,,,,,,,,,,,,,,,,,,
10,3,6,10580.17 ,0.85 ,,,,,,,,,,,,,,,,,,
10,3.2,6,9257.41 ,0.89 ,,,,,,,,,,,,,,,,,,
10,3.6,6,10992.38 ,0.88 ,,,,,,,,,,,,,,,,,,
10,3.8,6,9613.47 ,0.92 ,,,,,,,,,,,,,,,,,,
10,3.8,6,11129.79 ,0.90 ,,,,,,,,,,,,,,,,,,
10,4,6,9732.15 ,0.94 ,,,,,,,,,,,,,,,,,,
10,4.2,6,11404.60 ,0.92 ,,,,,,,,,,,,,,,,,,
10,4.4,6,11542.00 ,0.93 ,,,,,,,,,,,,,,,,,,
10,4.6,6,10088.21 ,0.97 ,,,,,,,,,,,,,,,,,,
10,4.8,6,10206.89 ,0.98 ,,,,,,,,,,,,,,,,,,
10,5,6,11954.22 ,0.97 ,,,,,,,,,,,,,,,,,,
10,5.2,6,12091.62 ,0.98 ,,,,,,,,,,,,,,,,,,
10,1,9,16567.02 ,0.99 ,,,,,,,,,,,,,,,,,,
10,1.2,9,16769.05 ,0.99 ,,,,,,,,,,,,,,,,,,
10,4.8,7,10798.86 ,0.88 ,,,,,,,,,,,,,,,,,,
10,1.6,7,9662.16 ,0.67 ,,,,,,,,,,,,,,,,,,
10,2.6,7,8680.70 ,0.73 ,,,,,,,,,,,,,,,,,,
10,3.6,7,10950.45 ,0.68 ,,,,,,,,,,,,,,,,,,
10,3.8,7,9331.76 ,0.75 ,,,,,,,,,,,,,,,,,,
10,5,7,11852.25 ,0.72 ,,,,,,,,,,,,,,,,,,
10,5.2,7,10091.32 ,0.79 ,,,,,,,,,,,,,,,,,,
10,5.2,7,11981.08 ,0.73 ,,,,,,,,,,,,,,,,,,
10,5.4,7,10199.83 ,0.80 ,,,,,,,,,,,,,,,,,,
10,1,10.5,16447.67 ,0.94 ,,,,,,,,,,,,,,,,,,
10,1.6,10.5,14601.38 ,0.93 ,,,,,,,,,,,,,,,,,,
10,2.4,10.5,15232.80 ,0.91 ,,,,,,,,,,,,,,,,,,
10,2.4,10.5,17734.08 ,0.83 ,,,,,,,,,,,,,,,,,,
10,3.4,10.5,18652.94 ,0.84 ,,,,,,,,,,,,,,,,,,
10,3.6,10.5,16179.91 ,0.95 ,,,,,,,,,,,,,,,,,,
10,4.6,10.5,19755.58 ,0.87 ,,,,,,,,,,,,,,,,,,
10,4.8,10.5,17127.03 ,0.97 ,,,,,,,,,,,,,,,,,,
10,4.8,10.5,19939.35 ,0.89 ,,,,,,,,,,,,,,,,,,
10,5,10.5,17284.88 ,1.00 ,,,,,,,,,,,,,,,,,,
10,1,7,10007.19 ,0.79 ,,,,,,,,,,,,,,,,,,
10,1.4,7,10285.17 ,0.79 ,,,,,,,,,,,,,,,,,,
10,1.8,7,10563.15 ,0.79 ,,,,,,,,,,,,,,,,,,
10,2,7,9137.50 ,0.83 ,,,,,,,,,,,,,,,,,,
10,2.4,7,9374.84 ,0.85 ,,,,,,,,,,,,,,,,,,
10,2.8,7,11258.09 ,0.85 ,,,,,,,,,,,,,,,,,,
10,3,7,9730.84 ,0.88 ,,,,,,,,,,,,,,,,,,
10,3.4,7,11675.06 ,0.88 ,,,,,,,,,,,,,,,,,,
10,3.6,7,10086.85 ,0.92 ,,,,,,,,,,,,,,,,,,
10,3.6,7,11814.05 ,0.89 ,,,,,,,,,,,,,,,,,,
10,3.8,7,10205.52 ,0.93 ,,,,,,,,,,,,,,,,,,
10,4.2,7,12231.01 ,0.92 ,,,,,,,,,,,,,,,,,,
10,4.4,7,12370.00 ,0.93 ,,,,,,,,,,,,,,,,,,
10,4.6,7,10680.19 ,0.97 ,,,,,,,,,,,,,,,,,,
10,4.8,7,10798.86 ,0.98 ,,,,,,,,,,,,,,,,,,
10,5.2,7,12925.96 ,0.97 ,,,,,,,,,,,,,,,,,,
10,5.4,7,13064.95 ,0.99 ,,,,,,,,,,,,,,,,,,
10,1.2,10.5,18390.76 ,0.99 ,,,,,,,,,,,,,,,,,,
10,4.6,8,10078.82 ,0.95 ,,,,,,,,,,,,,,,,,,
10,4.6,8,12161.22 ,0.80 ,,,,,,,,,,,,,,,,,,
10,4.8,8,10184.91 ,0.97 ,,,,,,,,,,,,,,,,,,
10,1,8,10700.91 ,0.81 ,,,,,,,,,,,,,,,,,,
10,2,8,11395.77 ,0.75 ,,,,,,,,,,,,,,,,,,
10,2.6,8,11812.69 ,0.76 ,,,,,,,,,,,,,,,,,,
10,2.8,8,10066.54 ,0.81 ,,,,,,,,,,,,,,,,,,
10,3.6,8,12507.55 ,0.80 ,,,,,,,,,,,,,,,,,,
10,3.8,8,10651.80 ,0.86 ,,,,,,,,,,,,,,,,,,
10,4.6,8,13202.42 ,0.84 ,,,,,,,,,,,,,,,,,,
10,4.8,8,11237.07 ,0.89 ,,,,,,,,,,,,,,,,,,
10,4.8,8,13341.39 ,0.85 ,,,,,,,,,,,,,,,,,,
10,5,8,11354.12 ,0.90 ,,,,,,,,,,,,,,,,,,
10,6,8,14175.23 ,0.91 ,,,,,,,,,,,,,,,,,,
10,1.4,12,19878.09 ,0.95 ,,,,,,,,,,,,,,,,,,
10,1.4,9,9562.29 ,0.95 ,,,,,,,,,,,,,,,,,,
10,2.4,9,12224.76 ,0.77 ,,,,,,,,,,,,,,,,,,
10,4,9,13323.61 ,0.77 ,,,,,,,,,,,,,,,,,,
10,4.2,9,11156.01 ,0.91 ,,,,,,,,,,,,,,,,,,
10,6,9,14697.18 ,0.80 ,,,,,,,,,,,,,,,,,,
10,1,9,12227.58 ,0.90 ,,,,,,,,,,,,,,,,,,
10,1.4,9,12525.81 ,0.90 ,,,,,,,,,,,,,,,,,,
10,1.8,9,12824.04 ,0.90 ,,,,,,,,,,,,,,,,,,
10,2,9,10926.92 ,0.95 ,,,,,,,,,,,,,,,,,,
10,2.4,9,11178.12 ,0.95 ,,,,,,,,,,,,,,,,,,
10,2.8,9,13569.63 ,0.95 ,,,,,,,,,,,,,,,,,,
10,3,9,11554.91 ,0.99 ,,,,,,,,,,,,,,,,,,
10,3.6,9,14166.10 ,1.00 ,,,,,,,,,,,,,,,,,,
10,1.4,10,10820.69 ,0.93 ,,,,,,,,,,,,,,,,,,
10,2.2,10,11307.01 ,0.87 ,,,,,,,,,,,,,,,,,,
10,2.2,10,13643.17 ,0.79 ,,,,,,,,,,,,,,,,,,
10,3.2,10,14376.68 ,0.78 ,,,,,,,,,,,,,,,,,,
10,3.4,10,12036.50 ,0.88 ,,,,,,,,,,,,,,,,,,
10,4.6,10,15403.58 ,0.81 ,,,,,,,,,,,,,,,,,,
10,4.8,10,12887.56 ,0.90 ,,,,,,,,,,,,,,,,,,
10,5,10,13009.15 ,0.92 ,,,,,,,,,,,,,,,,,,
11,3.2,2,6477.08 ,0.98 ,,,,,,,,,,,,,,,,,,
11,3.6,2,6281.20 ,0.80 ,,,,,,,,,,,,,,,,,,
11,3.4,3,10190.14 ,0.88 ,,,,,,,,,,,,,,,,,,
11,6.6,3,12641.90 ,0.79 ,,,,,,,,,,,,,,,,,,
11,2,2,5834.73 ,0.80 ,,,,,,,,,,,,,,,,,,
11,3.4,2,6584.14 ,0.66 ,,,,,,,,,,,,,,,,,,
11,3.4,2,7391.02 ,0.61 ,,,,,,,,,,,,,,,,,,
11,5.6,2,7761.79 ,0.62 ,,,,,,,,,,,,,,,,,,
11,5.6,2,8712.99 ,0.55 ,,,,,,,,,,,,,,,,,,
11,5.8,2,7868.85 ,0.63 ,,,,,,,,,,,,,,,,,,
11,5.8,2,8833.17 ,0.57 ,,,,,,,,,,,,,,,,,,
11,3.4,3,9945.42 ,0.84 ,,,,,,,,,,,,,,,,,,
11,3.4,3,10924.30 ,0.79 ,,,,,,,,,,,,,,,,,,
11,5.4,3,11440.97 ,0.78 ,,,,,,,,,,,,,,,,,,
11,5.4,3,12567.05 ,0.72 ,,,,,,,,,,,,,,,,,,
11,5.6,3,11590.53 ,0.80 ,,,,,,,,,,,,,,,,,,
11,3,2,6760.34 ,0.59 ,,,,,,,,,,,,,,,,,,
11,3,2,7540.98 ,0.55 ,,,,,,,,,,,,,,,,,,
11,4.4,2,7555.68 ,0.55 ,,,,,,,,,,,,,,,,,,
11,4.4,2,8428.16 ,0.51 ,,,,,,,,,,,,,,,,,,
11,4.6,2,7669.30 ,0.56 ,,,,,,,,,,,,,,,,,,
11,4.6,2,8554.90 ,0.52 ,,,,,,,,,,,,,,,,,,
11,6.4,2,9695.55 ,0.50 ,,,,,,,,,,,,,,,,,,
11,6.6,2,8805.49 ,0.56 ,,,,,,,,,,,,,,,,,,
11,6.6,2,9822.29 ,0.51 ,,,,,,,,,,,,,,,,,,
11,1.8,3,9394.82 ,0.89 ,,,,,,,,,,,,,,,,,,
11,1.8,3,10255.94 ,0.85 ,,,,,,,,,,,,,,,,,,
11,3,3,10358.39 ,0.80 ,,,,,,,,,,,,,,,,,,
11,3,3,11307.83 ,0.75 ,,,,,,,,,,,,,,,,,,
11,4.4,3,11482.56 ,0.74 ,,,,,,,,,,,,,,,,,,
11,4.4,3,12535.04 ,0.70 ,,,,,,,,,,,,,,,,,,
11,6.2,3,14112.87 ,0.68 ,,,,,,,,,,,,,,,,,,
11,6.4,3,13088.51 ,0.74 ,,,,,,,,,,,,,,,,,,
11,6.4,3,14288.19 ,0.69 ,,,,,,,,,,,,,,,,,,
11,2.4,2,7531.40 ,0.53 ,,,,,,,,,,,,,,,,,,
11,3.6,2,7511.20 ,0.54 ,,,,,,,,,,,,,,,,,,
11,3.6,2,8331.20 ,0.51 ,,,,,,,,,,,,,,,,,,
11,4.8,2,9131.00 ,0.50 ,,,,,,,,,,,,,,,,,,
11,5,2,8352.45 ,0.55 ,,,,,,,,,,,,,,,,,,
11,5,2,9264.29 ,0.51 ,,,,,,,,,,,,,,,,,,
11,6.6,2,10330.69 ,0.52 ,,,,,,,,,,,,,,,,,,
11,1.6,3,9869.02 ,0.86 ,,,,,,,,,,,,,,,,,,
11,1.6,3,10715.42 ,0.82 ,,,,,,,,,,,,,,,,,,
11,2.4,3,10555.56 ,0.78 ,,,,,,,,,,,,,,,,,,
11,2.4,3,11460.84 ,0.74 ,,,,,,,,,,,,,,,,,,
11,3.4,3,11413.74 ,0.74 ,,,,,,,,,,,,,,,,,,
11,3.4,3,12392.62 ,0.71 ,,,,,,,,,,,,,,,,,,
11,4.6,3,12443.55 ,0.73 ,,,,,,,,,,,,,,,,,,
11,4.6,3,13510.75 ,0.69 ,,,,,,,,,,,,,,,,,,
11,4.8,3,12615.19 ,0.74 ,,,,,,,,,,,,,,,,,,
11,6.2,3,15001.59 ,0.70 ,,,,,,,,,,,,,,,,,,
11,6.4,3,13988.27 ,0.75 ,,,,,,,,,,,,,,,,,,
11,6.4,3,15187.95 ,0.72 ,,,,,,,,,,,,,,,,,,
11,6.6,3,14159.90 ,0.77 ,,,,,,,,,,,,,,,,,,
11,3.2,3,6903.39 ,0.90 ,,,,,,,,,,,,,,,,,,
11,2.6,3,6127.20 ,0.73 ,,,,,,,,,,,,,,,,,,
11,2.6,3,7047.20 ,0.67 ,,,,,,,,,,,,,,,,,,
11,4.6,3,8174.75 ,0.57 ,,,,,,,,,,,,,,,,,,
11,4.8,3,7205.59 ,0.66 ,,,,,,,,,,,,,,,,,,
11,4.8,3,8287.51 ,0.59 ,,,,,,,,,,,,,,,,,,
11,2.6,4.5,9479.34 ,0.91 ,,,,,,,,,,,,,,,,,,
11,4.6,4.5,10833.54 ,0.81 ,,,,,,,,,,,,,,,,,,
11,4.6,4.5,12203.14 ,0.72 ,,,,,,,,,,,,,,,,,,
11,3,3,6797.99 ,0.55 ,,,,,,,,,,,,,,,,,,
11,3,3,7747.43 ,0.51 ,,,,,,,,,,,,,,,,,,
11,4.6,3,7641.15 ,0.54 ,,,,,,,,,,,,,,,,,,
11,4.6,3,8708.35 ,0.49 ,,,,,,,,,,,,,,,,,,
11,6.6,3,9909.50 ,0.50 ,,,,,,,,,,,,,,,,,,
11,1.8,4.5,9785.11 ,0.76 ,,,,,,,,,,,,,,,,,,
11,1.8,4.5,10915.03 ,0.73 ,,,,,,,,,,,,,,,,,,
11,3,4.5,10674.66 ,0.70 ,,,,,,,,,,,,,,,,,,
11,3,4.5,11907.30 ,0.65 ,,,,,,,,,,,,,,,,,,
11,4.4,4.5,11712.48 ,0.67 ,,,,,,,,,,,,,,,,,,
11,4.4,4.5,13064.96 ,0.61 ,,,,,,,,,,,,,,,,,,
11,4.6,4.5,11860.74 ,0.69 ,,,,,,,,,,,,,,,,,,
11,6.4,4.5,13195.07 ,0.69 ,,,,,,,,,,,,,,,,,,
11,6.4,4.5,14718.75 ,0.63 ,,,,,,,,,,,,,,,,,,
11,6.6,4.5,13343.33 ,0.70 ,,,,,,,,,,,,,,,,,,
11,1.8,3,6596.18 ,0.51 ,,,,,,,,,,,,,,,,,,
11,1.8,3,7457.30 ,0.49 ,,,,,,,,,,,,,,,,,,
11,2.6,3,7047.20 ,0.48 ,,,,,,,,,,,,,,,,,,
11,2.6,3,7967.20 ,0.46 ,,,,,,,,,,,,,,,,,,
11,3.6,3,7610.98 ,0.48 ,,,,,,,,,,,,,,,,,,
11,3.6,3,8604.58 ,0.45 ,,,,,,,,,,,,,,,,,,
11,3.8,3,7723.73 ,0.49 ,,,,,,,,,,,,,,,,,,
11,4.8,3,9369.43 ,0.47 ,,,,,,,,,,,,,,,,,,
11,5,3,8400.26 ,0.51 ,,,,,,,,,,,,,,,,,,
11,5,3,9496.90 ,0.48 ,,,,,,,,,,,,,,,,,,
11,5.2,3,8513.02 ,0.52 ,,,,,,,,,,,,,,,,,,
11,6.6,3,10516.70 ,0.51 ,,,,,,,,,,,,,,,,,,
11,1.2,4.5,10149.25 ,0.78 ,,,,,,,,,,,,,,,,,,
11,1.2,4.5,11227.81 ,0.75 ,,,,,,,,,,,,,,,,,,
11,1.8,4.5,10632.55 ,0.69 ,,,,,,,,,,,,,,,,,,
11,2.4,4.5,11115.84 ,0.63 ,,,,,,,,,,,,,,,,,,
11,2.4,4.5,12297.12 ,0.61 ,,,,,,,,,,,,,,,,,,
11,3.4,4.5,11921.34 ,0.64 ,,,,,,,,,,,,,,,,,,
11,3.4,4.5,13188.22 ,0.61 ,,,,,,,,,,,,,,,,,,
11,4.4,4.5,14079.32 ,0.61 ,,,,,,,,,,,,,,,,,,
11,4.6,4.5,12887.94 ,0.65 ,,,,,,,,,,,,,,,,,,
11,4.6,4.5,14257.54 ,0.62 ,,,,,,,,,,,,,,,,,,
11,6,4.5,15505.07 ,0.64 ,,,,,,,,,,,,,,,,,,
11,6.2,4.5,14176.73 ,0.69 ,,,,,,,,,,,,,,,,,,
11,6.2,4.5,15683.29 ,0.65 ,,,,,,,,,,,,,,,,,,
11,6.4,4.5,14337.83 ,0.71 ,,,,,,,,,,,,,,,,,,
11,1.2,3,6666.39 ,0.57 ,,,,,,,,,,,,,,,,,,
11,1.6,3,6906.62 ,0.53 ,,,,,,,,,,,,,,,,,,
11,2,3,7146.85 ,0.50 ,,,,,,,,,,,,,,,,,,
11,2,3,8022.69 ,0.48 ,,,,,,,,,,,,,,,,,,
11,2.6,3,7507.20 ,0.49 ,,,,,,,,,,,,,,,,,,
11,2.6,3,8427.20 ,0.48 ,,,,,,,,,,,,,,,,,,
11,3.2,3,8831.71 ,0.48 ,,,,,,,,,,,,,,,,,,
11,3.4,3,7987.66 ,0.51 ,,,,,,,,,,,,,,,,,,
11,3.4,3,8966.54 ,0.49 ,,,,,,,,,,,,,,,,,,
11,4.2,3,8468.12 ,0.53 ,,,,,,,,,,,,,,,,,,
11,4.2,3,9505.88 ,0.51 ,,,,,,,,,,,,,,,,,,
11,4.4,3,8588.24 ,0.54 ,,,,,,,,,,,,,,,,,,
11,5.2,3,10180.06 ,0.54 ,,,,,,,,,,,,,,,,,,
11,5.4,3,9188.81 ,0.56 ,,,,,,,,,,,,,,,,,,
11,5.4,3,10314.89 ,0.54 ,,,,,,,,,,,,,,,,,,
11,5.6,3,9308.93 ,0.57 ,,,,,,,,,,,,,,,,,,
11,6.6,3,11123.90 ,0.58 ,,,,,,,,,,,,,,,,,,
11,1,4.5,11845.67 ,0.78 ,,,,,,,,,,,,,,,,,,
11,1.4,4.5,11132.11 ,0.73 ,,,,,,,,,,,,,,,,,,
11,1.4,4.5,12227.79 ,0.71 ,,,,,,,,,,,,,,,,,,
11,1.8,4.5,12609.91 ,0.66 ,,,,,,,,,,,,,,,,,,
11,2.4,4.5,12001.80 ,0.67 ,,,,,,,,,,,,,,,,,,
11,2.4,4.5,13183.08 ,0.65 ,,,,,,,,,,,,,,,,,,
11,3,4.5,12523.62 ,0.67 ,,,,,,,,,,,,,,,,,,
11,3,4.5,13756.26 ,0.65 ,,,,,,,,,,,,,,,,,,
11,3.8,4.5,13219.38 ,0.69 ,,,,,,,,,,,,,,,,,,
11,3.8,4.5,14520.50 ,0.67 ,,,,,,,,,,,,,,,,,,
11,4.6,4.5,15284.74 ,0.69 ,,,,,,,,,,,,,,,,,,
11,4.8,4.5,14089.08 ,0.72 ,,,,,,,,,,,,,,,,,,
11,4.8,4.5,15475.80 ,0.70 ,,,,,,,,,,,,,,,,,,
11,5,4.5,14263.01 ,0.74 ,,,,,,,,,,,,,,,,,,
11,5.8,4.5,16431.09 ,0.73 ,,,,,,,,,,,,,,,,,,
11,6,4.5,15132.71 ,0.77 ,,,,,,,,,,,,,,,,,,
11,6,4.5,16622.15 ,0.74 ,,,,,,,,,,,,,,,,,,
11,6.2,4.5,15306.65 ,0.78 ,,,,,,,,,,,,,,,,,,
11,1,3,7749.64 ,0.58 ,,,,,,,,,,,,,,,,,,
11,1.4,3,7202.35 ,0.57 ,,,,,,,,,,,,,,,,,,
11,1.8,3,7457.30 ,0.56 ,,,,,,,,,,,,,,,,,,
11,1.8,3,8318.42 ,0.55 ,,,,,,,,,,,,,,,,,,
11,2.2,3,7712.25 ,0.56 ,,,,,,,,,,,,,,,,,,
11,2.2,3,8602.81 ,0.54 ,,,,,,,,,,,,,,,,,,
11,2.8,3,8094.68 ,0.58 ,,,,,,,,,,,,,,,,,,
11,2.8,3,9029.40 ,0.57 ,,,,,,,,,,,,,,,,,,
11,3.2,3,9313.79 ,0.57 ,,,,,,,,,,,,,,,,,,
11,3.4,3,8477.10 ,0.59 ,,,,,,,,,,,,,,,,,,
11,3.8,3,9740.37 ,0.59 ,,,,,,,,,,,,,,,,,,
11,4,3,8859.53 ,0.61 ,,,,,,,,,,,,,,,,,,
11,4,3,9882.57 ,0.60 ,,,,,,,,,,,,,,,,,,
11,4.2,3,8987.00 ,0.62 ,,,,,,,,,,,,,,,,,,
11,4.6,3,10309.15 ,0.62 ,,,,,,,,,,,,,,,,,,
11,4.8,3,9369.43 ,0.64 ,,,,,,,,,,,,,,,,,,
11,4.8,3,10451.35 ,0.63 ,,,,,,,,,,,,,,,,,,
11,5,3,9496.90 ,0.65 ,,,,,,,,,,,,,,,,,,
11,5.6,3,11020.13 ,0.65 ,,,,,,,,,,,,,,,,,,
11,5.8,3,10006.80 ,0.68 ,,,,,,,,,,,,,,,,,,
11,5.8,3,11162.32 ,0.66 ,,,,,,,,,,,,,,,,,,
11,6,3,10134.28 ,0.69 ,,,,,,,,,,,,,,,,,,
11,6.4,3,11588.91 ,0.68 ,,,,,,,,,,,,,,,,,,
11,6.6,3,11731.10 ,0.69 ,,,,,,,,,,,,,,,,,,
11,1.2,4.5,11767.09 ,0.80 ,,,,,,,,,,,,,,,,,,
11,1.4,4.5,13049.55 ,0.75 ,,,,,,,,,,,,,,,,,,
11,1.6,4.5,12140.65 ,0.77 ,,,,,,,,,,,,,,,,,,
11,1.8,4.5,13457.35 ,0.74 ,,,,,,,,,,,,,,,,,,
11,2,4.5,12514.21 ,0.75 ,,,,,,,,,,,,,,,,,,
11,2.2,4.5,13865.15 ,0.73 ,,,,,,,,,,,,,,,,,,
11,2.4,4.5,12887.76 ,0.76 ,,,,,,,,,,,,,,,,,,
11,2.8,4.5,14476.84 ,0.76 ,,,,,,,,,,,,,,,,,,
11,3,4.5,13448.10 ,0.79 ,,,,,,,,,,,,,,,,,,
11,3.4,4.5,13821.66 ,0.80 ,,,,,,,,,,,,,,,,,,
11,3.4,4.5,15088.54 ,0.78 ,,,,,,,,,,,,,,,,,,
11,3.6,4.5,14008.44 ,0.81 ,,,,,,,,,,,,,,,,,,
11,4,4.5,15700.24 ,0.80 ,,,,,,,,,,,,,,,,,,
11,4.2,4.5,14568.78 ,0.83 ,,,,,,,,,,,,,,,,,,
11,4.2,4.5,15904.14 ,0.81 ,,,,,,,,,,,,,,,,,,
11,4.4,4.5,14755.56 ,0.84 ,,,,,,,,,,,,,,,,,,
11,4.8,4.5,16515.84 ,0.84 ,,,,,,,,,,,,,,,,,,
11,5,4.5,15315.89 ,0.87 ,,,,,,,,,,,,,,,,,,
11,5,4.5,16719.73 ,0.85 ,,,,,,,,,,,,,,,,,,
11,5.2,4.5,15502.67 ,0.88 ,,,,,,,,,,,,,,,,,,
11,5.6,4.5,17331.43 ,0.88 ,,,,,,,,,,,,,,,,,,
11,5.8,4.5,17535.33 ,0.89 ,,,,,,,,,,,,,,,,,,
11,6,4.5,16249.79 ,0.93 ,,,,,,,,,,,,,,,,,,
11,6,4.5,17739.23 ,0.91 ,,,,,,,,,,,,,,,,,,
11,6.2,4.5,16436.57 ,0.94 ,,,,,,,,,,,,,,,,,,
11,6.6,4.5,18350.93 ,0.93 ,,,,,,,,,,,,,,,,,,
11,1,3,7348.52 ,0.66 ,,,,,,,,,,,,,,,,,,
11,1.2,3,7483.35 ,0.65 ,,,,,,,,,,,,,,,,,,
11,1.2,3,8300.31 ,0.64 ,,,,,,,,,,,,,,,,,,
11,1.4,3,8449.87 ,0.63 ,,,,,,,,,,,,,,,,,,
11,1.6,3,7753.02 ,0.64 ,,,,,,,,,,,,,,,,,,
11,1.8,3,7887.86 ,0.64 ,,,,,,,,,,,,,,,,,,
11,1.8,3,8748.98 ,0.63 ,,,,,,,,,,,,,,,,,,
11,2,3,8022.69 ,0.65 ,,,,,,,,,,,,,,,,,,
11,2.2,3,9048.09 ,0.64 ,,,,,,,,,,,,,,,,,,
11,2.4,3,8292.36 ,0.66 ,,,,,,,,,,,,,,,,,,
11,2.6,3,9347.20 ,0.66 ,,,,,,,,,,,,,,,,,,
11,2.8,3,8562.04 ,0.68 ,,,,,,,,,,,,,,,,,,
11,2.8,3,9496.76 ,0.67 ,,,,,,,,,,,,,,,,,,
11,3.2,3,8831.71 ,0.70 ,,,,,,,,,,,,,,,,,,
11,3.2,3,9795.87 ,0.69 ,,,,,,,,,,,,,,,,,,
11,3.4,3,8966.54 ,0.71 ,,,,,,,,,,,,,,,,,,
11,3.8,3,9236.21 ,0.72 ,,,,,,,,,,,,,,,,,,
11,3.8,3,10244.53 ,0.71 ,,,,,,,,,,,,,,,,,,
11,4,3,9371.05 ,0.73 ,,,,,,,,,,,,,,,,,,
11,4.2,3,10543.64 ,0.72 ,,,,,,,,,,,,,,,,,,
11,4.4,3,9640.72 ,0.74 ,,,,,,,,,,,,,,,,,,
11,4.4,3,10693.20 ,0.73 ,,,,,,,,,,,,,,,,,,
11,4.6,3,9775.55 ,0.75 ,,,,,,,,,,,,,,,,,,
11,4.8,3,9910.39 ,0.77 ,,,,,,,,,,,,,,,,,,
11,5,3,11141.86 ,0.76 ,,,,,,,,,,,,,,,,,,
11,5.2,3,10180.06 ,0.78 ,,,,,,,,,,,,,,,,,,
11,5.2,3,11291.42 ,0.77 ,,,,,,,,,,,,,,,,,,
11,5.4,3,10314.89 ,0.79 ,,,,,,,,,,,,,,,,,,
11,5.6,3,11590.53 ,0.78 ,,,,,,,,,,,,,,,,,,
11,5.8,3,11740.08 ,0.79 ,,,,,,,,,,,,,,,,,,
11,6,3,10719.40 ,0.82 ,,,,,,,,,,,,,,,,,,
11,6,3,11889.64 ,0.81 ,,,,,,,,,,,,,,,,,,
11,6.2,3,10854.23 ,0.83 ,,,,,,,,,,,,,,,,,,
11,6.4,3,12188.75 ,0.82 ,,,,,,,,,,,,,,,,,,
11,6.6,3,12338.30 ,0.83 ,,,,,,,,,,,,,,,,,,
11,1,4.5,13437.83 ,0.91 ,,,,,,,,,,,,,,,,,,
11,1.2,4.5,13654.57 ,0.89 ,,,,,,,,,,,,,,,,,,
11,1.4,4.5,13871.31 ,0.88 ,,,,,,,,,,,,,,,,,,
11,1.6,4.5,12975.25 ,0.89 ,,,,,,,,,,,,,,,,,,
11,1.8,4.5,13174.87 ,0.89 ,,,,,,,,,,,,,,,,,,
11,1.8,4.5,14304.79 ,0.88 ,,,,,,,,,,,,,,,,,,
11,2.2,4.5,13574.11 ,0.91 ,,,,,,,,,,,,,,,,,,
11,2.2,4.5,14738.27 ,0.90 ,,,,,,,,,,,,,,,,,,
11,2.6,4.5,13973.34 ,0.94 ,,,,,,,,,,,,,,,,,,
11,2.6,4.5,15171.74 ,0.93 ,,,,,,,,,,,,,,,,,,
11,2.8,4.5,14172.96 ,0.96 ,,,,,,,,,,,,,,,,,,
11,3,4.5,14372.58 ,0.97 ,,,,,,,,,,,,,,,,,,
11,3,4.5,15605.22 ,0.95 ,,,,,,,,,,,,,,,,,,
11,3.2,4.5,14572.20 ,0.98 ,,,,,,,,,,,,,,,,,,
11,3.4,4.5,16038.70 ,0.98 ,,,,,,,,,,,,,,,,,,
11,3.6,4.5,16255.44 ,0.99 ,,,,,,,,,,,,,,,,,,
11,3.2,4,7662.73 ,0.90 ,,,,,,,,,,,,,,,,,,
11,3.4,4,7187.98 ,0.64 ,,,,,,,,,,,,,,,,,,
11,3.4,4,8354.86 ,0.57 ,,,,,,,,,,,,,,,,,,
11,5.6,4,8293.82 ,0.64 ,,,,,,,,,,,,,,,,,,
11,5.6,4,9640.22 ,0.56 ,,,,,,,,,,,,,,,,,,
11,5.8,4,8394.36 ,0.65 ,,,,,,,,,,,,,,,,,,
11,3.4,6,11390.70 ,0.80 ,,,,,,,,,,,,,,,,,,
11,5.4,6,12788.33 ,0.77 ,,,,,,,,,,,,,,,,,,
11,5.4,6,14574.41 ,0.68 ,,,,,,,,,,,,,,,,,,
11,5.6,6,12928.10 ,0.79 ,,,,,,,,,,,,,,,,,,
11,1.6,4,6793.20 ,0.56 ,,,,,,,,,,,,,,,,,,
11,1.6,4,7813.20 ,0.53 ,,,,,,,,,,,,,,,,,,
11,2.4,4,7227.96 ,0.52 ,,,,,,,,,,,,,,,,,,
11,2.4,4,8313.24 ,0.49 ,,,,,,,,,,,,,,,,,,
11,3.4,4,8938.30 ,0.48 ,,,,,,,,,,,,,,,,,,
11,3.6,4,7880.11 ,0.53 ,,,,,,,,,,,,,,,,,,
11,4.8,4,8532.26 ,0.54 ,,,,,,,,,,,,,,,,,,
11,4.8,4,9813.38 ,0.50 ,,,,,,,,,,,,,,,,,,
11,5,4,8640.95 ,0.56 ,,,,,,,,,,,,,,,,,,
11,6.6,4,10938.48 ,0.54 ,,,,,,,,,,,,,,,,,,
11,1,6,10731.02 ,0.84 ,,,,,,,,,,,,,,,,,,
11,1,6,12087.66 ,0.80 ,,,,,,,,,,,,,,,,,,
11,1.6,6,11194.23 ,0.73 ,,,,,,,,,,,,,,,,,,
11,2.2,6,13131.20 ,0.62 ,,,,,,,,,,,,,,,,,,
11,3.2,6,14000.82 ,0.62 ,,,,,,,,,,,,,,,,,,
11,3.4,6,12583.86 ,0.67 ,,,,,,,,,,,,,,,,,,
11,4.4,6,15044.36 ,0.62 ,,,,,,,,,,,,,,,,,,
11,4.6,6,13510.28 ,0.68 ,,,,,,,,,,,,,,,,,,
11,4.6,6,15218.28 ,0.63 ,,,,,,,,,,,,,,,,,,
11,4.8,6,13664.68 ,0.70 ,,,,,,,,,,,,,,,,,,
11,6.2,6,16609.67 ,0.67 ,,,,,,,,,,,,,,,,,,
11,6.4,6,14899.91 ,0.72 ,,,,,,,,,,,,,,,,,,
11,6.4,6,16783.59 ,0.68 ,,,,,,,,,,,,,,,,,,
11,6.6,6,15054.31 ,0.74 ,,,,,,,,,,,,,,,,,,
11,2,4,7536.90 ,0.53 ,,,,,,,,,,,,,,,,,,
11,2,4,8589.54 ,0.52 ,,,,,,,,,,,,,,,,,,
11,2.6,4,7887.46 ,0.53 ,,,,,,,,,,,,,,,,,,
11,3.2,4,9388.57 ,0.53 ,,,,,,,,,,,,,,,,,,
11,3.4,4,8354.86 ,0.55 ,,,,,,,,,,,,,,,,,,
11,4,4,9921.25 ,0.55 ,,,,,,,,,,,,,,,,,,
11,4.2,4,8822.27 ,0.57 ,,,,,,,,,,,,,,,,,,
11,4.2,4,10054.43 ,0.55 ,,,,,,,,,,,,,,,,,,
11,4.4,4,8939.12 ,0.58 ,,,,,,,,,,,,,,,,,,
11,5.2,4,10720.28 ,0.58 ,,,,,,,,,,,,,,,,,,
11,5.4,4,9523.37 ,0.61 ,,,,,,,,,,,,,,,,,,
11,5.4,4,10853.45 ,0.59 ,,,,,,,,,,,,,,,,,,
11,5.6,4,9640.22 ,0.62 ,,,,,,,,,,,,,,,,,,
11,6.4,4,11519.31 ,0.61 ,,,,,,,,,,,,,,,,,,
11,6.6,4,10224.48 ,0.64 ,,,,,,,,,,,,,,,,,,
11,6.6,4,11652.48 ,0.62 ,,,,,,,,,,,,,,,,,,
11,1,6,11748.50 ,0.78 ,,,,,,,,,,,,,,,,,,
11,1.4,6,12086.59 ,0.72 ,,,,,,,,,,,,,,,,,,
11,1.8,6,13859.40 ,0.67 ,,,,,,,,,,,,,,,,,,
11,2.4,6,12931.80 ,0.67 ,,,,,,,,,,,,,,,,,,
11,2.4,6,14425.08 ,0.66 ,,,,,,,,,,,,,,,,,,
11,3,6,13438.93 ,0.69 ,,,,,,,,,,,,,,,,,,
11,3,6,14990.77 ,0.67 ,,,,,,,,,,,,,,,,,,
11,3.6,6,15556.46 ,0.68 ,,,,,,,,,,,,,,,,,,
11,3.8,6,14115.11 ,0.71 ,,,,,,,,,,,,,,,,,,
11,3.8,6,15745.03 ,0.69 ,,,,,,,,,,,,,,,,,,
11,4.6,6,16499.28 ,0.71 ,,,,,,,,,,,,,,,,,,
11,4.8,6,14960.32 ,0.75 ,,,,,,,,,,,,,,,,,,
11,4.8,6,16687.84 ,0.73 ,,,,,,,,,,,,,,,,,,
11,5,6,15129.37 ,0.76 ,,,,,,,,,,,,,,,,,,
11,5.8,6,17630.66 ,0.76 ,,,,,,,,,,,,,,,,,,
11,6,6,15974.58 ,0.80 ,,,,,,,,,,,,,,,,,,
11,6,6,17819.22 ,0.78 ,,,,,,,,,,,,,,,,,,
11,6.2,6,16143.63 ,0.81 ,,,,,,,,,,,,,,,,,,
11,1.2,4,7563.18 ,0.62 ,,,,,,,,,,,,,,,,,,
11,1.4,4,8691.87 ,0.60 ,,,,,,,,,,,,,,,,,,
11,1.6,4,7813.20 ,0.61 ,,,,,,,,,,,,,,,,,,
11,1.8,4,8974.53 ,0.59 ,,,,,,,,,,,,,,,,,,
11,2,4,8063.22 ,0.61 ,,,,,,,,,,,,,,,,,,
11,2,4,9115.86 ,0.59 ,,,,,,,,,,,,,,,,,,
11,2.4,4,8313.24 ,0.61 ,,,,,,,,,,,,,,,,,,
11,2.4,4,9398.52 ,0.60 ,,,,,,,,,,,,,,,,,,
11,2.8,4,9681.19 ,0.62 ,,,,,,,,,,,,,,,,,,
11,3,4,8688.28 ,0.64 ,,,,,,,,,,,,,,,,,,
11,3.4,4,10105.18 ,0.65 ,,,,,,,,,,,,,,,,,,
11,3.6,4,9063.31 ,0.67 ,,,,,,,,,,,,,,,,,,
11,4,4,10529.17 ,0.67 ,,,,,,,,,,,,,,,,,,
11,4.2,4,9438.35 ,0.69 ,,,,,,,,,,,,,,,,,,
11,4.2,4,10670.51 ,0.68 ,,,,,,,,,,,,,,,,,,
11,4.4,4,9563.36 ,0.70 ,,,,,,,,,,,,,,,,,,
11,4.8,4,11094.50 ,0.70 ,,,,,,,,,,,,,,,,,,
11,5,4,9938.39 ,0.72 ,,,,,,,,,,,,,,,,,,
11,5,4,11235.83 ,0.71 ,,,,,,,,,,,,,,,,,,
11,5.2,4,10063.40 ,0.74 ,,,,,,,,,,,,,,,,,,
11,5.6,4,11659.82 ,0.73 ,,,,,,,,,,,,,,,,,,
11,5.8,4,10438.44 ,0.76 ,,,,,,,,,,,,,,,,,,
11,5.8,4,11801.16 ,0.74 ,,,,,,,,,,,,,,,,,,
11,6,4,10563.45 ,0.77 ,,,,,,,,,,,,,,,,,,
11,6,4,11942.49 ,0.75 ,,,,,,,,,,,,,,,,,,
11,6.2,4,10688.46 ,0.77 ,,,,,,,,,,,,,,,,,,
11,6.6,4,12366.48 ,0.77 ,,,,,,,,,,,,,,,,,,
11,1,6,12765.98 ,0.82 ,,,,,,,,,,,,,,,,,,
11,1,6,14122.62 ,0.81 ,,,,,,,,,,,,,,,,,,
11,1.2,6,14325.83 ,0.78 ,,,,,,,,,,,,,,,,,,
11,1.6,6,13317.03 ,0.79 ,,,,,,,,,,,,,,,,,,
11,1.6,6,14732.23 ,0.78 ,,,,,,,,,,,,,,,,,,
11,2,6,13684.40 ,0.78 ,,,,,,,,,,,,,,,,,,
11,2,6,15138.64 ,0.77 ,,,,,,,,,,,,,,,,,,
11,2.4,6,15545.04 ,0.79 ,,,,,,,,,,,,,,,,,,
11,2.6,6,14235.45 ,0.81 ,,,,,,,,,,,,,,,,,,
11,2.8,6,15951.45 ,0.80 ,,,,,,,,,,,,,,,,,,
11,3,6,14602.81 ,0.83 ,,,,,,,,,,,,,,,,,,
11,3,6,16154.65 ,0.82 ,,,,,,,,,,,,,,,,,,
11,3.2,6,14786.50 ,0.84 ,,,,,,,,,,,,,,,,,,
11,3.4,6,16561.06 ,0.83 ,,,,,,,,,,,,,,,,,,
11,3.6,6,15153.86 ,0.86 ,,,,,,,,,,,,,,,,,,
11,3.6,6,16764.26 ,0.85 ,,,,,,,,,,,,,,,,,,
11,3.8,6,15337.55 ,0.87 ,,,,,,,,,,,,,,,,,,
11,4.2,6,17373.87 ,0.87 ,,,,,,,,,,,,,,,,,,
11,4.4,6,15888.60 ,0.90 ,,,,,,,,,,,,,,,,,,
11,4.4,6,17577.08 ,0.88 ,,,,,,,,,,,,,,,,,,
11,4.6,6,16072.28 ,0.92 ,,,,,,,,,,,,,,,,,,
11,5,6,18186.69 ,0.92 ,,,,,,,,,,,,,,,,,,
11,5.2,6,16623.33 ,0.95 ,,,,,,,,,,,,,,,,,,
11,5.2,6,18389.89 ,0.94 ,,,,,,,,,,,,,,,,,,
11,5.4,6,16807.01 ,0.97 ,,,,,,,,,,,,,,,,,,
11,5.8,6,18999.50 ,0.97 ,,,,,,,,,,,,,,,,,,
11,6,6,19202.70 ,0.99 ,,,,,,,,,,,,,,,,,,
11,1,4,8894.73 ,0.72 ,,,,,,,,,,,,,,,,,,
11,1.2,4,9044.22 ,0.72 ,,,,,,,,,,,,,,,,,,
11,1.4,4,9193.71 ,0.72 ,,,,,,,,,,,,,,,,,,
11,1.6,4,8323.20 ,0.72 ,,,,,,,,,,,,,,,,,,
11,1.8,4,8456.37 ,0.72 ,,,,,,,,,,,,,,,,,,
11,1.8,4,9492.69 ,0.72 ,,,,,,,,,,,,,,,,,,
11,2,4,9642.18 ,0.72 ,,,,,,,,,,,,,,,,,,
11,2.2,4,8722.71 ,0.74 ,,,,,,,,,,,,,,,,,,
11,2.2,4,9791.67 ,0.74 ,,,,,,,,,,,,,,,,,,
11,2.6,4,8989.06 ,0.76 ,,,,,,,,,,,,,,,,,,
11,2.6,4,10090.66 ,0.76 ,,,,,,,,,,,,,,,,,,
11,2.8,4,9122.23 ,0.77 ,,,,,,,,,,,,,,,,,,
11,2.8,4,10240.15 ,0.77 ,,,,,,,,,,,,,,,,,,
11,3.2,4,9388.57 ,0.79 ,,,,,,,,,,,,,,,,,,
11,3.2,4,10539.13 ,0.79 ,,,,,,,,,,,,,,,,,,
11,3.4,4,9521.74 ,0.80 ,,,,,,,,,,,,,,,,,,
11,3.6,4,10838.11 ,0.81 ,,,,,,,,,,,,,,,,,,
11,3.8,4,9788.08 ,0.82 ,,,,,,,,,,,,,,,,,,
11,3.8,4,10987.60 ,0.82 ,,,,,,,,,,,,,,,,,,
11,4,4,9921.25 ,0.83 ,,,,,,,,,,,,,,,,,,
11,4.2,4,11286.59 ,0.84 ,,,,,,,,,,,,,,,,,,
11,4.4,4,10187.60 ,0.85 ,,,,,,,,,,,,,,,,,,
11,4.4,4,11436.08 ,0.85 ,,,,,,,,,,,,,,,,,,
11,4.6,4,10320.77 ,0.87 ,,,,,,,,,,,,,,,,,,
11,4.6,4,11585.57 ,0.86 ,,,,,,,,,,,,,,,,,,
11,4.8,4,11735.06 ,0.88 ,,,,,,,,,,,,,,,,,,
11,5,4,10587.11 ,0.90 ,,,,,,,,,,,,,,,,,,
11,5.2,4,10720.28 ,0.91 ,,,,,,,,,,,,,,,,,,
11,5.2,4,12034.04 ,0.90 ,,,,,,,,,,,,,,,,,,
11,5.4,4,12183.53 ,0.91 ,,,,,,,,,,,,,,,,,,
11,5.6,4,10986.62 ,0.93 ,,,,,,,,,,,,,,,,,,
11,5.8,4,11119.80 ,0.95 ,,,,,,,,,,,,,,,,,,
11,5.8,4,12482.52 ,0.93 ,,,,,,,,,,,,,,,,,,
11,6,4,12632.01 ,0.95 ,,,,,,,,,,,,,,,,,,
11,6.2,4,11386.14 ,0.96 ,,,,,,,,,,,,,,,,,,
11,6.2,4,12781.50 ,0.96 ,,,,,,,,,,,,,,,,,,
11,6.4,4,11519.31 ,0.98 ,,,,,,,,,,,,,,,,,,
11,6.6,4,11652.48 ,0.99 ,,,,,,,,,,,,,,,,,,
11,6.6,4,13080.48 ,0.98 ,,,,,,,,,,,,,,,,,,
11,1,6,15140.10 ,0.96 ,,,,,,,,,,,,,,,,,,
11,1.2,6,15357.95 ,0.95 ,,,,,,,,,,,,,,,,,,
11,1.4,6,15575.79 ,0.95 ,,,,,,,,,,,,,,,,,,
11,1.6,6,14378.43 ,0.97 ,,,,,,,,,,,,,,,,,,
11,1.8,6,14576.76 ,0.98 ,,,,,,,,,,,,,,,,,,
11,2,6,16229.32 ,0.99 ,,,,,,,,,,,,,,,,,,
11,1,4,8409.21 ,0.88 ,,,,,,,,,,,,,,,,,,
11,1,4,9380.25 ,0.88 ,,,,,,,,,,,,,,,,,,
11,1.2,4,8550.54 ,0.88 ,,,,,,,,,,,,,,,,,,
11,1.4,4,8691.87 ,0.88 ,,,,,,,,,,,,,,,,,,
11,1.6,4,8833.20 ,0.89 ,,,,,,,,,,,,,,,,,,
11,1.8,4,8974.53 ,0.90 ,,,,,,,,,,,,,,,,,,
11,1.8,4,10010.85 ,0.90 ,,,,,,,,,,,,,,,,,,
11,2,4,10168.50 ,0.92 ,,,,,,,,,,,,,,,,,,
11,2.2,4,9257.19 ,0.93 ,,,,,,,,,,,,,,,,,,
11,2.2,4,10326.15 ,0.94 ,,,,,,,,,,,,,,,,,,
11,2.4,4,9398.52 ,0.95 ,,,,,,,,,,,,,,,,,,
11,2.4,4,10483.80 ,0.95 ,,,,,,,,,,,,,,,,,,
11,2.6,4,9539.86 ,0.96 ,,,,,,,,,,,,,,,,,,
11,2.8,4,9681.19 ,0.97 ,,,,,,,,,,,,,,,,,,
11,2.8,4,10799.11 ,0.98 ,,,,,,,,,,,,,,,,,,
11,3,4,9822.52 ,0.99 ,,,,,,,,,,,,,,,,,,
11,3,4,10956.76 ,0.99 ,,,,,,,,,,,,,,,,,,
11,1.2,5,6643.48 ,0.91 ,,,,,,,,,,,,,,,,,,
11,1.2,5,7817.24 ,0.83 ,,,,,,,,,,,,,,,,,,
11,2.6,5,7353.47 ,0.78 ,,,,,,,,,,,,,,,,,,
11,4.6,5,8367.74 ,0.72 ,,,,,,,,,,,,,,,,,,
11,4.6,5,9846.14 ,0.63 ,,,,,,,,,,,,,,,,,,
11,4.8,5,8469.17 ,0.74 ,,,,,,,,,,,,,,,,,,
11,2.6,7.5,11943.11 ,0.97 ,,,,,,,,,,,,,,,,,,
11,4.4,7.5,15268.16 ,0.76 ,,,,,,,,,,,,,,,,,,
11,4.6,7.5,13348.18 ,0.91 ,,,,,,,,,,,,,,,,,,
11,1,5,8275.81 ,0.65 ,,,,,,,,,,,,,,,,,,
11,1.6,5,7451.14 ,0.60 ,,,,,,,,,,,,,,,,,,
11,1.6,5,8660.74 ,0.56 ,,,,,,,,,,,,,,,,,,
11,2.4,5,7892.68 ,0.57 ,,,,,,,,,,,,,,,,,,
11,2.4,5,9173.96 ,0.53 ,,,,,,,,,,,,,,,,,,
11,3.4,5,8444.62 ,0.58 ,,,,,,,,,,,,,,,,,,
11,3.4,5,9815.50 ,0.53 ,,,,,,,,,,,,,,,,,,
11,4.6,5,10585.34 ,0.55 ,,,,,,,,,,,,,,,,,,
11,4.8,5,9217.33 ,0.61 ,,,,,,,,,,,,,,,,,,
11,4.8,5,10713.65 ,0.56 ,,,,,,,,,,,,,,,,,,
11,5,5,9327.72 ,0.62 ,,,,,,,,,,,,,,,,,,
11,6.4,5,11740.11 ,0.60 ,,,,,,,,,,,,,,,,,,
11,6.6,5,11868.42 ,0.61 ,,,,,,,,,,,,,,,,,,
11,1,7.5,12084.93 ,0.87 ,,,,,,,,,,,,,,,,,,
11,1,7.5,13772.77 ,0.83 ,,,,,,,,,,,,,,,,,,
11,2.2,7.5,14845.98 ,0.66 ,,,,,,,,,,,,,,,,,,
11,3.2,7.5,13811.35 ,0.71 ,,,,,,,,,,,,,,,,,,
11,3.2,7.5,15740.31 ,0.66 ,,,,,,,,,,,,,,,,,,
11,4.4,7.5,14753.04 ,0.73 ,,,,,,,,,,,,,,,,,,
11,4.4,7.5,16813.52 ,0.67 ,,,,,,,,,,,,,,,,,,
11,4.6,7.5,14909.98 ,0.75 ,,,,,,,,,,,,,,,,,,
11,6,7.5,18244.45 ,0.72 ,,,,,,,,,,,,,,,,,,
11,6.2,7.5,16165.56 ,0.79 ,,,,,,,,,,,,,,,,,,
11,6.2,7.5,18423.32 ,0.73 ,,,,,,,,,,,,,,,,,,
11,6.4,7.5,16322.51 ,0.81 ,,,,,,,,,,,,,,,,,,
11,1,5,8853.73 ,0.62 ,,,,,,,,,,,,,,,,,,
11,1.4,5,7936.59 ,0.61 ,,,,,,,,,,,,,,,,,,
11,1.4,5,9128.27 ,0.59 ,,,,,,,,,,,,,,,,,,
11,1.8,5,9402.80 ,0.58 ,,,,,,,,,,,,,,,,,,
11,2.4,5,8533.32 ,0.60 ,,,,,,,,,,,,,,,,,,
11,3,5,8891.37 ,0.62 ,,,,,,,,,,,,,,,,,,
11,3,5,10226.41 ,0.61 ,,,,,,,,,,,,,,,,,,
11,3.6,5,10638.21 ,0.62 ,,,,,,,,,,,,,,,,,,
11,3.8,5,9368.76 ,0.65 ,,,,,,,,,,,,,,,,,,
11,4.6,5,11324.54 ,0.66 ,,,,,,,,,,,,,,,,,,
11,4.8,5,9965.49 ,0.69 ,,,,,,,,,,,,,,,,,,
11,5,5,10084.84 ,0.70 ,,,,,,,,,,,,,,,,,,
11,5.6,5,12010.88 ,0.70 ,,,,,,,,,,,,,,,,,,
11,5.8,5,10562.23 ,0.73 ,,,,,,,,,,,,,,,,,,
11,5.8,5,12148.15 ,0.71 ,,,,,,,,,,,,,,,,,,
11,6,5,10681.57 ,0.74 ,,,,,,,,,,,,,,,,,,
11,6.2,5,10800.92 ,0.75 ,,,,,,,,,,,,,,,,,,
11,1,7.5,13350.81 ,0.83 ,,,,,,,,,,,,,,,,,,
11,1.2,7.5,15233.96 ,0.76 ,,,,,,,,,,,,,,,,,,
11,1.6,7.5,15624.58 ,0.74 ,,,,,,,,,,,,,,,,,,
11,1.8,7.5,14044.36 ,0.77 ,,,,,,,,,,,,,,,,,,
11,2.2,7.5,14391.14 ,0.77 ,,,,,,,,,,,,,,,,,,
11,2.6,7.5,16601.11 ,0.75 ,,,,,,,,,,,,,,,,,,
11,2.8,7.5,14911.30 ,0.79 ,,,,,,,,,,,,,,,,,,
11,3.2,7.5,17187.03 ,0.77 ,,,,,,,,,,,,,,,,,,
11,3.4,7.5,15431.46 ,0.81 ,,,,,,,,,,,,,,,,,,
11,3.4,7.5,17382.34 ,0.79 ,,,,,,,,,,,,,,,,,,
11,3.6,7.5,15604.85 ,0.83 ,,,,,,,,,,,,,,,,,,
11,4,7.5,17968.26 ,0.81 ,,,,,,,,,,,,,,,,,,
11,4.2,7.5,16125.01 ,0.85 ,,,,,,,,,,,,,,,,,,
11,4.2,7.5,18163.57 ,0.82 ,,,,,,,,,,,,,,,,,,
11,4.4,7.5,16298.40 ,0.86 ,,,,,,,,,,,,,,,,,,
11,5,7.5,18944.80 ,0.86 ,,,,,,,,,,,,,,,,,,
11,5.2,7.5,16991.95 ,0.90 ,,,,,,,,,,,,,,,,,,
11,5.2,7.5,19140.11 ,0.87 ,,,,,,,,,,,,,,,,,,
11,5.4,7.5,17165.33 ,0.91 ,,,,,,,,,,,,,,,,,,
11,6,7.5,19921.33 ,0.91 ,,,,,,,,,,,,,,,,,,
11,6.2,7.5,17858.88 ,0.94 ,,,,,,,,,,,,,,,,,,
11,6.4,7.5,18032.27 ,0.96 ,,,,,,,,,,,,,,,,,,
11,6.6,7.5,18205.66 ,0.97 ,,,,,,,,,,,,,,,,,,
11,1,5,9431.65 ,0.71 ,,,,,,,,,,,,,,,,,,
11,1.4,5,8532.43 ,0.73 ,,,,,,,,,,,,,,,,,,
11,1.6,5,9870.34 ,0.72 ,,,,,,,,,,,,,,,,,,
11,1.8,5,8789.04 ,0.74 ,,,,,,,,,,,,,,,,,,
11,2,5,8917.35 ,0.74 ,,,,,,,,,,,,,,,,,,
11,2,5,10162.79 ,0.73 ,,,,,,,,,,,,,,,,,,
11,2.2,5,9045.66 ,0.75 ,,,,,,,,,,,,,,,,,,
11,2.4,5,10455.24 ,0.75 ,,,,,,,,,,,,,,,,,,
11,2.6,5,9302.27 ,0.77 ,,,,,,,,,,,,,,,,,,
11,2.6,5,10601.47 ,0.76 ,,,,,,,,,,,,,,,,,,
11,3,5,10893.93 ,0.78 ,,,,,,,,,,,,,,,,,,
11,3.2,5,9687.19 ,0.80 ,,,,,,,,,,,,,,,,,,
11,3.4,5,11186.38 ,0.80 ,,,,,,,,,,,,,,,,,,
11,3.6,5,9943.81 ,0.82 ,,,,,,,,,,,,,,,,,,
11,3.6,5,11332.61 ,0.82 ,,,,,,,,,,,,,,,,,,
11,3.8,5,10072.12 ,0.84 ,,,,,,,,,,,,,,,,,,
11,4,5,11625.06 ,0.83 ,,,,,,,,,,,,,,,,,,
11,4.2,5,10328.73 ,0.85 ,,,,,,,,,,,,,,,,,,
11,4.2,5,11771.29 ,0.84 ,,,,,,,,,,,,,,,,,,
11,4.4,5,10457.04 ,0.86 ,,,,,,,,,,,,,,,,,,
11,4.6,5,12063.74 ,0.86 ,,,,,,,,,,,,,,,,,,
11,4.8,5,10713.65 ,0.88 ,,,,,,,,,,,,,,,,,,
11,4.8,5,12209.97 ,0.87 ,,,,,,,,,,,,,,,,,,
11,5,5,10841.96 ,0.90 ,,,,,,,,,,,,,,,,,,
11,5.2,5,10970.27 ,0.91 ,,,,,,,,,,,,,,,,,,
11,5.4,5,12648.65 ,0.91 ,,,,,,,,,,,,,,,,,,
11,5.6,5,11226.88 ,0.93 ,,,,,,,,,,,,,,,,,,
11,5.6,5,12794.88 ,0.92 ,,,,,,,,,,,,,,,,,,
11,5.8,5,11355.19 ,0.94 ,,,,,,,,,,,,,,,,,,
11,6,5,13087.33 ,0.94 ,,,,,,,,,,,,,,,,,,
11,6.2,5,13233.56 ,0.95 ,,,,,,,,,,,,,,,,,,
11,6.4,5,11740.11 ,0.97 ,,,,,,,,,,,,,,,,,,
11,6.4,5,13379.79 ,0.96 ,,,,,,,,,,,,,,,,,,
11,6.6,5,11868.42 ,0.98 ,,,,,,,,,,,,,,,,,,
11,1,7.5,14616.69 ,0.96 ,,,,,,,,,,,,,,,,,,
11,1.2,7.5,14806.52 ,0.95 ,,,,,,,,,,,,,,,,,,
11,1.4,7.5,14996.35 ,0.94 ,,,,,,,,,,,,,,,,,,
11,1.4,7.5,16728.03 ,0.93 ,,,,,,,,,,,,,,,,,,
11,1.6,7.5,16939.78 ,0.94 ,,,,,,,,,,,,,,,,,,
11,1.8,7.5,15376.00 ,0.96 ,,,,,,,,,,,,,,,,,,
11,2,7.5,15565.83 ,0.96 ,,,,,,,,,,,,,,,,,,
11,2,7.5,17363.27 ,0.95 ,,,,,,,,,,,,,,,,,,
11,2.2,7.5,15755.66 ,0.98 ,,,,,,,,,,,,,,,,,,
11,2.4,7.5,17786.76 ,0.98 ,,,,,,,,,,,,,,,,,,
11,1,5,8853.73 ,0.93 ,,,,,,,,,,,,,,,,,,
11,1,5,10009.57 ,0.93 ,,,,,,,,,,,,,,,,,,
11,1.2,5,8991.00 ,0.93 ,,,,,,,,,,,,,,,,,,
11,1.2,5,10164.76 ,0.93 ,,,,,,,,,,,,,,,,,,
11,1.4,5,9128.27 ,0.94 ,,,,,,,,,,,,,,,,,,
11,1.4,5,10319.95 ,0.94 ,,,,,,,,,,,,,,,,,,
11,1.6,5,9265.54 ,0.95 ,,,,,,,,,,,,,,,,,,
11,1.6,5,10475.14 ,0.95 ,,,,,,,,,,,,,,,,,,
11,1.8,5,9402.80 ,0.96 ,,,,,,,,,,,,,,,,,,
11,1.8,5,10630.32 ,0.96 ,,,,,,,,,,,,,,,,,,
11,2,5,10785.51 ,0.97 ,,,,,,,,,,,,,,,,,,
11,2.2,5,9677.34 ,0.98 ,,,,,,,,,,,,,,,,,,
11,2.2,5,10940.70 ,0.98 ,,,,,,,,,,,,,,,,,,
11,2.4,5,11095.88 ,0.99 ,,,,,,,,,,,,,,,,,,
11,1,6,9035.22 ,0.72 ,,,,,,,,,,,,,,,,,,
11,1.8,6,8120.52 ,0.67 ,,,,,,,,,,,,,,,,,,
11,1.8,6,9555.24 ,0.62 ,,,,,,,,,,,,,,,,,,
11,2.8,6,10205.25 ,0.59 ,,,,,,,,,,,,,,,,,,
11,3,6,8783.41 ,0.67 ,,,,,,,,,,,,,,,,,,
11,4.2,6,11115.27 ,0.59 ,,,,,,,,,,,,,,,,,,
11,4.4,6,9556.80 ,0.67 ,,,,,,,,,,,,,,,,,,
11,4.4,6,11245.28 ,0.60 ,,,,,,,,,,,,,,,,,,
11,6.4,6,10661.63 ,0.70 ,,,,,,,,,,,,,,,,,,
11,6.4,6,12545.31 ,0.64 ,,,,,,,,,,,,,,,,,,
11,6.6,6,10772.11 ,0.71 ,,,,,,,,,,,,,,,,,,
11,1,9,13172.81 ,0.98 ,,,,,,,,,,,,,,,,,,
11,2.8,9,14575.83 ,0.81 ,,,,,,,,,,,,,,,,,,
11,2.8,9,16849.75 ,0.73 ,,,,,,,,,,,,,,,,,,
11,4.2,9,15667.07 ,0.82 ,,,,,,,,,,,,,,,,,,
11,4.2,9,18111.23 ,0.73 ,,,,,,,,,,,,,,,,,,
11,4.4,9,15822.96 ,0.84 ,,,,,,,,,,,,,,,,,,
11,6,9,17070.09 ,0.86 ,,,,,,,,,,,,,,,,,,
11,6,9,19733.13 ,0.77 ,,,,,,,,,,,,,,,,,,
11,6.2,9,17225.98 ,0.88 ,,,,,,,,,,,,,,,,,,
11,1,6,9713.54 ,0.68 ,,,,,,,,,,,,,,,,,,
11,1.4,6,8597.39 ,0.67 ,,,,,,,,,,,,,,,,,,
11,1.8,6,10272.60 ,0.62 ,,,,,,,,,,,,,,,,,,
11,2.4,6,9198.60 ,0.65 ,,,,,,,,,,,,,,,,,,
11,2.4,6,10691.88 ,0.63 ,,,,,,,,,,,,,,,,,,
11,3,6,11111.17 ,0.64 ,,,,,,,,,,,,,,,,,,
11,3.2,6,9679.58 ,0.68 ,,,,,,,,,,,,,,,,,,
11,3.8,6,11670.23 ,0.67 ,,,,,,,,,,,,,,,,,,
11,4,6,10160.55 ,0.71 ,,,,,,,,,,,,,,,,,,
11,4.8,6,12369.04 ,0.70 ,,,,,,,,,,,,,,,,,,
11,5,6,10761.77 ,0.74 ,,,,,,,,,,,,,,,,,,
11,5,6,12508.81 ,0.71 ,,,,,,,,,,,,,,,,,,
11,5.2,6,10882.01 ,0.75 ,,,,,,,,,,,,,,,,,,
11,6,6,13207.62 ,0.75 ,,,,,,,,,,,,,,,,,,
11,6.2,6,13347.39 ,0.76 ,,,,,,,,,,,,,,,,,,
11,6.4,6,11603.47 ,0.80 ,,,,,,,,,,,,,,,,,,
11,6.4,6,13487.15 ,0.77 ,,,,,,,,,,,,,,,,,,
11,6.6,6,11723.71 ,0.81 ,,,,,,,,,,,,,,,,,,
11,1.2,9,16967.58 ,0.80 ,,,,,,,,,,,,,,,,,,
11,1.8,9,15410.61 ,0.81 ,,,,,,,,,,,,,,,,,,
11,2.2,9,17959.83 ,0.77 ,,,,,,,,,,,,,,,,,,
11,2.8,9,16281.27 ,0.82 ,,,,,,,,,,,,,,,,,,
11,2.8,9,18555.19 ,0.79 ,,,,,,,,,,,,,,,,,,
11,3,9,16455.40 ,0.84 ,,,,,,,,,,,,,,,,,,
11,3.4,9,19150.54 ,0.82 ,,,,,,,,,,,,,,,,,,
11,3.6,9,16977.79 ,0.87 ,,,,,,,,,,,,,,,,,,
11,3.6,9,19348.99 ,0.83 ,,,,,,,,,,,,,,,,,,
11,3.8,9,17151.92 ,0.88 ,,,,,,,,,,,,,,,,,,
11,4.2,9,19944.35 ,0.85 ,,,,,,,,,,,,,,,,,,
11,4.6,9,17848.45 ,0.91 ,,,,,,,,,,,,,,,,,,
11,5.6,9,18719.10 ,0.97 ,,,,,,,,,,,,,,,,,,
11,5.8,9,18893.24 ,0.98 ,,,,,,,,,,,,,,,,,,
11,1,6,10391.86 ,0.79 ,,,,,,,,,,,,,,,,,,
11,1.2,6,10541.39 ,0.79 ,,,,,,,,,,,,,,,,,,
11,1.6,6,9425.23 ,0.81 ,,,,,,,,,,,,,,,,,,
11,1.6,6,10840.43 ,0.80 ,,,,,,,,,,,,,,,,,,
11,1.8,6,10989.96 ,0.81 ,,,,,,,,,,,,,,,,,,
11,2,6,9685.24 ,0.83 ,,,,,,,,,,,,,,,,,,
11,2.2,6,11289.00 ,0.82 ,,,,,,,,,,,,,,,,,,
11,2.4,6,9945.24 ,0.84 ,,,,,,,,,,,,,,,,,,
11,2.4,6,11438.52 ,0.84 ,,,,,,,,,,,,,,,,,,
11,2.6,6,10075.25 ,0.86 ,,,,,,,,,,,,,,,,,,
11,2.8,6,11737.57 ,0.86 ,,,,,,,,,,,,,,,,,,
11,3,6,10335.25 ,0.88 ,,,,,,,,,,,,,,,,,,
11,3.4,6,10595.26 ,0.91 ,,,,,,,,,,,,,,,,,,
11,3.4,6,12186.14 ,0.89 ,,,,,,,,,,,,,,,,,,
11,3.6,6,10725.26 ,0.92 ,,,,,,,,,,,,,,,,,,
11,3.8,6,12485.19 ,0.92 ,,,,,,,,,,,,,,,,,,
11,4,6,10985.27 ,0.95 ,,,,,,,,,,,,,,,,,,
11,4,6,12634.71 ,0.93 ,,,,,,,,,,,,,,,,,,
11,4.2,6,11115.27 ,0.96 ,,,,,,,,,,,,,,,,,,
11,4.4,6,12933.76 ,0.95 ,,,,,,,,,,,,,,,,,,
11,4.6,6,11375.28 ,0.98 ,,,,,,,,,,,,,,,,,,
11,4.6,6,13083.28 ,0.96 ,,,,,,,,,,,,,,,,,,
11,4.8,6,11505.28 ,0.99 ,,,,,,,,,,,,,,,,,,
11,5,6,13382.33 ,0.98 ,,,,,,,,,,,,,,,,,,
11,5.2,6,13531.85 ,1.00 ,,,,,,,,,,,,,,,,,,
11,1.6,7,10082.69 ,0.90 ,,,,,,,,,,,,,,,,,,
11,3.4,7,11253.58 ,0.76 ,,,,,,,,,,,,,,,,,,
11,6.6,7,11170.37 ,0.91 ,,,,,,,,,,,,,,,,,,
11,6.6,7,13335.17 ,0.77 ,,,,,,,,,,,,,,,,,,
11,3.4,10.5,18507.34 ,0.97 ,,,,,,,,,,,,,,,,,,
11,1.2,7,9025.21 ,0.75 ,,,,,,,,,,,,,,,,,,
11,1.8,7,9383.83 ,0.69 ,,,,,,,,,,,,,,,,,,
11,2.4,7,11463.72 ,0.63 ,,,,,,,,,,,,,,,,,,
11,3.2,7,12026.36 ,0.63 ,,,,,,,,,,,,,,,,,,
11,3.4,7,10340.14 ,0.69 ,,,,,,,,,,,,,,,,,,
11,4.4,7,12870.32 ,0.67 ,,,,,,,,,,,,,,,,,,
11,4.6,7,11057.38 ,0.72 ,,,,,,,,,,,,,,,,,,
11,5.8,7,13854.93 ,0.71 ,,,,,,,,,,,,,,,,,,
11,6,7,11894.15 ,0.76 ,,,,,,,,,,,,,,,,,,
11,6,7,13995.59 ,0.72 ,,,,,,,,,,,,,,,,,,
11,6.2,7,12013.69 ,0.77 ,,,,,,,,,,,,,,,,,,
11,1.6,10.5,18809.54 ,0.80 ,,,,,,,,,,,,,,,,,,
11,2.2,10.5,19403.53 ,0.77 ,,,,,,,,,,,,,,,,,,
11,2.4,10.5,16956.24 ,0.85 ,,,,,,,,,,,,,,,,,,
11,3.2,10.5,17641.35 ,0.85 ,,,,,,,,,,,,,,,,,,
11,4.2,10.5,18497.72 ,0.88 ,,,,,,,,,,,,,,,,,,
11,4.4,10.5,18669.00 ,0.90 ,,,,,,,,,,,,,,,,,,
11,5.6,10.5,19696.65 ,0.94 ,,,,,,,,,,,,,,,,,,
11,5.8,10.5,19867.92 ,0.96 ,,,,,,,,,,,,,,,,,,
11,1,7,9692.39 ,0.83 ,,,,,,,,,,,,,,,,,,
11,1.2,7,11417.05 ,0.80 ,,,,,,,,,,,,,,,,,,
11,1.6,7,11719.49 ,0.80 ,,,,,,,,,,,,,,,,,,
11,1.8,7,10212.79 ,0.83 ,,,,,,,,,,,,,,,,,,
11,2,7,12021.93 ,0.81 ,,,,,,,,,,,,,,,,,,
11,2.2,7,10472.99 ,0.85 ,,,,,,,,,,,,,,,,,,
11,2.4,7,12324.36 ,0.83 ,,,,,,,,,,,,,,,,,,
11,2.6,7,10733.18 ,0.86 ,,,,,,,,,,,,,,,,,,
11,3,7,12778.02 ,0.87 ,,,,,,,,,,,,,,,,,,
11,3.2,7,11123.48 ,0.90 ,,,,,,,,,,,,,,,,,,
11,3.4,7,13080.46 ,0.89 ,,,,,,,,,,,,,,,,,,
11,3.6,7,11383.68 ,0.92 ,,,,,,,,,,,,,,,,,,
11,3.6,7,13231.68 ,0.91 ,,,,,,,,,,,,,,,,,,
11,3.8,7,11513.78 ,0.94 ,,,,,,,,,,,,,,,,,,
11,4.2,7,13685.34 ,0.94 ,,,,,,,,,,,,,,,,,,
11,4.4,7,11904.08 ,0.97 ,,,,,,,,,,,,,,,,,,
11,4.4,7,13836.56 ,0.95 ,,,,,,,,,,,,,,,,,,
11,4.6,7,12034.18 ,0.98 ,,,,,,,,,,,,,,,,,,
11,4.8,7,14139.00 ,0.97 ,,,,,,,,,,,,,,,,,,
11,5,7,14290.21 ,0.98 ,,,,,,,,,,,,,,,,,,
11,5.2,7,14441.43 ,0.99 ,,,,,,,,,,,,,,,,,,
11,1.8,8,11686.26 ,0.76 ,,,,,,,,,,,,,,,,,,
11,3.2,8,12665.95 ,0.70 ,,,,,,,,,,,,,,,,,,
11,3.4,8,10727.02 ,0.84 ,,,,,,,,,,,,,,,,,,
11,5.2,8,14065.50 ,0.70 ,,,,,,,,,,,,,,,,,,
11,5.4,8,11899.37 ,0.82 ,,,,,,,,,,,,,,,,,,
11,5.4,8,14205.45 ,0.71 ,,,,,,,,,,,,,,,,,,
11,1.2,8,12180.87 ,0.77 ,,,,,,,,,,,,,,,,,,
11,1.8,8,10737.70 ,0.78 ,,,,,,,,,,,,,,,,,,
11,2.2,8,12937.45 ,0.75 ,,,,,,,,,,,,,,,,,,
11,2.4,8,11123.48 ,0.79 ,,,,,,,,,,,,,,,,,,
11,2.8,8,13391.40 ,0.76 ,,,,,,,,,,,,,,,,,,
11,3,8,11509.27 ,0.80 ,,,,,,,,,,,,,,,,,,
11,3.6,8,13996.66 ,0.79 ,,,,,,,,,,,,,,,,,,
11,3.8,8,12023.65 ,0.83 ,,,,,,,,,,,,,,,,,,
11,4.4,8,14601.92 ,0.82 ,,,,,,,,,,,,,,,,,,
11,4.6,8,14753.23 ,0.83 ,,,,,,,,,,,,,,,,,,
11,4.8,8,12666.63 ,0.87 ,,,,,,,,,,,,,,,,,,
11,5,8,12795.22 ,0.88 ,,,,,,,,,,,,,,,,,,
11,5.6,8,15509.81 ,0.87 ,,,,,,,,,,,,,,,,,,
11,5.8,8,15661.12 ,0.89 ,,,,,,,,,,,,,,,,,,
11,6,8,13438.20 ,0.93 ,,,,,,,,,,,,,,,,,,
11,6,8,15812.44 ,0.90 ,,,,,,,,,,,,,,,,,,
11,6.2,8,13566.79 ,0.94 ,,,,,,,,,,,,,,,,,,
11,2.2,12,19692.55 ,0.98 ,,,,,,,,,,,,,,,,,,
11,1,9,10604.01 ,0.93 ,,,,,,,,,,,,,,,,,,
11,1,9,12659.05 ,0.85 ,,,,,,,,,,,,,,,,,,
11,1.8,9,11105.97 ,0.82 ,,,,,,,,,,,,,,,,,,
11,2.8,9,11733.43 ,0.78 ,,,,,,,,,,,,,,,,,,
11,2.8,9,14007.35 ,0.70 ,,,,,,,,,,,,,,,,,,
11,4,9,14906.21 ,0.69 ,,,,,,,,,,,,,,,,,,
11,4.2,9,12611.87 ,0.79 ,,,,,,,,,,,,,,,,,,
11,4.2,9,15056.03 ,0.71 ,,,,,,,,,,,,,,,,,,
11,6,9,16404.33 ,0.74 ,,,,,,,,,,,,,,,,,,
11,6.2,9,13866.78 ,0.83 ,,,,,,,,,,,,,,,,,,
11,6.2,9,16554.14 ,0.75 ,,,,,,,,,,,,,,,,,,
11,6.4,9,13992.27 ,0.85 ,,,,,,,,,,,,,,,,,,
11,1,9,13686.57 ,0.92 ,,,,,,,,,,,,,,,,,,
11,1.4,9,11906.83 ,0.93 ,,,,,,,,,,,,,,,,,,
11,1.8,9,12182.13 ,0.95 ,,,,,,,,,,,,,,,,,,
11,2.2,9,12457.43 ,0.96 ,,,,,,,,,,,,,,,,,,
11,2.2,9,14658.39 ,0.94 ,,,,,,,,,,,,,,,,,,
11,2.6,9,14982.34 ,0.95 ,,,,,,,,,,,,,,,,,,
11,2.8,9,12870.39 ,0.98 ,,,,,,,,,,,,,,,,,,
11,3,9,15306.28 ,0.98 ,,,,,,,,,,,,,,,,,,
11,3.2,9,15468.25 ,1.00 ,,,,,,,,,,,,,,,,,,
11,2.2,10,15248.22 ,0.74 ,,,,,,,,,,,,,,,,,,
11,3.2,10,13441.59 ,0.80 ,,,,,,,,,,,,,,,,,,
11,4.2,10,16844.89 ,0.76 ,,,,,,,,,,,,,,,,,,
11,4.4,10,14244.08 ,0.83 ,,,,,,,,,,,,,,,,,,
11,5.6,10,17962.56 ,0.80 ,,,,,,,,,,,,,,,,,,
11,5.8,10,15180.31 ,0.87 ,,,,,,,,,,,,,,,,,,
11,5.8,10,18122.23 ,0.81 ,,,,,,,,,,,,,,,,,,
11,6,10,15314.05 ,0.88 ,,,,,,,,,,,,,,,,,,
12,5.6,2,7798.68 ,0.80 ,,,,,,,,,,,,,,,,,,
12,5.6,2,8842.68 ,0.72 ,,,,,,,,,,,,,,,,,,
12,5.8,2,7902.66 ,0.83 ,,,,,,,,,,,,,,,,,,
12,5.8,2,8960.58 ,0.73 ,,,,,,,,,,,,,,,,,,
12,5.6,3,11137.15 ,0.97 ,,,,,,,,,,,,,,,,,,
12,5.6,3,12378.75 ,0.87 ,,,,,,,,,,,,,,,,,,
12,5.8,3,11276.37 ,0.99 ,,,,,,,,,,,,,,,,,,
12,4.8,2,7876.91 ,0.63 ,,,,,,,,,,,,,,,,,,
12,4.8,2,8865.23 ,0.58 ,,,,,,,,,,,,,,,,,,
12,5,2,7987.85 ,0.65 ,,,,,,,,,,,,,,,,,,
12,5,2,8990.09 ,0.59 ,,,,,,,,,,,,,,,,,,
12,4.6,3,12478.08 ,0.71 ,,,,,,,,,,,,,,,,,,
12,4.8,3,11464.93 ,0.78 ,,,,,,,,,,,,,,,,,,
12,4.8,3,12644.45 ,0.72 ,,,,,,,,,,,,,,,,,,
12,2.6,2,7074.14 ,0.62 ,,,,,,,,,,,,,,,,,,
12,2.6,2,7909.34 ,0.58 ,,,,,,,,,,,,,,,,,,
12,4,2,7899.46 ,0.54 ,,,,,,,,,,,,,,,,,,
12,4,2,8832.10 ,0.51 ,,,,,,,,,,,,,,,,,,
12,6,2,10150.32 ,0.48 ,,,,,,,,,,,,,,,,,,
12,6.2,2,9196.39 ,0.53 ,,,,,,,,,,,,,,,,,,
12,6.2,2,10282.15 ,0.49 ,,,,,,,,,,,,,,,,,,
12,2.6,3,10562.14 ,0.80 ,,,,,,,,,,,,,,,,,,
12,4,3,11699.60 ,0.71 ,,,,,,,,,,,,,,,,,,
12,4,3,12817.04 ,0.67 ,,,,,,,,,,,,,,,,,,
12,5.8,3,14419.17 ,0.62 ,,,,,,,,,,,,,,,,,,
12,6,3,13324.54 ,0.68 ,,,,,,,,,,,,,,,,,,
12,6,3,14597.18 ,0.63 ,,,,,,,,,,,,,,,,,,
12,1.4,2,7494.25 ,0.65 ,,,,,,,,,,,,,,,,,,
12,2.2,2,7242.02 ,0.56 ,,,,,,,,,,,,,,,,,,
12,2.2,2,8049.38 ,0.53 ,,,,,,,,,,,,,,,,,,
12,3.2,2,7866.33 ,0.50 ,,,,,,,,,,,,,,,,,,
12,3.2,2,8743.29 ,0.48 ,,,,,,,,,,,,,,,,,,
12,4.6,2,8740.37 ,0.49 ,,,,,,,,,,,,,,,,,,
12,4.6,2,9714.77 ,0.46 ,,,,,,,,,,,,,,,,,,
12,6.2,2,10825.03 ,0.46 ,,,,,,,,,,,,,,,,,,
12,6.4,2,9864.13 ,0.50 ,,,,,,,,,,,,,,,,,,
12,6.4,2,10963.81 ,0.47 ,,,,,,,,,,,,,,,,,,
12,6.6,2,9988.99 ,0.51 ,,,,,,,,,,,,,,,,,,
12,1.4,3,10273.93 ,0.90 ,,,,,,,,,,,,,,,,,,
12,3.2,3,11841.14 ,0.69 ,,,,,,,,,,,,,,,,,,
12,3.2,3,12896.50 ,0.66 ,,,,,,,,,,,,,,,,,,
12,4.4,3,14034.43 ,0.62 ,,,,,,,,,,,,,,,,,,
12,4.6,3,13060.08 ,0.67 ,,,,,,,,,,,,,,,,,,
12,6,3,14279.02 ,0.65 ,,,,,,,,,,,,,,,,,,
12,6,3,15551.66 ,0.62 ,,,,,,,,,,,,,,,,,,
12,6.2,3,14453.16 ,0.67 ,,,,,,,,,,,,,,,,,,
12,1.8,2,7382.05 ,0.56 ,,,,,,,,,,,,,,,,,,
12,2.4,2,8598.80 ,0.47 ,,,,,,,,,,,,,,,,,,
12,3.4,2,8436.63 ,0.49 ,,,,,,,,,,,,,,,,,,
12,3.4,2,9327.51 ,0.47 ,,,,,,,,,,,,,,,,,,
12,4.4,2,9095.75 ,0.48 ,,,,,,,,,,,,,,,,,,
12,4.4,2,10056.23 ,0.46 ,,,,,,,,,,,,,,,,,,
12,4.6,2,9227.57 ,0.49 ,,,,,,,,,,,,,,,,,,
12,5.8,2,11076.42 ,0.48 ,,,,,,,,,,,,,,,,,,
12,6,2,10150.32 ,0.51 ,,,,,,,,,,,,,,,,,,
12,6,2,11222.16 ,0.49 ,,,,,,,,,,,,,,,,,,
12,6.2,2,10282.15 ,0.52 ,,,,,,,,,,,,,,,,,,
12,1.2,3,10774.92 ,0.90 ,,,,,,,,,,,,,,,,,,
12,2.4,3,11889.56 ,0.70 ,,,,,,,,,,,,,,,,,,
12,3.2,3,12632.66 ,0.67 ,,,,,,,,,,,,,,,,,,
12,3.2,3,13688.02 ,0.64 ,,,,,,,,,,,,,,,,,,
12,4.2,3,13561.53 ,0.66 ,,,,,,,,,,,,,,,,,,
12,4.2,3,14694.49 ,0.64 ,,,,,,,,,,,,,,,,,,
12,5.4,3,15902.26 ,0.64 ,,,,,,,,,,,,,,,,,,
12,5.6,3,14861.95 ,0.68 ,,,,,,,,,,,,,,,,,,
12,5.6,3,16103.55 ,0.65 ,,,,,,,,,,,,,,,,,,
12,5.8,3,15047.73 ,0.69 ,,,,,,,,,,,,,,,,,,
12,7,3,17512.61 ,0.67 ,,,,,,,,,,,,,,,,,,
12,7.2,3,16348.15 ,0.71 ,,,,,,,,,,,,,,,,,,
12,7.2,3,17713.91 ,0.68 ,,,,,,,,,,,,,,,,,,
12,5.6,3,8033.15 ,0.79 ,,,,,,,,,,,,,,,,,,
12,5.6,3,9274.75 ,0.69 ,,,,,,,,,,,,,,,,,,
12,5.8,3,8133.57 ,0.82 ,,,,,,,,,,,,,,,,,,
12,5.4,4.5,13129.18 ,0.81 ,,,,,,,,,,,,,,,,,,
12,5.6,4.5,11712.96 ,0.94 ,,,,,,,,,,,,,,,,,,
12,5.6,4.5,13280.96 ,0.83 ,,,,,,,,,,,,,,,,,,
12,5.8,4.5,11846.82 ,0.97 ,,,,,,,,,,,,,,,,,,
12,1,3,6165.94 ,0.90 ,,,,,,,,,,,,,,,,,,
12,1,3,7050.58 ,0.87 ,,,,,,,,,,,,,,,,,,
12,2,3,6706.81 ,0.69 ,,,,,,,,,,,,,,,,,,
12,2,3,7669.05 ,0.64 ,,,,,,,,,,,,,,,,,,
12,3.4,3,7464.03 ,0.58 ,,,,,,,,,,,,,,,,,,
12,3.4,3,8534.91 ,0.53 ,,,,,,,,,,,,,,,,,,
12,5.6,3,9895.55 ,0.50 ,,,,,,,,,,,,,,,,,,
12,5.8,3,8762.13 ,0.56 ,,,,,,,,,,,,,,,,,,
12,5.8,3,10019.25 ,0.51 ,,,,,,,,,,,,,,,,,,
12,2,4.5,11482.96 ,0.79 ,,,,,,,,,,,,,,,,,,
12,3.4,4.5,11268.63 ,0.72 ,,,,,,,,,,,,,,,,,,
12,3.4,4.5,12639.51 ,0.66 ,,,,,,,,,,,,,,,,,,
12,5.4,4.5,14291.74 ,0.61 ,,,,,,,,,,,,,,,,,,
12,5.6,4.5,12888.96 ,0.69 ,,,,,,,,,,,,,,,,,,
12,5.6,4.5,14456.96 ,0.62 ,,,,,,,,,,,,,,,,,,
12,1.4,3,6840.13 ,0.59 ,,,,,,,,,,,,,,,,,,
12,1.4,3,7755.81 ,0.56 ,,,,,,,,,,,,,,,,,,
12,2.2,3,7303.87 ,0.51 ,,,,,,,,,,,,,,,,,,
12,2.2,3,8281.63 ,0.48 ,,,,,,,,,,,,,,,,,,
12,3.2,3,7883.54 ,0.48 ,,,,,,,,,,,,,,,,,,
12,3.2,3,8938.90 ,0.45 ,,,,,,,,,,,,,,,,,,
12,4.6,3,8695.08 ,0.47 ,,,,,,,,,,,,,,,,,,
12,4.6,3,9859.08 ,0.44 ,,,,,,,,,,,,,,,,,,
12,4.8,3,8811.01 ,0.48 ,,,,,,,,,,,,,,,,,,
12,6.4,3,9738.49 ,0.49 ,,,,,,,,,,,,,,,,,,
12,6.4,3,11042.17 ,0.45 ,,,,,,,,,,,,,,,,,,
12,6.6,3,9854.42 ,0.50 ,,,,,,,,,,,,,,,,,,
12,6.6,3,11173.62 ,0.46 ,,,,,,,,,,,,,,,,,,
12,1.4,4.5,10689.37 ,0.78 ,,,,,,,,,,,,,,,,,,
12,3.2,4.5,12136.05 ,0.60 ,,,,,,,,,,,,,,,,,,
12,3.2,4.5,13489.01 ,0.57 ,,,,,,,,,,,,,,,,,,
12,4.4,4.5,14560.99 ,0.55 ,,,,,,,,,,,,,,,,,,
12,4.6,4.5,13261.25 ,0.60 ,,,,,,,,,,,,,,,,,,
12,6,4.5,15990.28 ,0.56 ,,,,,,,,,,,,,,,,,,
12,6.2,4.5,14547.19 ,0.62 ,,,,,,,,,,,,,,,,,,
12,6.2,4.5,16168.95 ,0.57 ,,,,,,,,,,,,,,,,,,
12,6.4,4.5,14707.93 ,0.63 ,,,,,,,,,,,,,,,,,,
12,1.4,3,7297.97 ,0.53 ,,,,,,,,,,,,,,,,,,
12,1.8,3,7545.36 ,0.47 ,,,,,,,,,,,,,,,,,,
12,1.8,3,8492.08 ,0.46 ,,,,,,,,,,,,,,,,,,
12,2.4,3,8909.72 ,0.42 ,,,,,,,,,,,,,,,,,,
12,3.2,3,8411.22 ,0.44 ,,,,,,,,,,,,,,,,,,
12,3.2,3,9466.58 ,0.42 ,,,,,,,,,,,,,,,,,,
12,3.4,3,8534.91 ,0.45 ,,,,,,,,,,,,,,,,,,
12,4.2,3,9029.69 ,0.45 ,,,,,,,,,,,,,,,,,,
12,4.2,3,10162.65 ,0.43 ,,,,,,,,,,,,,,,,,,
12,4.4,3,9153.39 ,0.46 ,,,,,,,,,,,,,,,,,,
12,4.4,3,10301.87 ,0.44 ,,,,,,,,,,,,,,,,,,
12,5.6,3,9895.55 ,0.48 ,,,,,,,,,,,,,,,,,,
12,5.6,3,11137.15 ,0.46 ,,,,,,,,,,,,,,,,,,
12,5.8,3,10019.25 ,0.49 ,,,,,,,,,,,,,,,,,,
12,7,3,12111.65 ,0.49 ,,,,,,,,,,,,,,,,,,
12,7.2,3,10885.11 ,0.52 ,,,,,,,,,,,,,,,,,,
12,7.2,3,12250.87 ,0.49 ,,,,,,,,,,,,,,,,,,
12,1.8,4.5,11931.49 ,0.64 ,,,,,,,,,,,,,,,,,,
12,2.4,4.5,12454.04 ,0.60 ,,,,,,,,,,,,,,,,,,
12,3,4.5,12976.59 ,0.58 ,,,,,,,,,,,,,,,,,,
12,3,4.5,14311.63 ,0.56 ,,,,,,,,,,,,,,,,,,
12,3.8,4.5,15080.04 ,0.56 ,,,,,,,,,,,,,,,,,,
12,4,4.5,13847.50 ,0.59 ,,,,,,,,,,,,,,,,,,
12,4,4.5,15272.14 ,0.57 ,,,,,,,,,,,,,,,,,,
12,5,4.5,16232.65 ,0.59 ,,,,,,,,,,,,,,,,,,
12,5.2,4.5,14892.60 ,0.62 ,,,,,,,,,,,,,,,,,,
12,5.2,4.5,16424.76 ,0.60 ,,,,,,,,,,,,,,,,,,
12,5.4,4.5,15066.78 ,0.64 ,,,,,,,,,,,,,,,,,,
12,6.4,4.5,17577.37 ,0.62 ,,,,,,,,,,,,,,,,,,
12,6.6,4.5,16111.87 ,0.66 ,,,,,,,,,,,,,,,,,,
12,6.6,4.5,17769.47 ,0.63 ,,,,,,,,,,,,,,,,,,
12,6.8,4.5,16286.05 ,0.67 ,,,,,,,,,,,,,,,,,,
12,6.8,4.5,17961.57 ,0.64 ,,,,,,,,,,,,,,,,,,
12,7,4.5,16460.24 ,0.68 ,,,,,,,,,,,,,,,,,,
12,1,3,8377.54 ,0.54 ,,,,,,,,,,,,,,,,,,
12,1.4,3,7755.81 ,0.51 ,,,,,,,,,,,,,,,,,,
12,1.4,3,8671.49 ,0.50 ,,,,,,,,,,,,,,,,,,
12,1.8,3,8018.72 ,0.48 ,,,,,,,,,,,,,,,,,,
12,1.8,3,8965.44 ,0.48 ,,,,,,,,,,,,,,,,,,
12,2.2,3,9259.39 ,0.46 ,,,,,,,,,,,,,,,,,,
12,2.8,3,8675.99 ,0.48 ,,,,,,,,,,,,,,,,,,
12,2.8,3,9700.31 ,0.47 ,,,,,,,,,,,,,,,,,,
12,3.4,3,9070.35 ,0.49 ,,,,,,,,,,,,,,,,,,
12,3.4,3,10141.23 ,0.48 ,,,,,,,,,,,,,,,,,,
12,4.2,3,9596.17 ,0.51 ,,,,,,,,,,,,,,,,,,
12,4.2,3,10729.13 ,0.50 ,,,,,,,,,,,,,,,,,,
12,4.4,3,9727.63 ,0.52 ,,,,,,,,,,,,,,,,,,
12,5,3,11317.03 ,0.52 ,,,,,,,,,,,,,,,,,,
12,5.2,3,10253.44 ,0.54 ,,,,,,,,,,,,,,,,,,
12,5.2,3,11464.00 ,0.53 ,,,,,,,,,,,,,,,,,,
12,5.4,3,10384.90 ,0.55 ,,,,,,,,,,,,,,,,,,
12,6,3,12051.90 ,0.55 ,,,,,,,,,,,,,,,,,,
12,6.2,3,10910.72 ,0.57 ,,,,,,,,,,,,,,,,,,
12,6.2,3,12198.88 ,0.56 ,,,,,,,,,,,,,,,,,,
12,6.4,3,11042.17 ,0.58 ,,,,,,,,,,,,,,,,,,
12,6.4,3,12345.85 ,0.56 ,,,,,,,,,,,,,,,,,,
12,6.6,3,11173.62 ,0.59 ,,,,,,,,,,,,,,,,,,
12,1.2,4.5,13463.03 ,0.69 ,,,,,,,,,,,,,,,,,,
12,1.6,4.5,12664.51 ,0.67 ,,,,,,,,,,,,,,,,,,
12,1.6,4.5,13874.11 ,0.65 ,,,,,,,,,,,,,,,,,,
12,2,4.5,14285.20 ,0.63 ,,,,,,,,,,,,,,,,,,
12,2.6,4.5,13602.62 ,0.64 ,,,,,,,,,,,,,,,,,,
12,2.6,4.5,14901.82 ,0.63 ,,,,,,,,,,,,,,,,,,
12,3.2,4.5,14165.49 ,0.66 ,,,,,,,,,,,,,,,,,,
12,3.2,4.5,15518.45 ,0.64 ,,,,,,,,,,,,,,,,,,
12,3.8,4.5,14728.36 ,0.67 ,,,,,,,,,,,,,,,,,,
12,3.8,4.5,16135.08 ,0.66 ,,,,,,,,,,,,,,,,,,
12,4.4,4.5,16751.71 ,0.67 ,,,,,,,,,,,,,,,,,,
12,4.6,4.5,15478.85 ,0.69 ,,,,,,,,,,,,,,,,,,
12,4.6,4.5,16957.25 ,0.68 ,,,,,,,,,,,,,,,,,,
12,4.8,4.5,15666.47 ,0.70 ,,,,,,,,,,,,,,,,,,
12,5.4,4.5,17779.42 ,0.70 ,,,,,,,,,,,,,,,,,,
12,5.6,4.5,16416.96 ,0.73 ,,,,,,,,,,,,,,,,,,
12,5.6,4.5,17984.96 ,0.71 ,,,,,,,,,,,,,,,,,,
12,5.8,4.5,16604.58 ,0.74 ,,,,,,,,,,,,,,,,,,
12,6.4,4.5,18807.13 ,0.74 ,,,,,,,,,,,,,,,,,,
12,6.6,4.5,17355.07 ,0.77 ,,,,,,,,,,,,,,,,,,
12,6.6,4.5,19012.67 ,0.75 ,,,,,,,,,,,,,,,,,,
12,6.8,4.5,17542.69 ,0.78 ,,,,,,,,,,,,,,,,,,
12,6.8,4.5,19218.21 ,0.76 ,,,,,,,,,,,,,,,,,,
12,7,4.5,17730.32 ,0.78 ,,,,,,,,,,,,,,,,,,
12,1,3,8819.86 ,0.57 ,,,,,,,,,,,,,,,,,,
12,1.2,3,8974.60 ,0.55 ,,,,,,,,,,,,,,,,,,
12,1.6,3,8352.86 ,0.55 ,,,,,,,,,,,,,,,,,,
12,1.6,3,9284.06 ,0.54 ,,,,,,,,,,,,,,,,,,
12,2,3,9593.53 ,0.54 ,,,,,,,,,,,,,,,,,,
12,2.2,3,8770.51 ,0.55 ,,,,,,,,,,,,,,,,,,
12,2.4,3,9903.00 ,0.54 ,,,,,,,,,,,,,,,,,,
12,2.6,3,9048.94 ,0.56 ,,,,,,,,,,,,,,,,,,
12,3,3,9327.36 ,0.58 ,,,,,,,,,,,,,,,,,,
12,3,3,10367.20 ,0.57 ,,,,,,,,,,,,,,,,,,
12,3.4,3,10676.67 ,0.58 ,,,,,,,,,,,,,,,,,,
12,3.6,3,9745.01 ,0.60 ,,,,,,,,,,,,,,,,,,
12,4,3,11140.88 ,0.60 ,,,,,,,,,,,,,,,,,,
12,4.2,3,10162.65 ,0.61 ,,,,,,,,,,,,,,,,,,
12,4.2,3,11295.61 ,0.61 ,,,,,,,,,,,,,,,,,,
12,4.4,3,10301.87 ,0.62 ,,,,,,,,,,,,,,,,,,
12,4.6,3,11605.08 ,0.62 ,,,,,,,,,,,,,,,,,,
12,4.8,3,10580.29 ,0.63 ,,,,,,,,,,,,,,,,,,
12,4.8,3,11759.81 ,0.63 ,,,,,,,,,,,,,,,,,,
12,5,3,10719.51 ,0.64 ,,,,,,,,,,,,,,,,,,
12,5.4,3,12224.02 ,0.65 ,,,,,,,,,,,,,,,,,,
12,5.6,3,11137.15 ,0.66 ,,,,,,,,,,,,,,,,,,
12,5.6,3,12378.75 ,0.66 ,,,,,,,,,,,,,,,,,,
12,5.8,3,11276.37 ,0.67 ,,,,,,,,,,,,,,,,,,
12,6,3,11415.58 ,0.68 ,,,,,,,,,,,,,,,,,,
12,6.2,3,12842.96 ,0.67 ,,,,,,,,,,,,,,,,,,
12,6.4,3,12997.69 ,0.68 ,,,,,,,,,,,,,,,,,,
12,6.6,3,11833.22 ,0.70 ,,,,,,,,,,,,,,,,,,
12,6.6,3,13152.42 ,0.69 ,,,,,,,,,,,,,,,,,,
12,6.8,3,11972.44 ,0.71 ,,,,,,,,,,,,,,,,,,
12,7.2,3,13616.63 ,0.71 ,,,,,,,,,,,,,,,,,,
12,1.4,4.5,13370.65 ,0.76 ,,,,,,,,,,,,,,,,,,
12,1.6,4.5,14781.31 ,0.73 ,,,,,,,,,,,,,,,,,,
12,1.8,4.5,13772.77 ,0.75 ,,,,,,,,,,,,,,,,,,
12,2,4.5,15219.28 ,0.73 ,,,,,,,,,,,,,,,,,,
12,2.2,4.5,14174.90 ,0.74 ,,,,,,,,,,,,,,,,,,
12,2.4,4.5,15657.24 ,0.73 ,,,,,,,,,,,,,,,,,,
12,2.6,4.5,14577.02 ,0.76 ,,,,,,,,,,,,,,,,,,
12,3,4.5,14979.15 ,0.78 ,,,,,,,,,,,,,,,,,,
12,3,4.5,16314.19 ,0.77 ,,,,,,,,,,,,,,,,,,
12,3.2,4.5,15180.21 ,0.79 ,,,,,,,,,,,,,,,,,,
12,3.4,4.5,16752.15 ,0.78 ,,,,,,,,,,,,,,,,,,
12,3.6,4.5,15582.34 ,0.80 ,,,,,,,,,,,,,,,,,,
12,3.6,4.5,16971.14 ,0.79 ,,,,,,,,,,,,,,,,,,
12,4,4.5,17409.10 ,0.81 ,,,,,,,,,,,,,,,,,,
12,4.2,4.5,16185.52 ,0.83 ,,,,,,,,,,,,,,,,,,
12,4.2,4.5,17628.08 ,0.82 ,,,,,,,,,,,,,,,,,,
12,4.4,4.5,16386.59 ,0.84 ,,,,,,,,,,,,,,,,,,
12,4.8,4.5,18285.03 ,0.84 ,,,,,,,,,,,,,,,,,,
12,5,4.5,16989.77 ,0.86 ,,,,,,,,,,,,,,,,,,
12,5,4.5,18504.01 ,0.85 ,,,,,,,,,,,,,,,,,,
12,5.2,4.5,17190.84 ,0.88 ,,,,,,,,,,,,,,,,,,
12,5.4,4.5,18941.98 ,0.87 ,,,,,,,,,,,,,,,,,,
12,5.6,4.5,17592.96 ,0.89 ,,,,,,,,,,,,,,,,,,
12,5.6,4.5,19160.96 ,0.88 ,,,,,,,,,,,,,,,,,,
12,5.8,4.5,17794.02 ,0.91 ,,,,,,,,,,,,,,,,,,
12,5.8,4.5,19379.94 ,0.90 ,,,,,,,,,,,,,,,,,,
12,6,4.5,17995.08 ,0.92 ,,,,,,,,,,,,,,,,,,
12,6.2,4.5,19817.91 ,0.91 ,,,,,,,,,,,,,,,,,,
12,6.6,4.5,18598.27 ,0.95 ,,,,,,,,,,,,,,,,,,
12,6.8,4.5,18799.33 ,0.96 ,,,,,,,,,,,,,,,,,,
12,1,3,8377.54 ,0.65 ,,,,,,,,,,,,,,,,,,
12,1,3,9262.18 ,0.65 ,,,,,,,,,,,,,,,,,,
12,1.2,3,8524.52 ,0.65 ,,,,,,,,,,,,,,,,,,
12,1.2,3,9424.68 ,0.64 ,,,,,,,,,,,,,,,,,,
12,1.4,3,8671.49 ,0.64 ,,,,,,,,,,,,,,,,,,
12,1.4,3,9587.17 ,0.63 ,,,,,,,,,,,,,,,,,,
12,1.6,3,9749.66 ,0.63 ,,,,,,,,,,,,,,,,,,
12,1.8,3,8965.44 ,0.64 ,,,,,,,,,,,,,,,,,,
12,2,3,9112.41 ,0.64 ,,,,,,,,,,,,,,,,,,
12,2,3,10074.65 ,0.64 ,,,,,,,,,,,,,,,,,,
12,2.2,3,9259.39 ,0.65 ,,,,,,,,,,,,,,,,,,
12,2.4,3,9406.36 ,0.66 ,,,,,,,,,,,,,,,,,,
12,2.4,3,10399.64 ,0.66 ,,,,,,,,,,,,,,,,,,
12,2.6,3,9553.34 ,0.68 ,,,,,,,,,,,,,,,,,,
12,2.8,3,10724.63 ,0.68 ,,,,,,,,,,,,,,,,,,
12,3,3,9847.28 ,0.69 ,,,,,,,,,,,,,,,,,,
12,3,3,10887.12 ,0.69 ,,,,,,,,,,,,,,,,,,
12,3.2,3,11049.62 ,0.69 ,,,,,,,,,,,,,,,,,,
12,3.4,3,10141.23 ,0.71 ,,,,,,,,,,,,,,,,,,
12,3.4,3,11212.11 ,0.70 ,,,,,,,,,,,,,,,,,,
12,3.6,3,10288.21 ,0.72 ,,,,,,,,,,,,,,,,,,
12,3.8,3,11537.10 ,0.72 ,,,,,,,,,,,,,,,,,,
12,4,3,10582.16 ,0.73 ,,,,,,,,,,,,,,,,,,
12,4,3,11699.60 ,0.73 ,,,,,,,,,,,,,,,,,,
12,4.2,3,10729.13 ,0.74 ,,,,,,,,,,,,,,,,,,
12,4.4,3,10876.11 ,0.75 ,,,,,,,,,,,,,,,,,,
12,4.4,3,12024.59 ,0.74 ,,,,,,,,,,,,,,,,,,
12,4.6,3,11023.08 ,0.75 ,,,,,,,,,,,,,,,,,,
12,4.8,3,11170.05 ,0.76 ,,,,,,,,,,,,,,,,,,
12,4.8,3,12349.57 ,0.75 ,,,,,,,,,,,,,,,,,,
12,5,3,11317.03 ,0.77 ,,,,,,,,,,,,,,,,,,
12,5,3,12512.07 ,0.76 ,,,,,,,,,,,,,,,,,,
12,5.2,3,11464.00 ,0.78 ,,,,,,,,,,,,,,,,,,
12,5.4,3,11610.98 ,0.79 ,,,,,,,,,,,,,,,,,,
12,5.4,3,12837.06 ,0.78 ,,,,,,,,,,,,,,,,,,
12,5.6,3,12999.55 ,0.79 ,,,,,,,,,,,,,,,,,,
12,5.8,3,11904.93 ,0.80 ,,,,,,,,,,,,,,,,,,
12,5.8,3,13162.05 ,0.80 ,,,,,,,,,,,,,,,,,,
12,6,3,12051.90 ,0.81 ,,,,,,,,,,,,,,,,,,
12,6,3,13324.54 ,0.80 ,,,,,,,,,,,,,,,,,,
12,6.2,3,13487.04 ,0.81 ,,,,,,,,,,,,,,,,,,
12,6.4,3,12345.85 ,0.83 ,,,,,,,,,,,,,,,,,,
12,6.4,3,13649.53 ,0.82 ,,,,,,,,,,,,,,,,,,
12,6.6,3,12492.82 ,0.84 ,,,,,,,,,,,,,,,,,,
12,6.8,3,12639.80 ,0.85 ,,,,,,,,,,,,,,,,,,
12,6.8,3,13974.52 ,0.84 ,,,,,,,,,,,,,,,,,,
12,7,3,14137.01 ,0.85 ,,,,,,,,,,,,,,,,,,
12,7.2,3,12933.75 ,0.86 ,,,,,,,,,,,,,,,,,,
12,7.2,3,14299.51 ,0.85 ,,,,,,,,,,,,,,,,,,
12,1,4.5,13835.40 ,0.91 ,,,,,,,,,,,,,,,,,,
12,1,4.5,14991.24 ,0.91 ,,,,,,,,,,,,,,,,,,
12,1.2,4.5,14049.91 ,0.90 ,,,,,,,,,,,,,,,,,,
12,1.2,4.5,15223.67 ,0.90 ,,,,,,,,,,,,,,,,,,
12,1.4,4.5,14264.41 ,0.90 ,,,,,,,,,,,,,,,,,,
12,1.4,4.5,15456.09 ,0.89 ,,,,,,,,,,,,,,,,,,
12,1.6,4.5,14478.91 ,0.89 ,,,,,,,,,,,,,,,,,,
12,1.6,4.5,15688.51 ,0.89 ,,,,,,,,,,,,,,,,,,
12,1.8,4.5,15920.93 ,0.89 ,,,,,,,,,,,,,,,,,,
12,2,4.5,14907.92 ,0.90 ,,,,,,,,,,,,,,,,,,
12,2,4.5,16153.36 ,0.90 ,,,,,,,,,,,,,,,,,,
12,2.2,4.5,16385.78 ,0.91 ,,,,,,,,,,,,,,,,,,
12,2.4,4.5,15336.92 ,0.93 ,,,,,,,,,,,,,,,,,,
12,2.6,4.5,16850.62 ,0.94 ,,,,,,,,,,,,,,,,,,
12,2.8,4.5,15765.93 ,0.96 ,,,,,,,,,,,,,,,,,,
12,2.8,4.5,17083.05 ,0.96 ,,,,,,,,,,,,,,,,,,
12,3,4.5,17315.47 ,0.97 ,,,,,,,,,,,,,,,,,,
12,3.2,4.5,16194.93 ,0.99 ,,,,,,,,,,,,,,,,,,
12,3.4,4.5,17780.31 ,1.00 ,,,,,,,,,,,,,,,,,,
12,2.4,4,8233.52 ,0.81 ,,,,,,,,,,,,,,,,,,
12,5.4,4,10023.42 ,0.69 ,,,,,,,,,,,,,,,,,,
12,5.6,4,8687.54 ,0.83 ,,,,,,,,,,,,,,,,,,
12,5.6,4,10142.74 ,0.71 ,,,,,,,,,,,,,,,,,,
12,5.8,4,8789.75 ,0.85 ,,,,,,,,,,,,,,,,,,
12,2.4,6,12392.76 ,0.98 ,,,,,,,,,,,,,,,,,,
12,5.4,6,14745.82 ,0.84 ,,,,,,,,,,,,,,,,,,
12,1.4,4,8184.73 ,0.62 ,,,,,,,,,,,,,,,,,,
12,4,4,8529.01 ,0.55 ,,,,,,,,,,,,,,,,,,
12,4,4,9847.25 ,0.50 ,,,,,,,,,,,,,,,,,,
12,6,4,11126.12 ,0.50 ,,,,,,,,,,,,,,,,,,
12,6.2,4,9747.44 ,0.57 ,,,,,,,,,,,,,,,,,,
12,6.2,4,11254.00 ,0.51 ,,,,,,,,,,,,,,,,,,
12,6.4,4,9858.21 ,0.58 ,,,,,,,,,,,,,,,,,,
12,1.4,6,12736.17 ,0.79 ,,,,,,,,,,,,,,,,,,
12,2.4,6,13596.72 ,0.65 ,,,,,,,,,,,,,,,,,,
12,4,6,13205.76 ,0.68 ,,,,,,,,,,,,,,,,,,
12,5.8,6,16522.60 ,0.61 ,,,,,,,,,,,,,,,,,,
12,6,6,14723.67 ,0.69 ,,,,,,,,,,,,,,,,,,
12,6,6,16694.71 ,0.62 ,,,,,,,,,,,,,,,,,,
12,1.2,4,7517.56 ,0.57 ,,,,,,,,,,,,,,,,,,
12,1.2,4,8596.12 ,0.55 ,,,,,,,,,,,,,,,,,,
12,2.4,4,8233.52 ,0.48 ,,,,,,,,,,,,,,,,,,
12,2.4,4,9414.80 ,0.46 ,,,,,,,,,,,,,,,,,,
12,3.2,4,9960.59 ,0.45 ,,,,,,,,,,,,,,,,,,
12,3.4,4,8830.15 ,0.49 ,,,,,,,,,,,,,,,,,,
12,4.2,4,10642.82 ,0.46 ,,,,,,,,,,,,,,,,,,
12,4.4,4,9426.79 ,0.50 ,,,,,,,,,,,,,,,,,,
12,4.4,4,10779.27 ,0.47 ,,,,,,,,,,,,,,,,,,
12,5.6,4,11597.94 ,0.49 ,,,,,,,,,,,,,,,,,,
12,5.8,4,10262.07 ,0.53 ,,,,,,,,,,,,,,,,,,
12,5.8,4,11734.39 ,0.49 ,,,,,,,,,,,,,,,,,,
12,6,4,10381.40 ,0.54 ,,,,,,,,,,,,,,,,,,
12,6.2,4,10500.72 ,0.55 ,,,,,,,,,,,,,,,,,,
12,1.2,6,12193.22 ,0.74 ,,,,,,,,,,,,,,,,,,
12,1.6,6,14051.28 ,0.62 ,,,,,,,,,,,,,,,,,,
12,3,6,15362.73 ,0.57 ,,,,,,,,,,,,,,,,,,
12,3.2,6,13863.52 ,0.62 ,,,,,,,,,,,,,,,,,,
12,4,6,16299.48 ,0.58 ,,,,,,,,,,,,,,,,,,
12,4.2,6,14698.68 ,0.62 ,,,,,,,,,,,,,,,,,,
12,5.4,6,17610.94 ,0.61 ,,,,,,,,,,,,,,,,,,
12,5.6,6,15867.89 ,0.66 ,,,,,,,,,,,,,,,,,,
12,5.6,6,17798.29 ,0.62 ,,,,,,,,,,,,,,,,,,
12,5.8,6,16034.92 ,0.67 ,,,,,,,,,,,,,,,,,,
12,7,6,19109.74 ,0.65 ,,,,,,,,,,,,,,,,,,
12,7.2,6,17204.13 ,0.69 ,,,,,,,,,,,,,,,,,,
12,7.2,6,19297.09 ,0.66 ,,,,,,,,,,,,,,,,,,
12,1,4,7928.96 ,0.57 ,,,,,,,,,,,,,,,,,,
12,1,4,8990.40 ,0.56 ,,,,,,,,,,,,,,,,,,
12,1.4,4,8184.73 ,0.54 ,,,,,,,,,,,,,,,,,,
12,1.6,4,9425.42 ,0.51 ,,,,,,,,,,,,,,,,,,
12,1.8,4,8440.50 ,0.53 ,,,,,,,,,,,,,,,,,,
12,2.2,4,8696.28 ,0.52 ,,,,,,,,,,,,,,,,,,
12,2.2,4,9860.44 ,0.51 ,,,,,,,,,,,,,,,,,,
12,2.6,4,10150.45 ,0.50 ,,,,,,,,,,,,,,,,,,
12,2.8,4,9079.93 ,0.52 ,,,,,,,,,,,,,,,,,,
12,3.2,4,10585.47 ,0.52 ,,,,,,,,,,,,,,,,,,
12,3.4,4,9463.59 ,0.54 ,,,,,,,,,,,,,,,,,,
12,3.4,4,10730.47 ,0.53 ,,,,,,,,,,,,,,,,,,
12,4,4,11165.49 ,0.54 ,,,,,,,,,,,,,,,,,,
12,4.2,4,9975.14 ,0.56 ,,,,,,,,,,,,,,,,,,
12,4.2,4,11310.50 ,0.55 ,,,,,,,,,,,,,,,,,,
12,5,4,10486.68 ,0.58 ,,,,,,,,,,,,,,,,,,
12,5,4,11890.52 ,0.57 ,,,,,,,,,,,,,,,,,,
12,5.2,4,10614.57 ,0.59 ,,,,,,,,,,,,,,,,,,
12,5.2,4,12035.53 ,0.58 ,,,,,,,,,,,,,,,,,,
12,6,4,12615.56 ,0.60 ,,,,,,,,,,,,,,,,,,
12,6.2,4,11254.00 ,0.62 ,,,,,,,,,,,,,,,,,,
12,6.2,4,12760.56 ,0.60 ,,,,,,,,,,,,,,,,,,
12,6.4,4,11381.89 ,0.63 ,,,,,,,,,,,,,,,,,,
12,7.2,4,13485.60 ,0.63 ,,,,,,,,,,,,,,,,,,
12,1.2,6,13305.74 ,0.71 ,,,,,,,,,,,,,,,,,,
12,1.6,6,13670.28 ,0.68 ,,,,,,,,,,,,,,,,,,
12,2,6,14034.82 ,0.66 ,,,,,,,,,,,,,,,,,,
12,2,6,15599.46 ,0.65 ,,,,,,,,,,,,,,,,,,
12,2.4,6,16004.64 ,0.64 ,,,,,,,,,,,,,,,,,,
12,2.6,6,14581.63 ,0.66 ,,,,,,,,,,,,,,,,,,
12,3,6,16612.41 ,0.66 ,,,,,,,,,,,,,,,,,,
12,3.2,6,15128.44 ,0.68 ,,,,,,,,,,,,,,,,,,
12,3.6,6,17220.18 ,0.67 ,,,,,,,,,,,,,,,,,,
12,3.8,6,15675.25 ,0.70 ,,,,,,,,,,,,,,,,,,
12,3.8,6,17422.77 ,0.69 ,,,,,,,,,,,,,,,,,,
12,4.4,6,18030.55 ,0.70 ,,,,,,,,,,,,,,,,,,
12,4.6,6,16404.34 ,0.72 ,,,,,,,,,,,,,,,,,,
12,4.6,6,18233.14 ,0.71 ,,,,,,,,,,,,,,,,,,
12,4.8,6,16586.61 ,0.74 ,,,,,,,,,,,,,,,,,,
12,5.4,6,19043.50 ,0.74 ,,,,,,,,,,,,,,,,,,
12,5.6,6,17315.69 ,0.76 ,,,,,,,,,,,,,,,,,,
12,5.6,6,19246.09 ,0.75 ,,,,,,,,,,,,,,,,,,
12,5.8,6,17497.96 ,0.78 ,,,,,,,,,,,,,,,,,,
12,6.6,6,18227.04 ,0.80 ,,,,,,,,,,,,,,,,,,
12,6.8,6,18409.31 ,0.81 ,,,,,,,,,,,,,,,,,,
12,7,6,18591.58 ,0.82 ,,,,,,,,,,,,,,,,,,
12,1,4,9521.12 ,0.61 ,,,,,,,,,,,,,,,,,,
12,1.2,4,9674.68 ,0.60 ,,,,,,,,,,,,,,,,,,
12,1.4,4,8732.57 ,0.61 ,,,,,,,,,,,,,,,,,,
12,1.6,4,8869.02 ,0.60 ,,,,,,,,,,,,,,,,,,
12,1.6,4,9981.82 ,0.60 ,,,,,,,,,,,,,,,,,,
12,2,4,9141.91 ,0.61 ,,,,,,,,,,,,,,,,,,
12,2,4,10288.95 ,0.60 ,,,,,,,,,,,,,,,,,,
12,2.4,4,10596.08 ,0.61 ,,,,,,,,,,,,,,,,,,
12,2.6,4,9551.25 ,0.63 ,,,,,,,,,,,,,,,,,,
12,2.8,4,10903.21 ,0.62 ,,,,,,,,,,,,,,,,,,
12,3,4,9824.14 ,0.64 ,,,,,,,,,,,,,,,,,,
12,3,4,11056.78 ,0.64 ,,,,,,,,,,,,,,,,,,
12,3.4,4,10097.03 ,0.66 ,,,,,,,,,,,,,,,,,,
12,3.4,4,11363.91 ,0.65 ,,,,,,,,,,,,,,,,,,
12,3.6,4,10233.48 ,0.67 ,,,,,,,,,,,,,,,,,,
12,4,4,10506.37 ,0.68 ,,,,,,,,,,,,,,,,,,
12,4,4,11824.61 ,0.67 ,,,,,,,,,,,,,,,,,,
12,4.2,4,10642.82 ,0.69 ,,,,,,,,,,,,,,,,,,
12,4.6,4,12285.31 ,0.69 ,,,,,,,,,,,,,,,,,,
12,4.8,4,11052.16 ,0.71 ,,,,,,,,,,,,,,,,,,
12,4.8,4,12438.88 ,0.70 ,,,,,,,,,,,,,,,,,,
12,5,4,11188.60 ,0.72 ,,,,,,,,,,,,,,,,,,
12,5.2,4,12746.01 ,0.72 ,,,,,,,,,,,,,,,,,,
12,5.4,4,11461.50 ,0.74 ,,,,,,,,,,,,,,,,,,
12,5.4,4,12899.58 ,0.73 ,,,,,,,,,,,,,,,,,,
12,5.6,4,11597.94 ,0.75 ,,,,,,,,,,,,,,,,,,
12,5.8,4,11734.39 ,0.76 ,,,,,,,,,,,,,,,,,,
12,6,4,13360.28 ,0.75 ,,,,,,,,,,,,,,,,,,
12,6.2,4,12007.28 ,0.77 ,,,,,,,,,,,,,,,,,,
12,6.2,4,13513.84 ,0.76 ,,,,,,,,,,,,,,,,,,
12,6.4,4,12143.73 ,0.78 ,,,,,,,,,,,,,,,,,,
12,6.6,4,12280.18 ,0.79 ,,,,,,,,,,,,,,,,,,
12,6.8,4,13974.54 ,0.78 ,,,,,,,,,,,,,,,,,,
12,7,4,14128.11 ,0.79 ,,,,,,,,,,,,,,,,,,
12,7.2,4,12689.52 ,0.81 ,,,,,,,,,,,,,,,,,,
12,7.2,4,14281.68 ,0.80 ,,,,,,,,,,,,,,,,,,
12,1,6,14220.75 ,0.82 ,,,,,,,,,,,,,,,,,,
12,1.2,6,14418.26 ,0.81 ,,,,,,,,,,,,,,,,,,
12,1.4,6,14615.77 ,0.80 ,,,,,,,,,,,,,,,,,,
12,1.6,6,16337.28 ,0.78 ,,,,,,,,,,,,,,,,,,
12,1.8,6,15010.79 ,0.79 ,,,,,,,,,,,,,,,,,,
12,2,6,15208.30 ,0.78 ,,,,,,,,,,,,,,,,,,
12,2,6,16772.94 ,0.78 ,,,,,,,,,,,,,,,,,,
12,2.2,6,15405.81 ,0.79 ,,,,,,,,,,,,,,,,,,
12,2.4,6,17208.60 ,0.79 ,,,,,,,,,,,,,,,,,,
12,2.6,6,15800.83 ,0.81 ,,,,,,,,,,,,,,,,,,
12,2.8,6,17644.26 ,0.81 ,,,,,,,,,,,,,,,,,,
12,3,6,16195.85 ,0.83 ,,,,,,,,,,,,,,,,,,
12,3,6,17862.09 ,0.82 ,,,,,,,,,,,,,,,,,,
12,3.4,6,16590.87 ,0.85 ,,,,,,,,,,,,,,,,,,
12,3.4,6,18297.75 ,0.84 ,,,,,,,,,,,,,,,,,,
12,3.6,6,16788.38 ,0.86 ,,,,,,,,,,,,,,,,,,
12,4,6,18951.24 ,0.88 ,,,,,,,,,,,,,,,,,,
12,4.2,6,17380.92 ,0.89 ,,,,,,,,,,,,,,,,,,
12,4.2,6,19169.08 ,0.89 ,,,,,,,,,,,,,,,,,,
12,4.4,6,17578.43 ,0.91 ,,,,,,,,,,,,,,,,,,
12,4.6,6,19604.74 ,0.91 ,,,,,,,,,,,,,,,,,,
12,4.8,6,17973.45 ,0.93 ,,,,,,,,,,,,,,,,,,
12,4.8,6,19822.57 ,0.92 ,,,,,,,,,,,,,,,,,,
12,5,6,18170.96 ,0.94 ,,,,,,,,,,,,,,,,,,
12,5.6,6,18763.49 ,0.98 ,,,,,,,,,,,,,,,,,,
12,5.8,6,18961.00 ,0.99 ,,,,,,,,,,,,,,,,,,
12,1,4,8990.40 ,0.74 ,,,,,,,,,,,,,,,,,,
12,1.2,4,9135.40 ,0.74 ,,,,,,,,,,,,,,,,,,
12,1.2,4,10213.96 ,0.73 ,,,,,,,,,,,,,,,,,,
12,1.4,4,9280.41 ,0.74 ,,,,,,,,,,,,,,,,,,
12,1.4,4,10376.09 ,0.73 ,,,,,,,,,,,,,,,,,,
12,1.6,4,9425.42 ,0.74 ,,,,,,,,,,,,,,,,,,
12,1.6,4,10538.22 ,0.73 ,,,,,,,,,,,,,,,,,,
12,1.8,4,9570.42 ,0.74 ,,,,,,,,,,,,,,,,,,
12,2,4,9715.43 ,0.74 ,,,,,,,,,,,,,,,,,,
12,2,4,10862.47 ,0.74 ,,,,,,,,,,,,,,,,,,
12,2.2,4,9860.44 ,0.75 ,,,,,,,,,,,,,,,,,,
12,2.4,4,10005.44 ,0.76 ,,,,,,,,,,,,,,,,,,
12,2.4,4,11186.72 ,0.76 ,,,,,,,,,,,,,,,,,,
12,2.6,4,10150.45 ,0.77 ,,,,,,,,,,,,,,,,,,
12,2.6,4,11348.85 ,0.78 ,,,,,,,,,,,,,,,,,,
12,2.8,4,11510.97 ,0.79 ,,,,,,,,,,,,,,,,,,
12,3,4,10440.46 ,0.79 ,,,,,,,,,,,,,,,,,,
12,3,4,11673.10 ,0.80 ,,,,,,,,,,,,,,,,,,
12,3.2,4,10585.47 ,0.80 ,,,,,,,,,,,,,,,,,,
12,3.2,4,11835.23 ,0.81 ,,,,,,,,,,,,,,,,,,
12,3.4,4,11997.35 ,0.82 ,,,,,,,,,,,,,,,,,,
12,3.6,4,10875.48 ,0.83 ,,,,,,,,,,,,,,,,,,
12,3.6,4,12159.48 ,0.83 ,,,,,,,,,,,,,,,,,,
12,3.8,4,12321.61 ,0.83 ,,,,,,,,,,,,,,,,,,
12,4,4,11165.49 ,0.85 ,,,,,,,,,,,,,,,,,,
12,4,4,12483.73 ,0.84 ,,,,,,,,,,,,,,,,,,
12,4.2,4,11310.50 ,0.86 ,,,,,,,,,,,,,,,,,,
12,4.2,4,12645.86 ,0.85 ,,,,,,,,,,,,,,,,,,
12,4.4,4,11455.51 ,0.87 ,,,,,,,,,,,,,,,,,,
12,4.4,4,12807.99 ,0.86 ,,,,,,,,,,,,,,,,,,
12,4.6,4,11600.51 ,0.88 ,,,,,,,,,,,,,,,,,,
12,4.8,4,13132.24 ,0.88 ,,,,,,,,,,,,,,,,,,
12,5,4,11890.52 ,0.90 ,,,,,,,,,,,,,,,,,,
12,5,4,13294.36 ,0.89 ,,,,,,,,,,,,,,,,,,
12,5.2,4,12035.53 ,0.91 ,,,,,,,,,,,,,,,,,,
12,5.2,4,13456.49 ,0.90 ,,,,,,,,,,,,,,,,,,
12,5.4,4,12180.54 ,0.92 ,,,,,,,,,,,,,,,,,,
12,5.4,4,13618.62 ,0.92 ,,,,,,,,,,,,,,,,,,
12,5.6,4,12325.54 ,0.93 ,,,,,,,,,,,,,,,,,,
12,5.6,4,13780.74 ,0.93 ,,,,,,,,,,,,,,,,,,
12,5.8,4,12470.55 ,0.95 ,,,,,,,,,,,,,,,,,,
12,5.8,4,13942.87 ,0.94 ,,,,,,,,,,,,,,,,,,
12,6,4,12615.56 ,0.95 ,,,,,,,,,,,,,,,,,,
12,6,4,14105.00 ,0.95 ,,,,,,,,,,,,,,,,,,
12,6.2,4,12760.56 ,0.97 ,,,,,,,,,,,,,,,,,,
12,6.4,4,12905.57 ,0.98 ,,,,,,,,,,,,,,,,,,
12,6.4,4,14429.25 ,0.97 ,,,,,,,,,,,,,,,,,,
12,6.6,4,13050.58 ,0.98 ,,,,,,,,,,,,,,,,,,
12,6.6,4,14591.38 ,0.98 ,,,,,,,,,,,,,,,,,,
12,6.8,4,13195.58 ,1.00 ,,,,,,,,,,,,,,,,,,
12,6.8,4,14753.50 ,0.99 ,,,,,,,,,,,,,,,,,,
12,1,6,15318.03 ,0.99 ,,,,,,,,,,,,,,,,,,
12,1.2,6,17014.14 ,0.98 ,,,,,,,,,,,,,,,,,,
12,1.4,6,15743.53 ,0.99 ,,,,,,,,,,,,,,,,,,
12,1.4,6,17247.21 ,0.98 ,,,,,,,,,,,,,,,,,,
12,1.6,6,17480.28 ,0.99 ,,,,,,,,,,,,,,,,,,
12,1,4,9521.12 ,0.90 ,,,,,,,,,,,,,,,,,,
12,1,4,10582.56 ,0.90 ,,,,,,,,,,,,,,,,,,
12,1.2,4,9674.68 ,0.90 ,,,,,,,,,,,,,,,,,,
12,1.2,4,10753.24 ,0.90 ,,,,,,,,,,,,,,,,,,
12,1.4,4,9828.25 ,0.90 ,,,,,,,,,,,,,,,,,,
12,1.4,4,10923.93 ,0.90 ,,,,,,,,,,,,,,,,,,
12,1.6,4,9981.82 ,0.91 ,,,,,,,,,,,,,,,,,,
12,1.6,4,11094.62 ,0.91 ,,,,,,,,,,,,,,,,,,
12,1.8,4,10135.38 ,0.92 ,,,,,,,,,,,,,,,,,,
12,1.8,4,11265.30 ,0.93 ,,,,,,,,,,,,,,,,,,
12,2,4,10288.95 ,0.94 ,,,,,,,,,,,,,,,,,,
12,2,4,11435.99 ,0.94 ,,,,,,,,,,,,,,,,,,
12,2.2,4,10442.52 ,0.95 ,,,,,,,,,,,,,,,,,,
12,2.2,4,11606.68 ,0.96 ,,,,,,,,,,,,,,,,,,
12,2.4,4,10596.08 ,0.96 ,,,,,,,,,,,,,,,,,,
12,2.4,4,11777.36 ,0.97 ,,,,,,,,,,,,,,,,,,
12,2.6,4,10749.65 ,0.98 ,,,,,,,,,,,,,,,,,,
12,2.6,4,11948.05 ,0.99 ,,,,,,,,,,,,,,,,,,
12,2.8,4,10903.21 ,0.99 ,,,,,,,,,,,,,,,,,,
12,2,5,8046.60 ,0.72 ,,,,,,,,,,,,,,,,,,
12,3.4,5,8828.91 ,0.64 ,,,,,,,,,,,,,,,,,,
12,3.4,5,10307.79 ,0.57 ,,,,,,,,,,,,,,,,,,
12,5.4,5,11612.58 ,0.55 ,,,,,,,,,,,,,,,,,,
12,5.6,5,10058.26 ,0.64 ,,,,,,,,,,,,,,,,,,
12,5.6,5,11743.06 ,0.57 ,,,,,,,,,,,,,,,,,,
12,5.8,5,10170.01 ,0.65 ,,,,,,,,,,,,,,,,,,
12,2,7.5,12901.32 ,0.89 ,,,,,,,,,,,,,,,,,,
12,3.4,7.5,13970.07 ,0.79 ,,,,,,,,,,,,,,,,,,
12,3.4,7.5,16048.95 ,0.71 ,,,,,,,,,,,,,,,,,,
12,5.2,7.5,17627.54 ,0.67 ,,,,,,,,,,,,,,,,,,
12,5.4,7.5,15496.86 ,0.78 ,,,,,,,,,,,,,,,,,,
12,5.4,7.5,17802.94 ,0.68 ,,,,,,,,,,,,,,,,,,
12,1.2,5,8236.05 ,0.62 ,,,,,,,,,,,,,,,,,,
12,2.4,5,8962.76 ,0.53 ,,,,,,,,,,,,,,,,,,
12,2.4,5,10348.04 ,0.50 ,,,,,,,,,,,,,,,,,,
12,3.2,5,9447.24 ,0.53 ,,,,,,,,,,,,,,,,,,
12,3.2,5,10907.40 ,0.50 ,,,,,,,,,,,,,,,,,,
12,4.2,5,10052.83 ,0.55 ,,,,,,,,,,,,,,,,,,
12,4.2,5,11606.59 ,0.52 ,,,,,,,,,,,,,,,,,,
12,4.4,5,10173.95 ,0.56 ,,,,,,,,,,,,,,,,,,
12,5.6,5,12585.46 ,0.55 ,,,,,,,,,,,,,,,,,,
12,5.8,5,11021.77 ,0.59 ,,,,,,,,,,,,,,,,,,
12,5.8,5,12725.29 ,0.56 ,,,,,,,,,,,,,,,,,,
12,6,5,11142.89 ,0.60 ,,,,,,,,,,,,,,,,,,
12,7.2,5,13704.16 ,0.59 ,,,,,,,,,,,,,,,,,,
12,1.6,7.5,15876.17 ,0.67 ,,,,,,,,,,,,,,,,,,
12,2.2,7.5,16453.48 ,0.62 ,,,,,,,,,,,,,,,,,,
12,3,7.5,15189.80 ,0.65 ,,,,,,,,,,,,,,,,,,
12,3,7.5,17223.24 ,0.61 ,,,,,,,,,,,,,,,,,,
12,4,7.5,16038.39 ,0.67 ,,,,,,,,,,,,,,,,,,
12,4,7.5,18185.43 ,0.63 ,,,,,,,,,,,,,,,,,,
12,4.2,7.5,16208.11 ,0.69 ,,,,,,,,,,,,,,,,,,
12,5.2,7.5,19340.06 ,0.66 ,,,,,,,,,,,,,,,,,,
12,5.4,7.5,17226.42 ,0.71 ,,,,,,,,,,,,,,,,,,
12,5.4,7.5,19532.50 ,0.67 ,,,,,,,,,,,,,,,,,,
12,5.6,7.5,17396.14 ,0.73 ,,,,,,,,,,,,,,,,,,
12,7,7.5,18584.16 ,0.77 ,,,,,,,,,,,,,,,,,,
12,7.2,7.5,18753.88 ,0.78 ,,,,,,,,,,,,,,,,,,
12,1.2,5,8872.53 ,0.62 ,,,,,,,,,,,,,,,,,,
12,1.4,5,10294.69 ,0.58 ,,,,,,,,,,,,,,,,,,
12,1.8,5,10593.09 ,0.58 ,,,,,,,,,,,,,,,,,,
12,2,5,9394.44 ,0.60 ,,,,,,,,,,,,,,,,,,
12,2.4,5,9655.40 ,0.60 ,,,,,,,,,,,,,,,,,,
12,2.4,5,11040.68 ,0.59 ,,,,,,,,,,,,,,,,,,
12,2.8,5,11339.08 ,0.60 ,,,,,,,,,,,,,,,,,,
12,3,5,10046.84 ,0.61 ,,,,,,,,,,,,,,,,,,
12,3.4,5,11786.67 ,0.62 ,,,,,,,,,,,,,,,,,,
12,3.6,5,10438.27 ,0.64 ,,,,,,,,,,,,,,,,,,
12,4,5,12234.27 ,0.64 ,,,,,,,,,,,,,,,,,,
12,4.2,5,12383.47 ,0.65 ,,,,,,,,,,,,,,,,,,
12,4.4,5,10960.19 ,0.67 ,,,,,,,,,,,,,,,,,,
12,4.6,5,11090.66 ,0.68 ,,,,,,,,,,,,,,,,,,
12,5,5,12980.26 ,0.67 ,,,,,,,,,,,,,,,,,,
12,5.2,5,11482.10 ,0.69 ,,,,,,,,,,,,,,,,,,
12,5.2,5,13129.46 ,0.68 ,,,,,,,,,,,,,,,,,,
12,5.4,5,11612.58 ,0.70 ,,,,,,,,,,,,,,,,,,
12,6,5,13726.25 ,0.71 ,,,,,,,,,,,,,,,,,,
12,6.2,5,12134.49 ,0.73 ,,,,,,,,,,,,,,,,,,
12,6.2,5,13875.45 ,0.72 ,,,,,,,,,,,,,,,,,,
12,6.4,5,12264.97 ,0.74 ,,,,,,,,,,,,,,,,,,
12,6.4,5,14024.65 ,0.73 ,,,,,,,,,,,,,,,,,,
12,6.6,5,12395.45 ,0.75 ,,,,,,,,,,,,,,,,,,
12,7.2,5,14621.44 ,0.75 ,,,,,,,,,,,,,,,,,,
12,1,7.5,16653.53 ,0.77 ,,,,,,,,,,,,,,,,,,
12,1.4,7.5,15220.81 ,0.77 ,,,,,,,,,,,,,,,,,,
12,1.6,7.5,17281.97 ,0.74 ,,,,,,,,,,,,,,,,,,
12,1.8,7.5,15594.33 ,0.76 ,,,,,,,,,,,,,,,,,,
12,2.2,7.5,15967.84 ,0.76 ,,,,,,,,,,,,,,,,,,
12,2.6,7.5,16341.36 ,0.76 ,,,,,,,,,,,,,,,,,,
12,2.6,7.5,18329.36 ,0.74 ,,,,,,,,,,,,,,,,,,
12,2.8,7.5,16528.12 ,0.78 ,,,,,,,,,,,,,,,,,,
12,3.2,7.5,16901.64 ,0.79 ,,,,,,,,,,,,,,,,,,
12,3.2,7.5,18957.80 ,0.78 ,,,,,,,,,,,,,,,,,,
12,3.4,7.5,17088.39 ,0.81 ,,,,,,,,,,,,,,,,,,
12,3.6,7.5,19376.75 ,0.79 ,,,,,,,,,,,,,,,,,,
12,3.8,7.5,17461.91 ,0.82 ,,,,,,,,,,,,,,,,,,
12,3.8,7.5,19586.23 ,0.80 ,,,,,,,,,,,,,,,,,,
12,4,7.5,17648.67 ,0.84 ,,,,,,,,,,,,,,,,,,
12,4.6,7.5,18208.94 ,0.86 ,,,,,,,,,,,,,,,,,,
12,4.8,7.5,18395.70 ,0.87 ,,,,,,,,,,,,,,,,,,
12,5.4,7.5,18955.98 ,0.90 ,,,,,,,,,,,,,,,,,,
12,5.6,7.5,19142.74 ,0.91 ,,,,,,,,,,,,,,,,,,
12,5.8,7.5,19329.49 ,0.92 ,,,,,,,,,,,,,,,,,,
12,6.4,7.5,19889.77 ,0.94 ,,,,,,,,,,,,,,,,,,
12,1,5,10623.41 ,0.73 ,,,,,,,,,,,,,,,,,,
12,1.2,5,10781.97 ,0.73 ,,,,,,,,,,,,,,,,,,
12,1.4,5,9648.85 ,0.74 ,,,,,,,,,,,,,,,,,,
12,1.6,5,9788.69 ,0.74 ,,,,,,,,,,,,,,,,,,
12,1.8,5,9928.53 ,0.74 ,,,,,,,,,,,,,,,,,,
12,1.8,5,11257.65 ,0.74 ,,,,,,,,,,,,,,,,,,
12,2,5,10068.36 ,0.75 ,,,,,,,,,,,,,,,,,,
12,2.2,5,10208.20 ,0.76 ,,,,,,,,,,,,,,,,,,
12,2.2,5,11574.76 ,0.75 ,,,,,,,,,,,,,,,,,,
12,2.6,5,10487.88 ,0.78 ,,,,,,,,,,,,,,,,,,
12,2.6,5,11891.88 ,0.78 ,,,,,,,,,,,,,,,,,,
12,2.8,5,10627.72 ,0.79 ,,,,,,,,,,,,,,,,,,
12,2.8,5,12050.44 ,0.79 ,,,,,,,,,,,,,,,,,,
12,3,5,10767.56 ,0.80 ,,,,,,,,,,,,,,,,,,
12,3.2,5,10907.40 ,0.81 ,,,,,,,,,,,,,,,,,,
12,3.2,5,12367.56 ,0.81 ,,,,,,,,,,,,,,,,,,
12,3.4,5,11047.23 ,0.83 ,,,,,,,,,,,,,,,,,,
12,3.6,5,12684.67 ,0.83 ,,,,,,,,,,,,,,,,,,
12,3.8,5,11326.91 ,0.85 ,,,,,,,,,,,,,,,,,,
12,3.8,5,12843.23 ,0.85 ,,,,,,,,,,,,,,,,,,
12,4,5,13001.79 ,0.85 ,,,,,,,,,,,,,,,,,,
12,4.2,5,11606.59 ,0.87 ,,,,,,,,,,,,,,,,,,
12,4.2,5,13160.35 ,0.86 ,,,,,,,,,,,,,,,,,,
12,4.4,5,11746.43 ,0.88 ,,,,,,,,,,,,,,,,,,
12,4.6,5,13477.46 ,0.88 ,,,,,,,,,,,,,,,,,,
12,4.8,5,12026.10 ,0.89 ,,,,,,,,,,,,,,,,,,
12,4.8,5,13636.02 ,0.89 ,,,,,,,,,,,,,,,,,,
12,5,5,12165.94 ,0.90 ,,,,,,,,,,,,,,,,,,
12,5.2,5,13953.14 ,0.91 ,,,,,,,,,,,,,,,,,,
12,5.4,5,12445.62 ,0.93 ,,,,,,,,,,,,,,,,,,
12,5.4,5,14111.70 ,0.92 ,,,,,,,,,,,,,,,,,,
12,5.6,5,12585.46 ,0.94 ,,,,,,,,,,,,,,,,,,
12,5.8,5,14428.81 ,0.94 ,,,,,,,,,,,,,,,,,,
12,6,5,12865.13 ,0.96 ,,,,,,,,,,,,,,,,,,
12,6,5,14587.37 ,0.96 ,,,,,,,,,,,,,,,,,,
12,6.2,5,13004.97 ,0.97 ,,,,,,,,,,,,,,,,,,
12,6.4,5,13144.81 ,0.98 ,,,,,,,,,,,,,,,,,,
12,6.4,5,14904.49 ,0.98 ,,,,,,,,,,,,,,,,,,
12,6.6,5,13284.65 ,0.99 ,,,,,,,,,,,,,,,,,,
12,6.6,5,15063.05 ,0.99 ,,,,,,,,,,,,,,,,,,
12,6.8,5,15221.61 ,1.00 ,,,,,,,,,,,,,,,,,,
12,1.2,7.5,18234.73 ,0.96 ,,,,,,,,,,,,,,,,,,
12,1.4,7.5,18461.25 ,0.96 ,,,,,,,,,,,,,,,,,,
12,1.6,7.5,16813.37 ,0.97 ,,,,,,,,,,,,,,,,,,
12,1.8,7.5,17017.17 ,0.98 ,,,,,,,,,,,,,,,,,,
12,1.8,7.5,18914.29 ,0.97 ,,,,,,,,,,,,,,,,,,
12,2,7.5,19140.80 ,0.98 ,,,,,,,,,,,,,,,,,,
12,2.2,7.5,17424.76 ,0.99 ,,,,,,,,,,,,,,,,,,
12,2.4,7.5,19593.84 ,1.00 ,,,,,,,,,,,,,,,,,,
12,1,5,9996.29 ,0.96 ,,,,,,,,,,,,,,,,,,
12,1,5,11250.53 ,0.96 ,,,,,,,,,,,,,,,,,,
12,1.2,5,10145.49 ,0.96 ,,,,,,,,,,,,,,,,,,
12,1.2,5,11418.45 ,0.97 ,,,,,,,,,,,,,,,,,,
12,1.4,5,10294.69 ,0.96 ,,,,,,,,,,,,,,,,,,
12,1.4,5,11586.37 ,0.97 ,,,,,,,,,,,,,,,,,,
12,1.6,5,10443.89 ,0.97 ,,,,,,,,,,,,,,,,,,
12,1.6,5,11754.29 ,0.98 ,,,,,,,,,,,,,,,,,,
12,1.8,5,10593.09 ,0.98 ,,,,,,,,,,,,,,,,,,
12,1.8,5,11922.21 ,0.99 ,,,,,,,,,,,,,,,,,,
12,2,5,10742.28 ,0.99 ,,,,,,,,,,,,,,,,,,
12,2.4,6,10386.16 ,0.87 ,,,,,,,,,,,,,,,,,,
12,5.4,6,10448.14 ,0.90 ,,,,,,,,,,,,,,,,,,
12,5.4,6,12358.22 ,0.77 ,,,,,,,,,,,,,,,,,,
12,5.6,6,10559.29 ,0.93 ,,,,,,,,,,,,,,,,,,
12,5.2,9,18909.33 ,0.92 ,,,,,,,,,,,,,,,,,,
12,5.4,9,19084.42 ,0.94 ,,,,,,,,,,,,,,,,,,
12,2,6,10905.54 ,0.56 ,,,,,,,,,,,,,,,,,,
12,3,6,11613.69 ,0.54 ,,,,,,,,,,,,,,,,,,
12,4.2,6,12463.48 ,0.55 ,,,,,,,,,,,,,,,,,,
12,4.4,6,10796.63 ,0.61 ,,,,,,,,,,,,,,,,,,
12,6,6,13738.15 ,0.59 ,,,,,,,,,,,,,,,,,,
12,6.2,6,11888.42 ,0.65 ,,,,,,,,,,,,,,,,,,
12,6.2,6,13879.78 ,0.60 ,,,,,,,,,,,,,,,,,,
12,6.4,6,12009.73 ,0.66 ,,,,,,,,,,,,,,,,,,
12,2,9,15530.19 ,0.75 ,,,,,,,,,,,,,,,,,,
12,2,9,17841.23 ,0.69 ,,,,,,,,,,,,,,,,,,
12,3,9,16374.22 ,0.73 ,,,,,,,,,,,,,,,,,,
12,3,9,18810.86 ,0.67 ,,,,,,,,,,,,,,,,,,
12,4.2,9,17387.06 ,0.74 ,,,,,,,,,,,,,,,,,,
12,4.2,9,19974.42 ,0.68 ,,,,,,,,,,,,,,,,,,
12,4.4,9,17555.87 ,0.76 ,,,,,,,,,,,,,,,,,,
12,5.8,9,18737.51 ,0.78 ,,,,,,,,,,,,,,,,,,
12,6,9,18906.32 ,0.80 ,,,,,,,,,,,,,,,,,,
12,1.2,6,9597.34 ,0.68 ,,,,,,,,,,,,,,,,,,
12,1.6,6,9860.28 ,0.65 ,,,,,,,,,,,,,,,,,,
12,2,6,10123.22 ,0.64 ,,,,,,,,,,,,,,,,,,
12,2,6,11687.86 ,0.62 ,,,,,,,,,,,,,,,,,,
12,2.4,6,11991.44 ,0.62 ,,,,,,,,,,,,,,,,,,
12,2.6,6,10517.63 ,0.65 ,,,,,,,,,,,,,,,,,,
12,3,6,12446.81 ,0.64 ,,,,,,,,,,,,,,,,,,
12,3.2,6,10912.04 ,0.67 ,,,,,,,,,,,,,,,,,,
12,3.6,6,12902.18 ,0.66 ,,,,,,,,,,,,,,,,,,
12,3.8,6,11306.45 ,0.69 ,,,,,,,,,,,,,,,,,,
12,3.8,6,13053.97 ,0.67 ,,,,,,,,,,,,,,,,,,
12,4,6,11437.92 ,0.70 ,,,,,,,,,,,,,,,,,,
12,4.6,6,13661.14 ,0.70 ,,,,,,,,,,,,,,,,,,
12,4.8,6,11963.81 ,0.73 ,,,,,,,,,,,,,,,,,,
12,4.8,6,13812.93 ,0.71 ,,,,,,,,,,,,,,,,,,
12,5,6,12095.28 ,0.74 ,,,,,,,,,,,,,,,,,,
12,5.6,6,14420.09 ,0.74 ,,,,,,,,,,,,,,,,,,
12,5.8,6,12621.16 ,0.76 ,,,,,,,,,,,,,,,,,,
12,5.8,6,14571.88 ,0.75 ,,,,,,,,,,,,,,,,,,
12,6,6,12752.63 ,0.78 ,,,,,,,,,,,,,,,,,,
12,6.8,6,15330.83 ,0.79 ,,,,,,,,,,,,,,,,,,
12,7,6,13409.98 ,0.82 ,,,,,,,,,,,,,,,,,,
12,7,6,15482.62 ,0.80 ,,,,,,,,,,,,,,,,,,
12,7.2,6,13541.45 ,0.82 ,,,,,,,,,,,,,,,,,,
12,1,9,18510.68 ,0.81 ,,,,,,,,,,,,,,,,,,
12,1.4,9,16700.53 ,0.80 ,,,,,,,,,,,,,,,,,,
12,1.4,9,18936.21 ,0.78 ,,,,,,,,,,,,,,,,,,
12,1.8,9,19361.74 ,0.77 ,,,,,,,,,,,,,,,,,,
12,2,9,17263.47 ,0.80 ,,,,,,,,,,,,,,,,,,
12,2.2,9,19787.28 ,0.77 ,,,,,,,,,,,,,,,,,,
12,2.4,9,17638.76 ,0.80 ,,,,,,,,,,,,,,,,,,
12,3,9,18201.70 ,0.82 ,,,,,,,,,,,,,,,,,,
12,3.6,9,18764.64 ,0.86 ,,,,,,,,,,,,,,,,,,
12,4.2,9,19327.58 ,0.88 ,,,,,,,,,,,,,,,,,,
12,4.4,9,19515.23 ,0.90 ,,,,,,,,,,,,,,,,,,
12,1,6,11660.43 ,0.82 ,,,,,,,,,,,,,,,,,,
12,1.2,6,10339.02 ,0.82 ,,,,,,,,,,,,,,,,,,
12,1.2,6,11822.38 ,0.82 ,,,,,,,,,,,,,,,,,,
12,1.4,6,11984.33 ,0.82 ,,,,,,,,,,,,,,,,,,
12,1.6,6,10622.28 ,0.83 ,,,,,,,,,,,,,,,,,,
12,1.6,6,12146.28 ,0.82 ,,,,,,,,,,,,,,,,,,
12,1.8,6,10763.91 ,0.84 ,,,,,,,,,,,,,,,,,,
12,1.8,6,12308.23 ,0.83 ,,,,,,,,,,,,,,,,,,
12,2,6,12470.18 ,0.84 ,,,,,,,,,,,,,,,,,,
12,2.2,6,11047.17 ,0.86 ,,,,,,,,,,,,,,,,,,
12,2.4,6,11188.80 ,0.87 ,,,,,,,,,,,,,,,,,,
12,2.4,6,12794.08 ,0.86 ,,,,,,,,,,,,,,,,,,
12,2.6,6,11330.43 ,0.88 ,,,,,,,,,,,,,,,,,,
12,2.6,6,12956.03 ,0.87 ,,,,,,,,,,,,,,,,,,
12,2.8,6,13117.98 ,0.88 ,,,,,,,,,,,,,,,,,,
12,3,6,11613.69 ,0.90 ,,,,,,,,,,,,,,,,,,
12,3,6,13279.93 ,0.90 ,,,,,,,,,,,,,,,,,,
12,3.2,6,11755.32 ,0.92 ,,,,,,,,,,,,,,,,,,
12,3.4,6,13603.83 ,0.92 ,,,,,,,,,,,,,,,,,,
12,3.6,6,12038.58 ,0.94 ,,,,,,,,,,,,,,,,,,
12,3.6,6,13765.78 ,0.93 ,,,,,,,,,,,,,,,,,,
12,3.8,6,13927.73 ,0.94 ,,,,,,,,,,,,,,,,,,
12,4,6,12321.84 ,0.97 ,,,,,,,,,,,,,,,,,,
12,4,6,14089.68 ,0.96 ,,,,,,,,,,,,,,,,,,
12,4.2,6,12463.48 ,0.98 ,,,,,,,,,,,,,,,,,,
12,4.4,6,14413.59 ,0.98 ,,,,,,,,,,,,,,,,,,
12,4.6,6,14575.54 ,0.99 ,,,,,,,,,,,,,,,,,,
12,2.6,7,12054.90 ,0.71 ,,,,,,,,,,,,,,,,,,
12,4.6,7,13473.13 ,0.65 ,,,,,,,,,,,,,,,,,,
12,4.8,7,11510.63 ,0.78 ,,,,,,,,,,,,,,,,,,
12,2.6,10.5,19660.98 ,0.89 ,,,,,,,,,,,,,,,,,,
12,4.6,10.5,18483.12 ,0.97 ,,,,,,,,,,,,,,,,,,
12,1.2,7,10207.27 ,0.72 ,,,,,,,,,,,,,,,,,,
12,1.6,7,12222.59 ,0.64 ,,,,,,,,,,,,,,,,,,
12,2.2,7,12680.94 ,0.61 ,,,,,,,,,,,,,,,,,,
12,2.4,7,10992.44 ,0.65 ,,,,,,,,,,,,,,,,,,
12,3,7,13292.07 ,0.62 ,,,,,,,,,,,,,,,,,,
12,3.8,7,13903.20 ,0.63 ,,,,,,,,,,,,,,,,,,
12,4,7,12039.34 ,0.67 ,,,,,,,,,,,,,,,,,,
12,4.8,7,14667.11 ,0.66 ,,,,,,,,,,,,,,,,,,
12,5,7,12693.65 ,0.70 ,,,,,,,,,,,,,,,,,,
12,5,7,14819.89 ,0.67 ,,,,,,,,,,,,,,,,,,
12,5.2,7,12824.52 ,0.71 ,,,,,,,,,,,,,,,,,,
12,6.2,7,15736.59 ,0.71 ,,,,,,,,,,,,,,,,,,
12,6.4,7,13609.69 ,0.75 ,,,,,,,,,,,,,,,,,,
12,6.4,7,15889.37 ,0.72 ,,,,,,,,,,,,,,,,,,
12,6.6,7,13740.55 ,0.76 ,,,,,,,,,,,,,,,,,,
12,6.6,7,16042.15 ,0.73 ,,,,,,,,,,,,,,,,,,
12,6.8,7,13871.41 ,0.77 ,,,,,,,,,,,,,,,,,,
12,1.2,10.5,17661.24 ,0.89 ,,,,,,,,,,,,,,,,,,
12,1.6,10.5,18031.10 ,0.83 ,,,,,,,,,,,,,,,,,,
12,2.2,10.5,18585.91 ,0.80 ,,,,,,,,,,,,,,,,,,
12,1,7,12608.16 ,0.82 ,,,,,,,,,,,,,,,,,,
12,1.2,7,11062.15 ,0.84 ,,,,,,,,,,,,,,,,,,
12,1.4,7,11203.97 ,0.84 ,,,,,,,,,,,,,,,,,,
12,1.4,7,12935.65 ,0.82 ,,,,,,,,,,,,,,,,,,
12,1.6,7,13099.39 ,0.82 ,,,,,,,,,,,,,,,,,,
12,1.8,7,11487.61 ,0.85 ,,,,,,,,,,,,,,,,,,
12,2,7,13426.88 ,0.84 ,,,,,,,,,,,,,,,,,,
12,2.2,7,11771.26 ,0.86 ,,,,,,,,,,,,,,,,,,
12,2.4,7,13754.36 ,0.86 ,,,,,,,,,,,,,,,,,,
12,2.6,7,12054.90 ,0.88 ,,,,,,,,,,,,,,,,,,
12,2.8,7,14081.85 ,0.88 ,,,,,,,,,,,,,,,,,,
12,3,7,12338.55 ,0.90 ,,,,,,,,,,,,,,,,,,
12,3,7,14245.59 ,0.90 ,,,,,,,,,,,,,,,,,,
12,3.2,7,12480.37 ,0.92 ,,,,,,,,,,,,,,,,,,
12,3.4,7,14573.07 ,0.92 ,,,,,,,,,,,,,,,,,,
12,3.6,7,12764.02 ,0.94 ,,,,,,,,,,,,,,,,,,
12,4,7,13047.66 ,0.96 ,,,,,,,,,,,,,,,,,,
12,4,7,15064.30 ,0.95 ,,,,,,,,,,,,,,,,,,
12,4.2,7,13189.48 ,0.98 ,,,,,,,,,,,,,,,,,,
12,4.4,7,15391.79 ,0.97 ,,,,,,,,,,,,,,,,,,
12,4.6,7,15555.53 ,0.98 ,,,,,,,,,,,,,,,,,,
12,1.4,8,10806.97 ,0.83 ,,,,,,,,,,,,,,,,,,
12,1.4,8,12782.65 ,0.76 ,,,,,,,,,,,,,,,,,,
12,2.4,8,11450.24 ,0.73 ,,,,,,,,,,,,,,,,,,
12,2.4,8,13543.52 ,0.66 ,,,,,,,,,,,,,,,,,,
12,3.8,8,14608.74 ,0.63 ,,,,,,,,,,,,,,,,,,
12,4,8,12479.48 ,0.73 ,,,,,,,,,,,,,,,,,,
12,5.6,8,15978.31 ,0.64 ,,,,,,,,,,,,,,,,,,
12,5.8,8,13637.37 ,0.73 ,,,,,,,,,,,,,,,,,,
12,5.8,8,16130.49 ,0.65 ,,,,,,,,,,,,,,,,,,
12,6,8,13766.02 ,0.75 ,,,,,,,,,,,,,,,,,,
12,2.4,12,19469.84 ,0.95 ,,,,,,,,,,,,,,,,,,
12,1.4,8,11794.81 ,0.79 ,,,,,,,,,,,,,,,,,,
12,1.4,8,13770.49 ,0.76 ,,,,,,,,,,,,,,,,,,
12,1.8,8,14098.36 ,0.75 ,,,,,,,,,,,,,,,,,,
12,2,8,12216.05 ,0.78 ,,,,,,,,,,,,,,,,,,
12,2.4,8,12496.88 ,0.78 ,,,,,,,,,,,,,,,,,,
12,2.8,8,14918.03 ,0.77 ,,,,,,,,,,,,,,,,,,
12,3,8,12918.12 ,0.79 ,,,,,,,,,,,,,,,,,,
12,3.4,8,15409.83 ,0.79 ,,,,,,,,,,,,,,,,,,
12,3.6,8,13339.37 ,0.82 ,,,,,,,,,,,,,,,,,,
12,3.8,8,13479.78 ,0.83 ,,,,,,,,,,,,,,,,,,
12,4.2,8,16065.57 ,0.82 ,,,,,,,,,,,,,,,,,,
12,4.4,8,13901.03 ,0.85 ,,,,,,,,,,,,,,,,,,
12,4.4,8,16229.51 ,0.83 ,,,,,,,,,,,,,,,,,,
12,4.6,8,14041.44 ,0.86 ,,,,,,,,,,,,,,,,,,
12,5.2,8,16885.24 ,0.86 ,,,,,,,,,,,,,,,,,,
12,5.4,8,14603.10 ,0.89 ,,,,,,,,,,,,,,,,,,
12,5.4,8,17049.18 ,0.87 ,,,,,,,,,,,,,,,,,,
12,5.6,8,14743.51 ,0.90 ,,,,,,,,,,,,,,,,,,
12,6.2,8,17704.92 ,0.91 ,,,,,,,,,,,,,,,,,,
12,6.4,8,15305.17 ,0.94 ,,,,,,,,,,,,,,,,,,
12,6.4,8,17868.85 ,0.92 ,,,,,,,,,,,,,,,,,,
12,6.6,8,15445.58 ,0.95 ,,,,,,,,,,,,,,,,,,
12,6.6,8,18032.78 ,0.93 ,,,,,,,,,,,,,,,,,,
12,6.8,8,15586.00 ,0.97 ,,,,,,,,,,,,,,,,,,
12,2,9,12641.39 ,0.73 ,,,,,,,,,,,,,,,,,,
12,2,9,14952.43 ,0.68 ,,,,,,,,,,,,,,,,,,
12,3,9,13328.42 ,0.72 ,,,,,,,,,,,,,,,,,,
12,4,9,16577.69 ,0.65 ,,,,,,,,,,,,,,,,,,
12,4.2,9,14152.86 ,0.72 ,,,,,,,,,,,,,,,,,,
12,4.2,9,16740.22 ,0.66 ,,,,,,,,,,,,,,,,,,
12,5.6,9,17877.90 ,0.68 ,,,,,,,,,,,,,,,,,,
12,5.8,9,15252.11 ,0.75 ,,,,,,,,,,,,,,,,,,
12,5.8,9,18040.43 ,0.70 ,,,,,,,,,,,,,,,,,,
12,6,9,15389.52 ,0.77 ,,,,,,,,,,,,,,,,,,
12,1,9,13047.08 ,0.97 ,,,,,,,,,,,,,,,,,,
12,1.2,9,13197.04 ,0.95 ,,,,,,,,,,,,,,,,,,
12,1.4,9,15582.69 ,0.93 ,,,,,,,,,,,,,,,,,,
12,1.6,9,13496.98 ,0.96 ,,,,,,,,,,,,,,,,,,
12,1.8,9,15932.86 ,0.95 ,,,,,,,,,,,,,,,,,,
12,2,9,13796.91 ,0.98 ,,,,,,,,,,,,,,,,,,
12,2.2,9,16283.04 ,0.97 ,,,,,,,,,,,,,,,,,,
12,2.4,9,14096.84 ,0.99 ,,,,,,,,,,,,,,,,,,
12,2.6,9,16633.21 ,0.98 ,,,,,,,,,,,,,,,,,,
12,1,10,15904.81 ,0.83 ,,,,,,,,,,,,,,,,,,
12,1.6,10,13885.05 ,0.80 ,,,,,,,,,,,,,,,,,,
12,2.2,10,14323.52 ,0.77 ,,,,,,,,,,,,,,,,,,
12,2.2,10,16942.08 ,0.73 ,,,,,,,,,,,,,,,,,,
12,2.8,10,17460.72 ,0.71 ,,,,,,,,,,,,,,,,,,
12,3,10,14908.16 ,0.76 ,,,,,,,,,,,,,,,,,,
12,3.8,10,18325.11 ,0.72 ,,,,,,,,,,,,,,,,,,
12,4,10,15638.95 ,0.78 ,,,,,,,,,,,,,,,,,,
12,5,10,19362.38 ,0.76 ,,,,,,,,,,,,,,,,,,
12,5.2,10,16515.90 ,0.81 ,,,,,,,,,,,,,,,,,,
12,6.4,10,17392.85 ,0.85 ,,,,,,,,,,,,,,,,,,
12,6.6,10,17539.01 ,0.86 ,,,,,,,,,,,,,,,,,,
12,6.8,10,17685.17 ,0.87 ,,,,,,,,,,,,,,,,,,
13,4.2,2,8592.65 ,0.93 ,,,,,,,,,,,,,,,,,,
13,2,2,7689.88 ,0.88 ,,,,,,,,,,,,,,,,,,
13,4.2,2,8073.77 ,0.71 ,,,,,,,,,,,,,,,,,,
13,4.2,2,9111.53 ,0.65 ,,,,,,,,,,,,,,,,,,
13,4.2,3,11434.44 ,0.87 ,,,,,,,,,,,,,,,,,,
13,4.2,3,12666.60 ,0.80 ,,,,,,,,,,,,,,,,,,
13,2.2,2,7373.84 ,0.71 ,,,,,,,,,,,,,,,,,,
13,3.6,2,8227.01 ,0.57 ,,,,,,,,,,,,,,,,,,
13,3.6,2,9220.61 ,0.53 ,,,,,,,,,,,,,,,,,,
13,6,2,9689.59 ,0.54 ,,,,,,,,,,,,,,,,,,
13,6,2,10859.83 ,0.49 ,,,,,,,,,,,,,,,,,,
13,6.2,2,9811.47 ,0.55 ,,,,,,,,,,,,,,,,,,
13,6.2,2,10996.43 ,0.50 ,,,,,,,,,,,,,,,,,,
13,2.2,3,10721.67 ,0.90 ,,,,,,,,,,,,,,,,,,
13,2.2,3,11790.63 ,0.85 ,,,,,,,,,,,,,,,,,,
13,3.6,3,11867.50 ,0.72 ,,,,,,,,,,,,,,,,,,
13,3.6,3,13050.70 ,0.67 ,,,,,,,,,,,,,,,,,,
13,5.8,3,13668.08 ,0.66 ,,,,,,,,,,,,,,,,,,
13,5.8,3,15030.80 ,0.61 ,,,,,,,,,,,,,,,,,,
13,6,3,13831.77 ,0.68 ,,,,,,,,,,,,,,,,,,
13,1.2,2,7172.91 ,0.78 ,,,,,,,,,,,,,,,,,,
13,2,2,7689.88 ,0.60 ,,,,,,,,,,,,,,,,,,
13,2,2,8565.72 ,0.57 ,,,,,,,,,,,,,,,,,,
13,3,2,8336.08 ,0.51 ,,,,,,,,,,,,,,,,,,
13,3,2,9285.52 ,0.48 ,,,,,,,,,,,,,,,,,,
13,4.4,2,9240.77 ,0.47 ,,,,,,,,,,,,,,,,,,
13,4.4,2,10293.25 ,0.44 ,,,,,,,,,,,,,,,,,,
13,6.4,2,10533.19 ,0.47 ,,,,,,,,,,,,,,,,,,
13,6.4,2,11732.87 ,0.43 ,,,,,,,,,,,,,,,,,,
13,6.6,2,10662.43 ,0.48 ,,,,,,,,,,,,,,,,,,
13,6.6,2,11876.83 ,0.44 ,,,,,,,,,,,,,,,,,,
13,2,3,11347.46 ,0.79 ,,,,,,,,,,,,,,,,,,
13,3,3,12227.11 ,0.66 ,,,,,,,,,,,,,,,,,,
13,3,3,13361.35 ,0.63 ,,,,,,,,,,,,,,,,,,
13,4.4,3,13458.61 ,0.61 ,,,,,,,,,,,,,,,,,,
13,4.4,3,14707.09 ,0.58 ,,,,,,,,,,,,,,,,,,
13,6,3,16245.09 ,0.55 ,,,,,,,,,,,,,,,,,,
13,6.2,3,15041.98 ,0.60 ,,,,,,,,,,,,,,,,,,
13,6.2,3,16437.34 ,0.56 ,,,,,,,,,,,,,,,,,,
13,6.4,3,15217.91 ,0.61 ,,,,,,,,,,,,,,,,,,
13,2.4,2,8401.00 ,0.49 ,,,,,,,,,,,,,,,,,,
13,2.4,2,9306.28 ,0.46 ,,,,,,,,,,,,,,,,,,
13,3.4,2,9084.01 ,0.45 ,,,,,,,,,,,,,,,,,,
13,4.4,2,9767.01 ,0.43 ,,,,,,,,,,,,,,,,,,
13,4.4,2,10819.49 ,0.41 ,,,,,,,,,,,,,,,,,,
13,4.6,2,9903.62 ,0.44 ,,,,,,,,,,,,,,,,,,
13,6,2,10859.83 ,0.45 ,,,,,,,,,,,,,,,,,,
13,6,2,12030.07 ,0.42 ,,,,,,,,,,,,,,,,,,
13,6.2,2,10996.43 ,0.46 ,,,,,,,,,,,,,,,,,,
13,6.2,2,12181.39 ,0.43 ,,,,,,,,,,,,,,,,,,
13,7.8,2,12089.24 ,0.47 ,,,,,,,,,,,,,,,,,,
13,7.8,2,13391.96 ,0.44 ,,,,,,,,,,,,,,,,,,
13,1.6,3,11760.60 ,0.75 ,,,,,,,,,,,,,,,,,,
13,1.6,3,12780.60 ,0.72 ,,,,,,,,,,,,,,,,,,
13,3.2,3,13265.96 ,0.61 ,,,,,,,,,,,,,,,,,,
13,3.2,3,14416.52 ,0.59 ,,,,,,,,,,,,,,,,,,
13,4.4,3,14394.97 ,0.60 ,,,,,,,,,,,,,,,,,,
13,4.4,3,15643.45 ,0.57 ,,,,,,,,,,,,,,,,,,
13,5.6,3,16870.39 ,0.57 ,,,,,,,,,,,,,,,,,,
13,5.8,3,15712.16 ,0.60 ,,,,,,,,,,,,,,,,,,
13,5.8,3,17074.88 ,0.58 ,,,,,,,,,,,,,,,,,,
13,6,3,15900.33 ,0.61 ,,,,,,,,,,,,,,,,,,
13,7.4,3,18710.80 ,0.59 ,,,,,,,,,,,,,,,,,,
13,7.6,3,17405.69 ,0.63 ,,,,,,,,,,,,,,,,,,
13,7.6,3,18915.29 ,0.60 ,,,,,,,,,,,,,,,,,,
13,7.8,3,17593.86 ,0.64 ,,,,,,,,,,,,,,,,,,
13,1.4,2,8133.83 ,0.56 ,,,,,,,,,,,,,,,,,,
13,1.8,2,8421.75 ,0.50 ,,,,,,,,,,,,,,,,,,
13,1.8,2,9282.87 ,0.48 ,,,,,,,,,,,,,,,,,,
13,2.4,2,8853.64 ,0.46 ,,,,,,,,,,,,,,,,,,
13,2.4,2,9758.92 ,0.45 ,,,,,,,,,,,,,,,,,,
13,3.2,2,9429.48 ,0.45 ,,,,,,,,,,,,,,,,,,
13,3.2,2,10393.64 ,0.44 ,,,,,,,,,,,,,,,,,,
13,4,2,10005.33 ,0.45 ,,,,,,,,,,,,,,,,,,
13,4,2,11028.37 ,0.43 ,,,,,,,,,,,,,,,,,,
13,4.2,2,10149.29 ,0.45 ,,,,,,,,,,,,,,,,,,
13,5,2,11821.78 ,0.44 ,,,,,,,,,,,,,,,,,,
13,5.2,2,10869.10 ,0.46 ,,,,,,,,,,,,,,,,,,
13,5.2,2,11980.46 ,0.45 ,,,,,,,,,,,,,,,,,,
13,6.4,2,12932.55 ,0.46 ,,,,,,,,,,,,,,,,,,
13,6.6,2,11876.83 ,0.48 ,,,,,,,,,,,,,,,,,,
13,6.6,2,13091.23 ,0.47 ,,,,,,,,,,,,,,,,,,
13,6.8,2,12020.79 ,0.49 ,,,,,,,,,,,,,,,,,,
13,6.8,2,13249.91 ,0.48 ,,,,,,,,,,,,,,,,,,
13,1.8,3,12726.01 ,0.70 ,,,,,,,,,,,,,,,,,,
13,2.2,3,14195.79 ,0.61 ,,,,,,,,,,,,,,,,,,
13,3,3,13928.47 ,0.62 ,,,,,,,,,,,,,,,,,,
13,3,3,15062.71 ,0.60 ,,,,,,,,,,,,,,,,,,
13,3.8,3,14730.11 ,0.61 ,,,,,,,,,,,,,,,,,,
13,3.8,3,15929.63 ,0.60 ,,,,,,,,,,,,,,,,,,
13,4.8,3,15732.15 ,0.62 ,,,,,,,,,,,,,,,,,,
13,4.8,3,17013.27 ,0.61 ,,,,,,,,,,,,,,,,,,
13,5,3,15932.56 ,0.63 ,,,,,,,,,,,,,,,,,,
13,6,3,18313.65 ,0.62 ,,,,,,,,,,,,,,,,,,
13,6.2,3,17135.02 ,0.65 ,,,,,,,,,,,,,,,,,,
13,6.2,3,18530.38 ,0.63 ,,,,,,,,,,,,,,,,,,
13,6.4,3,17335.43 ,0.66 ,,,,,,,,,,,,,,,,,,
13,7.8,3,18738.30 ,0.69 ,,,,,,,,,,,,,,,,,,
13,2,3,7136.90 ,0.86 ,,,,,,,,,,,,,,,,,,
13,2,3,8189.54 ,0.80 ,,,,,,,,,,,,,,,,,,
13,4,3,9459.24 ,0.60 ,,,,,,,,,,,,,,,,,,
13,4.2,3,8354.04 ,0.69 ,,,,,,,,,,,,,,,,,,
13,2,4.5,11834.04 ,0.99 ,,,,,,,,,,,,,,,,,,
13,4,4.5,13477.65 ,0.74 ,,,,,,,,,,,,,,,,,,
13,4.2,4.5,12088.25 ,0.83 ,,,,,,,,,,,,,,,,,,
13,7.8,4.5,16600.52 ,0.69 ,,,,,,,,,,,,,,,,,,
13,1.6,3,7425.60 ,0.67 ,,,,,,,,,,,,,,,,,,
13,2.6,3,9121.25 ,0.50 ,,,,,,,,,,,,,,,,,,
13,4.2,3,8970.12 ,0.50 ,,,,,,,,,,,,,,,,,,
13,4.2,3,10202.28 ,0.46 ,,,,,,,,,,,,,,,,,,
13,6.2,3,11553.58 ,0.44 ,,,,,,,,,,,,,,,,,,
13,6.4,3,10277.03 ,0.49 ,,,,,,,,,,,,,,,,,,
13,6.4,3,11688.71 ,0.45 ,,,,,,,,,,,,,,,,,,
13,6.6,3,10395.84 ,0.50 ,,,,,,,,,,,,,,,,,,
13,1.6,4.5,11177.71 ,0.84 ,,,,,,,,,,,,,,,,,,
13,2.6,4.5,13380.12 ,0.62 ,,,,,,,,,,,,,,,,,,
13,4,4.5,14628.93 ,0.56 ,,,,,,,,,,,,,,,,,,
13,4.2,4.5,13253.57 ,0.62 ,,,,,,,,,,,,,,,,,,
13,6,4.5,16412.95 ,0.54 ,,,,,,,,,,,,,,,,,,
13,6.2,4.5,14850.39 ,0.61 ,,,,,,,,,,,,,,,,,,
13,6.2,4.5,16591.35 ,0.55 ,,,,,,,,,,,,,,,,,,
13,6.4,4.5,15010.07 ,0.62 ,,,,,,,,,,,,,,,,,,
13,2.4,3,8443.48 ,0.45 ,,,,,,,,,,,,,,,,,,
13,2.4,3,9528.76 ,0.43 ,,,,,,,,,,,,,,,,,,
13,3.2,3,10101.92 ,0.40 ,,,,,,,,,,,,,,,,,,
13,3.4,3,9078.33 ,0.43 ,,,,,,,,,,,,,,,,,,
13,4.4,3,9713.17 ,0.42 ,,,,,,,,,,,,,,,,,,
13,4.4,3,10961.65 ,0.40 ,,,,,,,,,,,,,,,,,,
13,4.6,3,9840.14 ,0.43 ,,,,,,,,,,,,,,,,,,
13,4.6,3,11104.94 ,0.41 ,,,,,,,,,,,,,,,,,,
13,6,3,12107.97 ,0.42 ,,,,,,,,,,,,,,,,,,
13,6.2,3,10855.90 ,0.45 ,,,,,,,,,,,,,,,,,,
13,6.2,3,12251.26 ,0.42 ,,,,,,,,,,,,,,,,,,
13,6.4,3,10982.87 ,0.46 ,,,,,,,,,,,,,,,,,,
13,1,4.5,12893.59 ,0.76 ,,,,,,,,,,,,,,,,,,
13,1.6,4.5,12160.51 ,0.65 ,,,,,,,,,,,,,,,,,,
13,1.6,4.5,13470.91 ,0.62 ,,,,,,,,,,,,,,,,,,
13,2.2,4.5,14048.24 ,0.54 ,,,,,,,,,,,,,,,,,,
13,3.2,4.5,13550.28 ,0.53 ,,,,,,,,,,,,,,,,,,
13,3.2,4.5,15010.44 ,0.51 ,,,,,,,,,,,,,,,,,,
13,4.4,4.5,14592.61 ,0.54 ,,,,,,,,,,,,,,,,,,
13,4.4,4.5,16165.09 ,0.51 ,,,,,,,,,,,,,,,,,,
13,5.8,4.5,17512.19 ,0.52 ,,,,,,,,,,,,,,,,,,
13,6,4.5,15982.39 ,0.57 ,,,,,,,,,,,,,,,,,,
13,6,4.5,17704.63 ,0.53 ,,,,,,,,,,,,,,,,,,
13,7.6,4.5,19244.16 ,0.55 ,,,,,,,,,,,,,,,,,,
13,7.8,4.5,17545.88 ,0.60 ,,,,,,,,,,,,,,,,,,
13,7.8,4.5,19436.60 ,0.56 ,,,,,,,,,,,,,,,,,,
13,1,3,8040.21 ,0.55 ,,,,,,,,,,,,,,,,,,
13,1,3,9011.25 ,0.54 ,,,,,,,,,,,,,,,,,,
13,1.4,3,8310.47 ,0.49 ,,,,,,,,,,,,,,,,,,
13,1.4,3,9314.15 ,0.48 ,,,,,,,,,,,,,,,,,,
13,1.8,3,8580.73 ,0.45 ,,,,,,,,,,,,,,,,,,
13,1.8,3,9617.05 ,0.43 ,,,,,,,,,,,,,,,,,,
13,2.4,3,8986.12 ,0.42 ,,,,,,,,,,,,,,,,,,
13,3,3,9391.51 ,0.41 ,,,,,,,,,,,,,,,,,,
13,3,3,10525.75 ,0.40 ,,,,,,,,,,,,,,,,,,
13,3.8,3,9932.03 ,0.42 ,,,,,,,,,,,,,,,,,,
13,3.8,3,11131.55 ,0.41 ,,,,,,,,,,,,,,,,,,
13,4.8,3,10607.67 ,0.44 ,,,,,,,,,,,,,,,,,,
13,4.8,3,11888.79 ,0.43 ,,,,,,,,,,,,,,,,,,
13,5,3,10742.80 ,0.45 ,,,,,,,,,,,,,,,,,,
13,5.8,3,12646.04 ,0.45 ,,,,,,,,,,,,,,,,,,
13,6,3,11418.45 ,0.47 ,,,,,,,,,,,,,,,,,,
13,6,3,12797.49 ,0.45 ,,,,,,,,,,,,,,,,,,
13,6.2,3,11553.58 ,0.48 ,,,,,,,,,,,,,,,,,,
13,7.2,3,13706.19 ,0.48 ,,,,,,,,,,,,,,,,,,
13,7.4,3,12364.36 ,0.50 ,,,,,,,,,,,,,,,,,,
13,7.4,3,13857.64 ,0.48 ,,,,,,,,,,,,,,,,,,
13,7.6,3,12499.49 ,0.51 ,,,,,,,,,,,,,,,,,,
13,7.6,3,14009.09 ,0.49 ,,,,,,,,,,,,,,,,,,
13,7.8,3,12634.62 ,0.51 ,,,,,,,,,,,,,,,,,,
13,2.2,4.5,13706.60 ,0.56 ,,,,,,,,,,,,,,,,,,
13,2.2,4.5,15073.16 ,0.55 ,,,,,,,,,,,,,,,,,,
13,2.8,4.5,14269.88 ,0.55 ,,,,,,,,,,,,,,,,,,
13,2.8,4.5,15692.60 ,0.54 ,,,,,,,,,,,,,,,,,,
13,3.4,4.5,16312.05 ,0.54 ,,,,,,,,,,,,,,,,,,
13,3.6,4.5,15020.93 ,0.56 ,,,,,,,,,,,,,,,,,,
13,4.2,4.5,17137.97 ,0.55 ,,,,,,,,,,,,,,,,,,
13,4.4,4.5,15771.97 ,0.57 ,,,,,,,,,,,,,,,,,,
13,4.4,4.5,17344.45 ,0.56 ,,,,,,,,,,,,,,,,,,
13,5.4,4.5,16710.78 ,0.60 ,,,,,,,,,,,,,,,,,,
13,5.4,4.5,18376.86 ,0.58 ,,,,,,,,,,,,,,,,,,
13,5.6,4.5,16898.54 ,0.61 ,,,,,,,,,,,,,,,,,,
13,5.6,4.5,18583.34 ,0.59 ,,,,,,,,,,,,,,,,,,
13,5.8,4.5,17086.31 ,0.62 ,,,,,,,,,,,,,,,,,,
13,6.6,4.5,19615.75 ,0.61 ,,,,,,,,,,,,,,,,,,
13,6.8,4.5,18025.11 ,0.64 ,,,,,,,,,,,,,,,,,,
13,6.8,4.5,19822.23 ,0.62 ,,,,,,,,,,,,,,,,,,
13,7,4.5,18212.88 ,0.65 ,,,,,,,,,,,,,,,,,,
13,7.2,4.5,18400.64 ,0.65 ,,,,,,,,,,,,,,,,,,
13,1.2,3,8669.02 ,0.50 ,,,,,,,,,,,,,,,,,,
13,1.2,3,9656.38 ,0.50 ,,,,,,,,,,,,,,,,,,
13,1.6,3,8955.60 ,0.48 ,,,,,,,,,,,,,,,,,,
13,1.8,3,10135.21 ,0.46 ,,,,,,,,,,,,,,,,,,
13,2,3,9242.18 ,0.47 ,,,,,,,,,,,,,,,,,,
13,2.4,3,9528.76 ,0.46 ,,,,,,,,,,,,,,,,,,
13,2.8,3,9815.34 ,0.46 ,,,,,,,,,,,,,,,,,,
13,2.8,3,10933.26 ,0.46 ,,,,,,,,,,,,,,,,,,
13,3.4,3,10245.21 ,0.48 ,,,,,,,,,,,,,,,,,,
13,3.4,3,11412.09 ,0.47 ,,,,,,,,,,,,,,,,,,
13,4,3,10675.08 ,0.50 ,,,,,,,,,,,,,,,,,,
13,4,3,11890.92 ,0.49 ,,,,,,,,,,,,,,,,,,
13,4.2,3,10818.36 ,0.50 ,,,,,,,,,,,,,,,,,,
13,4.8,3,11248.23 ,0.52 ,,,,,,,,,,,,,,,,,,
13,4.8,3,12529.35 ,0.51 ,,,,,,,,,,,,,,,,,,
13,5,3,11391.52 ,0.53 ,,,,,,,,,,,,,,,,,,
13,5,3,12688.96 ,0.52 ,,,,,,,,,,,,,,,,,,
13,5.6,3,13167.79 ,0.53 ,,,,,,,,,,,,,,,,,,
13,5.8,3,11964.68 ,0.55 ,,,,,,,,,,,,,,,,,,
13,5.8,3,13327.40 ,0.54 ,,,,,,,,,,,,,,,,,,
13,6,3,12107.97 ,0.56 ,,,,,,,,,,,,,,,,,,
13,6.6,3,13965.84 ,0.56 ,,,,,,,,,,,,,,,,,,
13,6.8,3,12681.13 ,0.58 ,,,,,,,,,,,,,,,,,,
13,6.8,3,14125.45 ,0.57 ,,,,,,,,,,,,,,,,,,
13,7,3,12824.42 ,0.59 ,,,,,,,,,,,,,,,,,,
13,7,3,14285.06 ,0.58 ,,,,,,,,,,,,,,,,,,
13,7.2,3,12967.71 ,0.60 ,,,,,,,,,,,,,,,,,,
13,7.6,3,14763.89 ,0.59 ,,,,,,,,,,,,,,,,,,
13,7.8,3,13397.58 ,0.61 ,,,,,,,,,,,,,,,,,,
13,7.8,3,14923.50 ,0.60 ,,,,,,,,,,,,,,,,,,
13,1,4.5,14774.95 ,0.70 ,,,,,,,,,,,,,,,,,,
13,1.4,4.5,13924.31 ,0.66 ,,,,,,,,,,,,,,,,,,
13,1.6,4.5,15436.51 ,0.63 ,,,,,,,,,,,,,,,,,,
13,1.8,4.5,14327.91 ,0.64 ,,,,,,,,,,,,,,,,,,
13,2,4.5,15877.56 ,0.62 ,,,,,,,,,,,,,,,,,,
13,2.2,4.5,14731.52 ,0.63 ,,,,,,,,,,,,,,,,,,
13,2.6,4.5,15135.12 ,0.62 ,,,,,,,,,,,,,,,,,,
13,2.6,4.5,16539.12 ,0.62 ,,,,,,,,,,,,,,,,,,
13,3,4.5,16980.16 ,0.62 ,,,,,,,,,,,,,,,,,,
13,3.2,4.5,15740.52 ,0.64 ,,,,,,,,,,,,,,,,,,
13,3.6,4.5,17641.73 ,0.64 ,,,,,,,,,,,,,,,,,,
13,3.8,4.5,16345.93 ,0.66 ,,,,,,,,,,,,,,,,,,
13,4.2,4.5,18303.29 ,0.66 ,,,,,,,,,,,,,,,,,,
13,4.4,4.5,16951.33 ,0.68 ,,,,,,,,,,,,,,,,,,
13,4.4,4.5,18523.81 ,0.67 ,,,,,,,,,,,,,,,,,,
13,5,4.5,17556.74 ,0.69 ,,,,,,,,,,,,,,,,,,
13,5,4.5,19185.38 ,0.68 ,,,,,,,,,,,,,,,,,,
13,5.2,4.5,17758.54 ,0.70 ,,,,,,,,,,,,,,,,,,
13,5.2,4.5,19405.90 ,0.69 ,,,,,,,,,,,,,,,,,,
13,6,4.5,18565.75 ,0.74 ,,,,,,,,,,,,,,,,,,
13,6.2,4.5,18767.55 ,0.75 ,,,,,,,,,,,,,,,,,,
13,7,4.5,19574.76 ,0.77 ,,,,,,,,,,,,,,,,,,
13,7.2,4.5,19776.56 ,0.78 ,,,,,,,,,,,,,,,,,,
13,7.4,4.5,19978.36 ,0.79 ,,,,,,,,,,,,,,,,,,
13,1,3,9011.25 ,0.57 ,,,,,,,,,,,,,,,,,,
13,1,3,9982.29 ,0.57 ,,,,,,,,,,,,,,,,,,
13,1.2,3,9162.70 ,0.55 ,,,,,,,,,,,,,,,,,,
13,1.2,3,10150.06 ,0.55 ,,,,,,,,,,,,,,,,,,
13,1.4,3,10317.83 ,0.54 ,,,,,,,,,,,,,,,,,,
13,1.8,3,9617.05 ,0.54 ,,,,,,,,,,,,,,,,,,
13,1.8,3,10653.37 ,0.54 ,,,,,,,,,,,,,,,,,,
13,2.2,3,9919.95 ,0.55 ,,,,,,,,,,,,,,,,,,
13,2.2,3,10988.91 ,0.54 ,,,,,,,,,,,,,,,,,,
13,2.6,3,10222.85 ,0.56 ,,,,,,,,,,,,,,,,,,
13,2.6,3,11324.45 ,0.55 ,,,,,,,,,,,,,,,,,,
13,3,3,10525.75 ,0.57 ,,,,,,,,,,,,,,,,,,
13,3,3,11659.99 ,0.57 ,,,,,,,,,,,,,,,,,,
13,3.2,3,10677.20 ,0.58 ,,,,,,,,,,,,,,,,,,
13,3.4,3,11995.53 ,0.58 ,,,,,,,,,,,,,,,,,,
13,3.6,3,10980.10 ,0.60 ,,,,,,,,,,,,,,,,,,
13,3.6,3,12163.30 ,0.59 ,,,,,,,,,,,,,,,,,,
13,4,3,11283.00 ,0.61 ,,,,,,,,,,,,,,,,,,
13,4,3,12498.84 ,0.60 ,,,,,,,,,,,,,,,,,,
13,4.2,3,11434.44 ,0.62 ,,,,,,,,,,,,,,,,,,
13,4.6,3,11737.34 ,0.63 ,,,,,,,,,,,,,,,,,,
13,4.6,3,13002.14 ,0.62 ,,,,,,,,,,,,,,,,,,
13,4.8,3,11888.79 ,0.64 ,,,,,,,,,,,,,,,,,,
13,5,3,12040.24 ,0.64 ,,,,,,,,,,,,,,,,,,
13,5.2,3,13505.45 ,0.64 ,,,,,,,,,,,,,,,,,,
13,5.4,3,12343.14 ,0.66 ,,,,,,,,,,,,,,,,,,
13,5.4,3,13673.22 ,0.65 ,,,,,,,,,,,,,,,,,,
13,5.6,3,12494.59 ,0.67 ,,,,,,,,,,,,,,,,,,
13,5.8,3,14008.76 ,0.66 ,,,,,,,,,,,,,,,,,,
13,6,3,14176.53 ,0.67 ,,,,,,,,,,,,,,,,,,
13,6.2,3,12948.94 ,0.69 ,,,,,,,,,,,,,,,,,,
13,6.2,3,14344.30 ,0.68 ,,,,,,,,,,,,,,,,,,
13,6.4,3,13100.39 ,0.70 ,,,,,,,,,,,,,,,,,,
13,6.6,3,14679.84 ,0.69 ,,,,,,,,,,,,,,,,,,
13,6.8,3,14847.61 ,0.70 ,,,,,,,,,,,,,,,,,,
13,7,3,13554.74 ,0.71 ,,,,,,,,,,,,,,,,,,
13,7,3,15015.38 ,0.70 ,,,,,,,,,,,,,,,,,,
13,7.2,3,13706.19 ,0.72 ,,,,,,,,,,,,,,,,,,
13,7.4,3,15350.92 ,0.71 ,,,,,,,,,,,,,,,,,,
13,7.6,3,15518.69 ,0.72 ,,,,,,,,,,,,,,,,,,
13,7.8,3,14160.54 ,0.74 ,,,,,,,,,,,,,,,,,,
13,7.8,3,15686.46 ,0.73 ,,,,,,,,,,,,,,,,,,
13,1,4.5,15715.63 ,0.77 ,,,,,,,,,,,,,,,,,,
13,1.2,4.5,15950.19 ,0.75 ,,,,,,,,,,,,,,,,,,
13,1.4,4.5,16184.75 ,0.74 ,,,,,,,,,,,,,,,,,,
13,1.8,4.5,15324.75 ,0.74 ,,,,,,,,,,,,,,,,,,
13,1.8,4.5,16653.87 ,0.73 ,,,,,,,,,,,,,,,,,,
13,2,4.5,16888.44 ,0.73 ,,,,,,,,,,,,,,,,,,
13,2.2,4.5,15756.44 ,0.74 ,,,,,,,,,,,,,,,,,,
13,2.4,4.5,17357.56 ,0.74 ,,,,,,,,,,,,,,,,,,
13,2.6,4.5,16188.12 ,0.76 ,,,,,,,,,,,,,,,,,,
13,2.6,4.5,17592.12 ,0.75 ,,,,,,,,,,,,,,,,,,
13,3,4.5,16619.80 ,0.78 ,,,,,,,,,,,,,,,,,,
13,3,4.5,18061.24 ,0.77 ,,,,,,,,,,,,,,,,,,
13,3.4,4.5,17051.49 ,0.80 ,,,,,,,,,,,,,,,,,,
13,3.4,4.5,18530.37 ,0.79 ,,,,,,,,,,,,,,,,,,
13,3.6,4.5,17267.33 ,0.81 ,,,,,,,,,,,,,,,,,,
13,3.8,4.5,18999.49 ,0.81 ,,,,,,,,,,,,,,,,,,
13,4,4.5,17699.01 ,0.83 ,,,,,,,,,,,,,,,,,,
13,4,4.5,19234.05 ,0.82 ,,,,,,,,,,,,,,,,,,
13,4.2,4.5,17914.85 ,0.84 ,,,,,,,,,,,,,,,,,,
13,4.4,4.5,19703.17 ,0.83 ,,,,,,,,,,,,,,,,,,
13,4.6,4.5,18346.54 ,0.85 ,,,,,,,,,,,,,,,,,,
13,4.6,4.5,19937.74 ,0.84 ,,,,,,,,,,,,,,,,,,
13,4.8,4.5,18562.38 ,0.86 ,,,,,,,,,,,,,,,,,,
13,5.2,4.5,18994.06 ,0.87 ,,,,,,,,,,,,,,,,,,
13,5.4,4.5,19209.90 ,0.88 ,,,,,,,,,,,,,,,,,,
13,5.6,4.5,19425.74 ,0.90 ,,,,,,,,,,,,,,,,,,
13,6,4.5,19857.43 ,0.91 ,,,,,,,,,,,,,,,,,,
13,1,3,9496.77 ,0.66 ,,,,,,,,,,,,,,,,,,
13,1,3,10467.81 ,0.65 ,,,,,,,,,,,,,,,,,,
13,1.2,3,9656.38 ,0.65 ,,,,,,,,,,,,,,,,,,
13,1.4,3,9815.99 ,0.65 ,,,,,,,,,,,,,,,,,,
13,1.6,3,9975.60 ,0.65 ,,,,,,,,,,,,,,,,,,
13,1.8,3,10135.21 ,0.65 ,,,,,,,,,,,,,,,,,,
13,1.8,3,11171.53 ,0.64 ,,,,,,,,,,,,,,,,,,
13,2,3,10294.82 ,0.65 ,,,,,,,,,,,,,,,,,,
13,2,3,11347.46 ,0.64 ,,,,,,,,,,,,,,,,,,
13,2.2,3,10454.43 ,0.65 ,,,,,,,,,,,,,,,,,,
13,2.2,3,11523.39 ,0.65 ,,,,,,,,,,,,,,,,,,
13,2.4,3,10614.04 ,0.66 ,,,,,,,,,,,,,,,,,,
13,2.4,3,11699.32 ,0.66 ,,,,,,,,,,,,,,,,,,
13,2.6,3,10773.65 ,0.68 ,,,,,,,,,,,,,,,,,,
13,2.6,3,11875.25 ,0.67 ,,,,,,,,,,,,,,,,,,
13,2.8,3,10933.26 ,0.69 ,,,,,,,,,,,,,,,,,,
13,2.8,3,12051.18 ,0.68 ,,,,,,,,,,,,,,,,,,
13,3,3,11092.87 ,0.70 ,,,,,,,,,,,,,,,,,,
13,3.2,3,12403.04 ,0.70 ,,,,,,,,,,,,,,,,,,
13,3.4,3,11412.09 ,0.71 ,,,,,,,,,,,,,,,,,,
13,3.4,3,12578.97 ,0.71 ,,,,,,,,,,,,,,,,,,
13,3.6,3,11571.70 ,0.72 ,,,,,,,,,,,,,,,,,,
13,3.8,3,11731.31 ,0.73 ,,,,,,,,,,,,,,,,,,
13,3.8,3,12930.83 ,0.73 ,,,,,,,,,,,,,,,,,,
13,4,3,11890.92 ,0.74 ,,,,,,,,,,,,,,,,,,
13,4.2,3,13282.68 ,0.74 ,,,,,,,,,,,,,,,,,,
13,4.4,3,12210.13 ,0.75 ,,,,,,,,,,,,,,,,,,
13,4.4,3,13458.61 ,0.75 ,,,,,,,,,,,,,,,,,,
13,4.6,3,12369.74 ,0.76 ,,,,,,,,,,,,,,,,,,
13,4.6,3,13634.54 ,0.75 ,,,,,,,,,,,,,,,,,,
13,4.8,3,12529.35 ,0.76 ,,,,,,,,,,,,,,,,,,
13,4.8,3,13810.47 ,0.76 ,,,,,,,,,,,,,,,,,,
13,5,3,12688.96 ,0.77 ,,,,,,,,,,,,,,,,,,
13,5.2,3,14162.33 ,0.77 ,,,,,,,,,,,,,,,,,,
13,5.4,3,13008.18 ,0.78 ,,,,,,,,,,,,,,,,,,
13,5.4,3,14338.26 ,0.78 ,,,,,,,,,,,,,,,,,,
13,5.6,3,13167.79 ,0.79 ,,,,,,,,,,,,,,,,,,
13,5.6,3,14514.19 ,0.79 ,,,,,,,,,,,,,,,,,,
13,5.8,3,13327.40 ,0.80 ,,,,,,,,,,,,,,,,,,
13,5.8,3,14690.12 ,0.80 ,,,,,,,,,,,,,,,,,,
13,6,3,13487.01 ,0.81 ,,,,,,,,,,,,,,,,,,
13,6,3,14866.05 ,0.81 ,,,,,,,,,,,,,,,,,,
13,6.2,3,13646.62 ,0.82 ,,,,,,,,,,,,,,,,,,
13,6.2,3,15041.98 ,0.82 ,,,,,,,,,,,,,,,,,,
13,6.4,3,13806.23 ,0.83 ,,,,,,,,,,,,,,,,,,
13,6.4,3,15217.91 ,0.83 ,,,,,,,,,,,,,,,,,,
13,6.6,3,13965.84 ,0.84 ,,,,,,,,,,,,,,,,,,
13,6.6,3,15393.84 ,0.84 ,,,,,,,,,,,,,,,,,,
13,6.8,3,14125.45 ,0.85 ,,,,,,,,,,,,,,,,,,
13,6.8,3,15569.77 ,0.84 ,,,,,,,,,,,,,,,,,,
13,7,3,15745.70 ,0.85 ,,,,,,,,,,,,,,,,,,
13,7.2,3,14444.67 ,0.86 ,,,,,,,,,,,,,,,,,,
13,7.2,3,15921.63 ,0.86 ,,,,,,,,,,,,,,,,,,
13,7.4,3,14604.28 ,0.87 ,,,,,,,,,,,,,,,,,,
13,7.6,3,14763.89 ,0.88 ,,,,,,,,,,,,,,,,,,
13,7.6,3,16273.49 ,0.88 ,,,,,,,,,,,,,,,,,,
13,7.8,3,14923.50 ,0.89 ,,,,,,,,,,,,,,,,,,
13,7.8,3,16449.42 ,0.88 ,,,,,,,,,,,,,,,,,,
13,1,4.5,15402.07 ,0.92 ,,,,,,,,,,,,,,,,,,
13,1.2,4.5,15631.95 ,0.91 ,,,,,,,,,,,,,,,,,,
13,1.2,4.5,16904.91 ,0.90 ,,,,,,,,,,,,,,,,,,
13,1.4,4.5,17153.51 ,0.90 ,,,,,,,,,,,,,,,,,,
13,1.6,4.5,17402.11 ,0.91 ,,,,,,,,,,,,,,,,,,
13,1.8,4.5,16321.59 ,0.92 ,,,,,,,,,,,,,,,,,,
13,1.8,4.5,17650.71 ,0.91 ,,,,,,,,,,,,,,,,,,
13,2,4.5,16551.48 ,0.92 ,,,,,,,,,,,,,,,,,,
13,2.2,4.5,16781.36 ,0.93 ,,,,,,,,,,,,,,,,,,
13,2.2,4.5,18147.92 ,0.93 ,,,,,,,,,,,,,,,,,,
13,2.4,4.5,17011.24 ,0.95 ,,,,,,,,,,,,,,,,,,
13,2.4,4.5,18396.52 ,0.94 ,,,,,,,,,,,,,,,,,,
13,2.6,4.5,17241.12 ,0.96 ,,,,,,,,,,,,,,,,,,
13,2.6,4.5,18645.12 ,0.96 ,,,,,,,,,,,,,,,,,,
13,2.8,4.5,17471.00 ,0.98 ,,,,,,,,,,,,,,,,,,
13,2.8,4.5,18893.72 ,0.97 ,,,,,,,,,,,,,,,,,,
13,3,4.5,17700.88 ,0.99 ,,,,,,,,,,,,,,,,,,
13,3,4.5,19142.32 ,0.99 ,,,,,,,,,,,,,,,,,,
13,2,4,7821.36 ,0.86 ,,,,,,,,,,,,,,,,,,
13,4,4,10371.38 ,0.61 ,,,,,,,,,,,,,,,,,,
13,7.8,4,12850.07 ,0.61 ,,,,,,,,,,,,,,,,,,
13,2,6,13482.69 ,0.95 ,,,,,,,,,,,,,,,,,,
13,4,6,15178.63 ,0.75 ,,,,,,,,,,,,,,,,,,
13,4.2,6,13436.86 ,0.88 ,,,,,,,,,,,,,,,,,,
13,7.8,6,18400.91 ,0.74 ,,,,,,,,,,,,,,,,,,
13,3,4,9051.57 ,0.50 ,,,,,,,,,,,,,,,,,,
13,3,4,10386.61 ,0.47 ,,,,,,,,,,,,,,,,,,
13,4.4,4,9902.05 ,0.49 ,,,,,,,,,,,,,,,,,,
13,4.4,4,11362.53 ,0.45 ,,,,,,,,,,,,,,,,,,
13,4.6,4,10023.55 ,0.51 ,,,,,,,,,,,,,,,,,,
13,6.2,4,12617.29 ,0.46 ,,,,,,,,,,,,,,,,,,
13,6.4,4,11117.03 ,0.51 ,,,,,,,,,,,,,,,,,,
13,6.4,4,12756.71 ,0.47 ,,,,,,,,,,,,,,,,,,
13,6.6,4,11238.53 ,0.52 ,,,,,,,,,,,,,,,,,,
13,3,6,13884.50 ,0.62 ,,,,,,,,,,,,,,,,,,
13,3,6,15669.14 ,0.58 ,,,,,,,,,,,,,,,,,,
13,4.4,6,15034.69 ,0.61 ,,,,,,,,,,,,,,,,,,
13,4.4,6,16967.17 ,0.56 ,,,,,,,,,,,,,,,,,,
13,6,6,18450.64 ,0.56 ,,,,,,,,,,,,,,,,,,
13,6.2,6,16513.52 ,0.62 ,,,,,,,,,,,,,,,,,,
13,6.2,6,18636.08 ,0.57 ,,,,,,,,,,,,,,,,,,
13,6.4,6,16677.83 ,0.63 ,,,,,,,,,,,,,,,,,,
13,1.8,4,8936.35 ,0.49 ,,,,,,,,,,,,,,,,,,
13,2.4,4,9327.72 ,0.46 ,,,,,,,,,,,,,,,,,,
13,2.4,4,10609.00 ,0.44 ,,,,,,,,,,,,,,,,,,
13,3,4,11054.13 ,0.43 ,,,,,,,,,,,,,,,,,,
13,4,4,10371.38 ,0.46 ,,,,,,,,,,,,,,,,,,
13,4,4,11796.02 ,0.44 ,,,,,,,,,,,,,,,,,,
13,5,4,11023.67 ,0.48 ,,,,,,,,,,,,,,,,,,
13,5,4,12537.91 ,0.46 ,,,,,,,,,,,,,,,,,,
13,5.2,4,11154.12 ,0.49 ,,,,,,,,,,,,,,,,,,
13,6.4,4,13576.55 ,0.49 ,,,,,,,,,,,,,,,,,,
13,6.6,4,12067.33 ,0.52 ,,,,,,,,,,,,,,,,,,
13,6.6,4,13724.93 ,0.50 ,,,,,,,,,,,,,,,,,,
13,6.8,4,12197.79 ,0.53 ,,,,,,,,,,,,,,,,,,
13,2.2,6,16202.52 ,0.56 ,,,,,,,,,,,,,,,,,,
13,3,6,15222.98 ,0.58 ,,,,,,,,,,,,,,,,,,
13,3.6,6,17611.44 ,0.55 ,,,,,,,,,,,,,,,,,,
13,3.8,6,15943.59 ,0.58 ,,,,,,,,,,,,,,,,,,
13,3.8,6,17812.71 ,0.56 ,,,,,,,,,,,,,,,,,,
13,4.6,6,18617.81 ,0.56 ,,,,,,,,,,,,,,,,,,
13,4.8,6,16844.36 ,0.60 ,,,,,,,,,,,,,,,,,,
13,4.8,6,18819.08 ,0.57 ,,,,,,,,,,,,,,,,,,
13,5,6,17024.52 ,0.61 ,,,,,,,,,,,,,,,,,,
13,6.2,6,18105.44 ,0.63 ,,,,,,,,,,,,,,,,,,
13,6.4,6,18285.59 ,0.64 ,,,,,,,,,,,,,,,,,,
13,7.8,6,19546.67 ,0.68 ,,,,,,,,,,,,,,,,,,
13,1.2,4,9131.85 ,0.54 ,,,,,,,,,,,,,,,,,,
13,1.4,4,10462.95 ,0.51 ,,,,,,,,,,,,,,,,,,
13,1.8,4,9550.11 ,0.51 ,,,,,,,,,,,,,,,,,,
13,1.8,4,10777.63 ,0.50 ,,,,,,,,,,,,,,,,,,
13,2.2,4,11092.30 ,0.50 ,,,,,,,,,,,,,,,,,,
13,2.6,4,11406.98 ,0.50 ,,,,,,,,,,,,,,,,,,
13,2.8,4,10247.19 ,0.51 ,,,,,,,,,,,,,,,,,,
13,3.2,4,10526.03 ,0.52 ,,,,,,,,,,,,,,,,,,
13,3.2,4,11878.99 ,0.51 ,,,,,,,,,,,,,,,,,,
13,3.4,4,10665.45 ,0.53 ,,,,,,,,,,,,,,,,,,
13,3.8,4,12351.00 ,0.53 ,,,,,,,,,,,,,,,,,,
13,4,4,11083.70 ,0.54 ,,,,,,,,,,,,,,,,,,
13,4,4,12508.34 ,0.54 ,,,,,,,,,,,,,,,,,,
13,4.6,4,12980.35 ,0.55 ,,,,,,,,,,,,,,,,,,
13,4.8,4,11641.37 ,0.57 ,,,,,,,,,,,,,,,,,,
13,4.8,4,13137.69 ,0.56 ,,,,,,,,,,,,,,,,,,
13,5,4,11780.79 ,0.57 ,,,,,,,,,,,,,,,,,,
13,5.4,4,13609.70 ,0.57 ,,,,,,,,,,,,,,,,,,
13,5.6,4,12199.04 ,0.59 ,,,,,,,,,,,,,,,,,,
13,5.6,4,13767.04 ,0.58 ,,,,,,,,,,,,,,,,,,
13,5.8,4,12338.46 ,0.60 ,,,,,,,,,,,,,,,,,,
13,5.8,4,13924.38 ,0.59 ,,,,,,,,,,,,,,,,,,
13,6,4,12477.88 ,0.61 ,,,,,,,,,,,,,,,,,,
13,6.4,4,14396.39 ,0.60 ,,,,,,,,,,,,,,,,,,
13,6.6,4,12896.13 ,0.62 ,,,,,,,,,,,,,,,,,,
13,6.6,4,14553.73 ,0.61 ,,,,,,,,,,,,,,,,,,
13,6.8,4,13035.55 ,0.63 ,,,,,,,,,,,,,,,,,,
13,6.8,4,14711.07 ,0.62 ,,,,,,,,,,,,,,,,,,
13,7,4,13174.96 ,0.63 ,,,,,,,,,,,,,,,,,,
13,7.6,4,15340.42 ,0.64 ,,,,,,,,,,,,,,,,,,
13,7.8,4,13732.63 ,0.65 ,,,,,,,,,,,,,,,,,,
13,7.8,4,15497.75 ,0.65 ,,,,,,,,,,,,,,,,,,
13,1,6,14601.52 ,0.71 ,,,,,,,,,,,,,,,,,,
13,1,6,16174.96 ,0.70 ,,,,,,,,,,,,,,,,,,
13,1.2,6,16392.08 ,0.67 ,,,,,,,,,,,,,,,,,,
13,1.6,6,15189.50 ,0.66 ,,,,,,,,,,,,,,,,,,
13,1.6,6,16826.30 ,0.65 ,,,,,,,,,,,,,,,,,,
13,2,6,17260.53 ,0.64 ,,,,,,,,,,,,,,,,,,
13,2.4,6,17694.76 ,0.63 ,,,,,,,,,,,,,,,,,,
13,2.6,6,16169.47 ,0.65 ,,,,,,,,,,,,,,,,,,
13,3,6,16561.46 ,0.66 ,,,,,,,,,,,,,,,,,,
13,3,6,18346.10 ,0.65 ,,,,,,,,,,,,,,,,,,
13,3.4,6,18780.33 ,0.66 ,,,,,,,,,,,,,,,,,,
13,3.6,6,17149.44 ,0.68 ,,,,,,,,,,,,,,,,,,
13,3.6,6,18997.44 ,0.67 ,,,,,,,,,,,,,,,,,,
13,3.8,6,17345.43 ,0.69 ,,,,,,,,,,,,,,,,,,
13,4,6,19431.67 ,0.68 ,,,,,,,,,,,,,,,,,,
13,4.2,6,17737.42 ,0.70 ,,,,,,,,,,,,,,,,,,
13,4.2,6,19648.78 ,0.69 ,,,,,,,,,,,,,,,,,,
13,4.4,6,17933.41 ,0.71 ,,,,,,,,,,,,,,,,,,
13,5.2,6,18717.39 ,0.74 ,,,,,,,,,,,,,,,,,,
13,5.4,6,18913.38 ,0.75 ,,,,,,,,,,,,,,,,,,
13,6,6,19501.36 ,0.77 ,,,,,,,,,,,,,,,,,,
13,6.2,6,19697.36 ,0.78 ,,,,,,,,,,,,,,,,,,
13,1,4,9570.36 ,0.63 ,,,,,,,,,,,,,,,,,,
13,1.2,4,9718.73 ,0.62 ,,,,,,,,,,,,,,,,,,
13,1.4,4,9867.11 ,0.61 ,,,,,,,,,,,,,,,,,,
13,1.4,4,11058.79 ,0.61 ,,,,,,,,,,,,,,,,,,
13,1.6,4,11225.09 ,0.61 ,,,,,,,,,,,,,,,,,,
13,1.8,4,10163.87 ,0.61 ,,,,,,,,,,,,,,,,,,
13,2,4,10312.24 ,0.61 ,,,,,,,,,,,,,,,,,,
13,2,4,11557.68 ,0.61 ,,,,,,,,,,,,,,,,,,
13,2.2,4,11723.98 ,0.61 ,,,,,,,,,,,,,,,,,,
13,2.4,4,10609.00 ,0.62 ,,,,,,,,,,,,,,,,,,
13,2.4,4,11890.28 ,0.61 ,,,,,,,,,,,,,,,,,,
13,2.6,4,12056.58 ,0.62 ,,,,,,,,,,,,,,,,,,
13,2.8,4,10905.75 ,0.64 ,,,,,,,,,,,,,,,,,,
13,2.8,4,12222.87 ,0.63 ,,,,,,,,,,,,,,,,,,
13,3,4,11054.13 ,0.65 ,,,,,,,,,,,,,,,,,,
13,3.2,4,12555.47 ,0.65 ,,,,,,,,,,,,,,,,,,
13,3.4,4,11350.89 ,0.66 ,,,,,,,,,,,,,,,,,,
13,3.4,4,12721.77 ,0.66 ,,,,,,,,,,,,,,,,,,
13,3.6,4,12888.06 ,0.66 ,,,,,,,,,,,,,,,,,,
13,3.8,4,11647.64 ,0.68 ,,,,,,,,,,,,,,,,,,
13,3.8,4,13054.36 ,0.67 ,,,,,,,,,,,,,,,,,,
13,4,4,11796.02 ,0.69 ,,,,,,,,,,,,,,,,,,
13,4.2,4,13386.96 ,0.69 ,,,,,,,,,,,,,,,,,,
13,4.4,4,12092.77 ,0.70 ,,,,,,,,,,,,,,,,,,
13,4.4,4,13553.25 ,0.70 ,,,,,,,,,,,,,,,,,,
13,4.6,4,12241.15 ,0.71 ,,,,,,,,,,,,,,,,,,
13,4.8,4,13885.85 ,0.71 ,,,,,,,,,,,,,,,,,,
13,5,4,12537.91 ,0.72 ,,,,,,,,,,,,,,,,,,
13,5,4,14052.15 ,0.72 ,,,,,,,,,,,,,,,,,,
13,5.2,4,12686.28 ,0.73 ,,,,,,,,,,,,,,,,,,
13,5.4,4,14384.74 ,0.73 ,,,,,,,,,,,,,,,,,,
13,5.6,4,12983.04 ,0.75 ,,,,,,,,,,,,,,,,,,
13,5.6,4,14551.04 ,0.74 ,,,,,,,,,,,,,,,,,,
13,5.8,4,13131.42 ,0.76 ,,,,,,,,,,,,,,,,,,
13,6,4,14883.64 ,0.76 ,,,,,,,,,,,,,,,,,,
13,6.2,4,13428.17 ,0.77 ,,,,,,,,,,,,,,,,,,
13,6.2,4,15049.93 ,0.77 ,,,,,,,,,,,,,,,,,,
13,6.4,4,13576.55 ,0.78 ,,,,,,,,,,,,,,,,,,
13,6.4,4,15216.23 ,0.78 ,,,,,,,,,,,,,,,,,,
13,6.6,4,13724.93 ,0.79 ,,,,,,,,,,,,,,,,,,
13,6.8,4,15548.83 ,0.79 ,,,,,,,,,,,,,,,,,,
13,7,4,14021.68 ,0.80 ,,,,,,,,,,,,,,,,,,
13,7,4,15715.12 ,0.80 ,,,,,,,,,,,,,,,,,,
13,7.2,4,14170.06 ,0.81 ,,,,,,,,,,,,,,,,,,
13,7.2,4,15881.42 ,0.81 ,,,,,,,,,,,,,,,,,,
13,7.4,4,14318.44 ,0.82 ,,,,,,,,,,,,,,,,,,
13,7.4,4,16047.72 ,0.81 ,,,,,,,,,,,,,,,,,,
13,7.6,4,16214.02 ,0.82 ,,,,,,,,,,,,,,,,,,
13,7.8,4,14615.19 ,0.83 ,,,,,,,,,,,,,,,,,,
13,7.8,4,16380.31 ,0.82 ,,,,,,,,,,,,,,,,,,
13,1,6,15781.60 ,0.82 ,,,,,,,,,,,,,,,,,,
13,1.2,6,15993.44 ,0.81 ,,,,,,,,,,,,,,,,,,
13,1.4,6,16205.27 ,0.80 ,,,,,,,,,,,,,,,,,,
13,1.4,6,17820.95 ,0.79 ,,,,,,,,,,,,,,,,,,
13,1.6,6,16417.10 ,0.79 ,,,,,,,,,,,,,,,,,,
13,1.6,6,18053.90 ,0.79 ,,,,,,,,,,,,,,,,,,
13,1.8,6,18286.86 ,0.79 ,,,,,,,,,,,,,,,,,,
13,2,6,16840.77 ,0.79 ,,,,,,,,,,,,,,,,,,
13,2,6,18519.81 ,0.79 ,,,,,,,,,,,,,,,,,,
13,2.2,6,18752.76 ,0.79 ,,,,,,,,,,,,,,,,,,
13,2.4,6,17264.44 ,0.80 ,,,,,,,,,,,,,,,,,,
13,2.6,6,19218.67 ,0.81 ,,,,,,,,,,,,,,,,,,
13,2.8,6,17688.11 ,0.82 ,,,,,,,,,,,,,,,,,,
13,2.8,6,19451.63 ,0.82 ,,,,,,,,,,,,,,,,,,
13,3,6,19684.58 ,0.83 ,,,,,,,,,,,,,,,,,,
13,3.2,6,18111.77 ,0.85 ,,,,,,,,,,,,,,,,,,
13,3.2,6,19917.53 ,0.85 ,,,,,,,,,,,,,,,,,,
13,3.4,6,18323.61 ,0.86 ,,,,,,,,,,,,,,,,,,
13,3.8,6,18747.27 ,0.88 ,,,,,,,,,,,,,,,,,,
13,4,6,18959.11 ,0.90 ,,,,,,,,,,,,,,,,,,
13,4.2,6,19170.94 ,0.90 ,,,,,,,,,,,,,,,,,,
13,4.4,6,19382.77 ,0.92 ,,,,,,,,,,,,,,,,,,
13,4.6,6,19594.61 ,0.93 ,,,,,,,,,,,,,,,,,,
13,1,4,10148.28 ,0.76 ,,,,,,,,,,,,,,,,,,
13,1,4,11304.12 ,0.75 ,,,,,,,,,,,,,,,,,,
13,1.2,4,10305.61 ,0.75 ,,,,,,,,,,,,,,,,,,
13,1.2,4,11479.37 ,0.75 ,,,,,,,,,,,,,,,,,,
13,1.4,4,10462.95 ,0.75 ,,,,,,,,,,,,,,,,,,
13,1.4,4,11654.63 ,0.75 ,,,,,,,,,,,,,,,,,,
13,1.6,4,10620.29 ,0.75 ,,,,,,,,,,,,,,,,,,
13,1.6,4,11829.89 ,0.75 ,,,,,,,,,,,,,,,,,,
13,1.8,4,10777.63 ,0.75 ,,,,,,,,,,,,,,,,,,
13,1.8,4,12005.15 ,0.75 ,,,,,,,,,,,,,,,,,,
13,2,4,10934.96 ,0.76 ,,,,,,,,,,,,,,,,,,
13,2.2,4,11092.30 ,0.76 ,,,,,,,,,,,,,,,,,,
13,2.2,4,12355.66 ,0.77 ,,,,,,,,,,,,,,,,,,
13,2.4,4,12530.92 ,0.78 ,,,,,,,,,,,,,,,,,,
13,2.6,4,11406.98 ,0.78 ,,,,,,,,,,,,,,,,,,
13,2.6,4,12706.18 ,0.79 ,,,,,,,,,,,,,,,,,,
13,2.8,4,12881.43 ,0.80 ,,,,,,,,,,,,,,,,,,
13,3,4,11721.65 ,0.80 ,,,,,,,,,,,,,,,,,,
13,3,4,13056.69 ,0.81 ,,,,,,,,,,,,,,,,,,
13,3.2,4,11878.99 ,0.81 ,,,,,,,,,,,,,,,,,,
13,3.2,4,13231.95 ,0.82 ,,,,,,,,,,,,,,,,,,
13,3.4,4,12036.33 ,0.82 ,,,,,,,,,,,,,,,,,,
13,3.4,4,13407.21 ,0.83 ,,,,,,,,,,,,,,,,,,
13,3.6,4,12193.66 ,0.83 ,,,,,,,,,,,,,,,,,,
13,3.6,4,13582.46 ,0.84 ,,,,,,,,,,,,,,,,,,
13,3.8,4,12351.00 ,0.84 ,,,,,,,,,,,,,,,,,,
13,3.8,4,13757.72 ,0.85 ,,,,,,,,,,,,,,,,,,
13,4,4,12508.34 ,0.85 ,,,,,,,,,,,,,,,,,,
13,4,4,13932.98 ,0.86 ,,,,,,,,,,,,,,,,,,
13,4.2,4,12665.68 ,0.86 ,,,,,,,,,,,,,,,,,,
13,4.2,4,14108.24 ,0.87 ,,,,,,,,,,,,,,,,,,
13,4.4,4,12823.01 ,0.87 ,,,,,,,,,,,,,,,,,,
13,4.4,4,14283.49 ,0.88 ,,,,,,,,,,,,,,,,,,
13,4.6,4,12980.35 ,0.88 ,,,,,,,,,,,,,,,,,,
13,4.6,4,14458.75 ,0.88 ,,,,,,,,,,,,,,,,,,
13,4.8,4,13137.69 ,0.89 ,,,,,,,,,,,,,,,,,,
13,4.8,4,14634.01 ,0.90 ,,,,,,,,,,,,,,,,,,
13,5,4,13295.03 ,0.90 ,,,,,,,,,,,,,,,,,,
13,5,4,14809.27 ,0.90 ,,,,,,,,,,,,,,,,,,
13,5.2,4,13452.36 ,0.91 ,,,,,,,,,,,,,,,,,,
13,5.2,4,14984.52 ,0.91 ,,,,,,,,,,,,,,,,,,
13,5.4,4,13609.70 ,0.92 ,,,,,,,,,,,,,,,,,,
13,5.4,4,15159.78 ,0.92 ,,,,,,,,,,,,,,,,,,
13,5.6,4,13767.04 ,0.93 ,,,,,,,,,,,,,,,,,,
13,5.6,4,15335.04 ,0.93 ,,,,,,,,,,,,,,,,,,
13,5.8,4,13924.38 ,0.94 ,,,,,,,,,,,,,,,,,,
13,5.8,4,15510.30 ,0.94 ,,,,,,,,,,,,,,,,,,
13,6,4,14081.72 ,0.96 ,,,,,,,,,,,,,,,,,,
13,1,4,10726.20 ,0.92 ,,,,,,,,,,,,,,,,,,
13,1,4,11882.04 ,0.92 ,,,,,,,,,,,,,,,,,,
13,1,4,11882.04 ,0.92 ,,,,,,,,,,,,,,,,,,
13,1.2,4,10892.49 ,0.91 ,,,,,,,,,,,,,,,,,,
13,1.2,4,12066.25 ,0.92 ,,,,,,,,,,,,,,,,,,
13,1.4,4,11058.79 ,0.92 ,,,,,,,,,,,,,,,,,,
13,2.6,5,9500.38 ,0.58 ,,,,,,,,,,,,,,,,,,
13,2.6,5,11013.18 ,0.54 ,,,,,,,,,,,,,,,,,,
13,4,5,12007.92 ,0.51 ,,,,,,,,,,,,,,,,,,
13,4.2,5,10481.07 ,0.57 ,,,,,,,,,,,,,,,,,,
13,6,5,13428.98 ,0.51 ,,,,,,,,,,,,,,,,,,
13,6.2,5,11706.92 ,0.57 ,,,,,,,,,,,,,,,,,,
13,6.2,5,13571.08 ,0.52 ,,,,,,,,,,,,,,,,,,
13,6.4,5,11829.51 ,0.58 ,,,,,,,,,,,,,,,,,,
13,2.6,7.5,14881.10 ,0.72 ,,,,,,,,,,,,,,,,,,
13,2.6,7.5,16997.90 ,0.67 ,,,,,,,,,,,,,,,,,,
13,4,7.5,16038.52 ,0.68 ,,,,,,,,,,,,,,,,,,
13,4,7.5,18319.96 ,0.62 ,,,,,,,,,,,,,,,,,,
13,6,7.5,17691.98 ,0.69 ,,,,,,,,,,,,,,,,,,
13,6.2,7.5,17857.32 ,0.71 ,,,,,,,,,,,,,,,,,,
13,1.2,5,10706.52 ,0.56 ,,,,,,,,,,,,,,,,,,
13,1.8,5,9727.40 ,0.54 ,,,,,,,,,,,,,,,,,,
13,2.4,5,10124.44 ,0.51 ,,,,,,,,,,,,,,,,,,
13,3,5,10521.48 ,0.50 ,,,,,,,,,,,,,,,,,,
13,3,5,12073.32 ,0.48 ,,,,,,,,,,,,,,,,,,
13,3.8,5,12680.78 ,0.49 ,,,,,,,,,,,,,,,,,,
13,4,5,11183.20 ,0.52 ,,,,,,,,,,,,,,,,,,
13,4.8,5,13440.11 ,0.51 ,,,,,,,,,,,,,,,,,,
13,5,5,11844.93 ,0.54 ,,,,,,,,,,,,,,,,,,
13,5,5,13591.97 ,0.52 ,,,,,,,,,,,,,,,,,,
13,5.2,5,11977.28 ,0.55 ,,,,,,,,,,,,,,,,,,
13,6.2,5,14503.16 ,0.55 ,,,,,,,,,,,,,,,,,,
13,6.4,5,12771.35 ,0.58 ,,,,,,,,,,,,,,,,,,
13,6.4,5,14655.03 ,0.56 ,,,,,,,,,,,,,,,,,,
13,6.6,5,12903.70 ,0.59 ,,,,,,,,,,,,,,,,,,
13,7.8,5,15718.09 ,0.59 ,,,,,,,,,,,,,,,,,,
13,1.2,7.5,15187.80 ,0.72 ,,,,,,,,,,,,,,,,,,
13,1.2,7.5,17139.96 ,0.70 ,,,,,,,,,,,,,,,,,,
13,2.2,7.5,16102.73 ,0.62 ,,,,,,,,,,,,,,,,,,
13,2.2,7.5,18172.49 ,0.60 ,,,,,,,,,,,,,,,,,,
13,2.8,7.5,18792.01 ,0.59 ,,,,,,,,,,,,,,,,,,
13,3.6,7.5,19618.03 ,0.60 ,,,,,,,,,,,,,,,,,,
13,3.8,7.5,17566.62 ,0.64 ,,,,,,,,,,,,,,,,,,
13,4.8,7.5,18481.55 ,0.67 ,,,,,,,,,,,,,,,,,,
13,6,7.5,19579.46 ,0.70 ,,,,,,,,,,,,,,,,,,
13,6.2,7.5,19762.44 ,0.71 ,,,,,,,,,,,,,,,,,,
13,1,5,9876.34 ,0.64 ,,,,,,,,,,,,,,,,,,
13,1.2,5,10018.44 ,0.61 ,,,,,,,,,,,,,,,,,,
13,1.4,5,11556.23 ,0.59 ,,,,,,,,,,,,,,,,,,
13,1.8,5,11879.48 ,0.59 ,,,,,,,,,,,,,,,,,,
13,2.2,5,12202.73 ,0.59 ,,,,,,,,,,,,,,,,,,
13,2.4,5,10871.08 ,0.60 ,,,,,,,,,,,,,,,,,,
13,2.6,5,12525.98 ,0.59 ,,,,,,,,,,,,,,,,,,
13,2.8,5,11155.29 ,0.61 ,,,,,,,,,,,,,,,,,,
13,3.2,5,11439.50 ,0.62 ,,,,,,,,,,,,,,,,,,
13,3.2,5,13010.86 ,0.62 ,,,,,,,,,,,,,,,,,,
13,3.4,5,11581.61 ,0.63 ,,,,,,,,,,,,,,,,,,
13,3.6,5,13334.11 ,0.63 ,,,,,,,,,,,,,,,,,,
13,3.8,5,11865.82 ,0.64 ,,,,,,,,,,,,,,,,,,
13,3.8,5,13495.74 ,0.64 ,,,,,,,,,,,,,,,,,,
13,4,5,12007.92 ,0.65 ,,,,,,,,,,,,,,,,,,
13,4.4,5,13980.61 ,0.66 ,,,,,,,,,,,,,,,,,,
13,4.6,5,12434.24 ,0.67 ,,,,,,,,,,,,,,,,,,
13,4.6,5,14142.24 ,0.66 ,,,,,,,,,,,,,,,,,,
13,4.8,5,12576.35 ,0.68 ,,,,,,,,,,,,,,,,,,
13,5.2,5,14627.12 ,0.68 ,,,,,,,,,,,,,,,,,,
13,5.4,5,13002.66 ,0.70 ,,,,,,,,,,,,,,,,,,
13,5.4,5,14788.74 ,0.69 ,,,,,,,,,,,,,,,,,,
13,5.6,5,13144.77 ,0.71 ,,,,,,,,,,,,,,,,,,
13,5.8,5,13286.87 ,0.72 ,,,,,,,,,,,,,,,,,,
13,6,5,15273.62 ,0.71 ,,,,,,,,,,,,,,,,,,
13,6.2,5,15435.24 ,0.72 ,,,,,,,,,,,,,,,,,,
13,6.4,5,13713.19 ,0.74 ,,,,,,,,,,,,,,,,,,
13,6.4,5,15596.87 ,0.73 ,,,,,,,,,,,,,,,,,,
13,6.6,5,13855.30 ,0.75 ,,,,,,,,,,,,,,,,,,
13,6.8,5,13997.40 ,0.76 ,,,,,,,,,,,,,,,,,,
13,7,5,16081.75 ,0.75 ,,,,,,,,,,,,,,,,,,
13,7.2,5,16243.37 ,0.76 ,,,,,,,,,,,,,,,,,,
13,7.4,5,14423.72 ,0.78 ,,,,,,,,,,,,,,,,,,
13,7.4,5,16405.00 ,0.77 ,,,,,,,,,,,,,,,,,,
13,7.6,5,14565.82 ,0.79 ,,,,,,,,,,,,,,,,,,
13,7.8,5,14707.93 ,0.80 ,,,,,,,,,,,,,,,,,,
13,1,7.5,18379.94 ,0.76 ,,,,,,,,,,,,,,,,,,
13,1.6,7.5,17053.18 ,0.75 ,,,,,,,,,,,,,,,,,,
13,1.6,7.5,19052.38 ,0.74 ,,,,,,,,,,,,,,,,,,
13,2,7.5,17454.43 ,0.75 ,,,,,,,,,,,,,,,,,,
13,2,7.5,19500.67 ,0.74 ,,,,,,,,,,,,,,,,,,
13,2.2,7.5,17655.05 ,0.76 ,,,,,,,,,,,,,,,,,,
13,2.4,7.5,19948.96 ,0.74 ,,,,,,,,,,,,,,,,,,
13,2.6,7.5,18056.30 ,0.77 ,,,,,,,,,,,,,,,,,,
13,3,7.5,18457.56 ,0.78 ,,,,,,,,,,,,,,,,,,
13,3.6,7.5,19059.43 ,0.82 ,,,,,,,,,,,,,,,,,,
13,4,7.5,19460.68 ,0.83 ,,,,,,,,,,,,,,,,,,
13,4.2,7.5,19661.31 ,0.84 ,,,,,,,,,,,,,,,,,,
13,1,5,11911.30 ,0.75 ,,,,,,,,,,,,,,,,,,
13,1.2,5,10706.52 ,0.75 ,,,,,,,,,,,,,,,,,,
13,1.2,5,12082.68 ,0.75 ,,,,,,,,,,,,,,,,,,
13,1.4,5,10858.39 ,0.75 ,,,,,,,,,,,,,,,,,,
13,1.4,5,12254.07 ,0.75 ,,,,,,,,,,,,,,,,,,
13,1.6,5,11010.26 ,0.76 ,,,,,,,,,,,,,,,,,,
13,1.6,5,12425.46 ,0.76 ,,,,,,,,,,,,,,,,,,
13,1.8,5,12596.84 ,0.76 ,,,,,,,,,,,,,,,,,,
13,2,5,11313.99 ,0.77 ,,,,,,,,,,,,,,,,,,
13,2.2,5,11465.85 ,0.78 ,,,,,,,,,,,,,,,,,,
13,2.2,5,12939.61 ,0.78 ,,,,,,,,,,,,,,,,,,
13,2.4,5,11617.72 ,0.79 ,,,,,,,,,,,,,,,,,,
13,2.6,5,11769.58 ,0.79 ,,,,,,,,,,,,,,,,,,
13,2.6,5,13282.38 ,0.79 ,,,,,,,,,,,,,,,,,,
13,2.8,5,11921.45 ,0.81 ,,,,,,,,,,,,,,,,,,
13,3,5,12073.32 ,0.82 ,,,,,,,,,,,,,,,,,,
13,3,5,13625.16 ,0.82 ,,,,,,,,,,,,,,,,,,
13,3.2,5,12225.18 ,0.83 ,,,,,,,,,,,,,,,,,,
13,3.2,5,13796.54 ,0.83 ,,,,,,,,,,,,,,,,,,
13,3.4,5,12377.05 ,0.84 ,,,,,,,,,,,,,,,,,,
13,3.4,5,13967.93 ,0.84 ,,,,,,,,,,,,,,,,,,
13,3.6,5,12528.91 ,0.85 ,,,,,,,,,,,,,,,,,,
13,3.6,5,14139.31 ,0.85 ,,,,,,,,,,,,,,,,,,
13,3.8,5,12680.78 ,0.86 ,,,,,,,,,,,,,,,,,,
13,4,5,14482.08 ,0.87 ,,,,,,,,,,,,,,,,,,
13,4.2,5,12984.51 ,0.88 ,,,,,,,,,,,,,,,,,,
13,4.4,5,14824.85 ,0.89 ,,,,,,,,,,,,,,,,,,
13,4.6,5,13288.24 ,0.90 ,,,,,,,,,,,,,,,,,,
13,4.6,5,14996.24 ,0.90 ,,,,,,,,,,,,,,,,,,
13,4.8,5,13440.11 ,0.91 ,,,,,,,,,,,,,,,,,,
13,4.8,5,15167.63 ,0.91 ,,,,,,,,,,,,,,,,,,
13,5,5,13591.97 ,0.92 ,,,,,,,,,,,,,,,,,,
13,5,5,15339.01 ,0.92 ,,,,,,,,,,,,,,,,,,
13,5.2,5,13743.84 ,0.92 ,,,,,,,,,,,,,,,,,,
13,5.4,5,13895.70 ,0.93 ,,,,,,,,,,,,,,,,,,
13,5.4,5,15681.78 ,0.93 ,,,,,,,,,,,,,,,,,,
13,5.6,5,14047.57 ,0.94 ,,,,,,,,,,,,,,,,,,
13,5.6,5,15853.17 ,0.94 ,,,,,,,,,,,,,,,,,,
13,5.8,5,14199.43 ,0.95 ,,,,,,,,,,,,,,,,,,
13,5.8,5,16024.55 ,0.95 ,,,,,,,,,,,,,,,,,,
13,6,5,16195.94 ,0.96 ,,,,,,,,,,,,,,,,,,
13,6.2,5,14503.16 ,0.97 ,,,,,,,,,,,,,,,,,,
13,6.2,5,16367.32 ,0.97 ,,,,,,,,,,,,,,,,,,
13,6.4,5,14655.03 ,0.98 ,,,,,,,,,,,,,,,,,,
13,6.4,5,16538.71 ,0.98 ,,,,,,,,,,,,,,,,,,
13,6.6,5,16710.10 ,0.99 ,,,,,,,,,,,,,,,,,,
13,6.8,5,14958.76 ,1.00 ,,,,,,,,,,,,,,,,,,
13,6.8,5,16881.48 ,1.00 ,,,,,,,,,,,,,,,,,,
13,1,7.5,19826.42 ,0.99 ,,,,,,,,,,,,,,,,,,
13,1.2,7.5,18116.04 ,0.99 ,,,,,,,,,,,,,,,,,,
13,1.4,7.5,18334.31 ,0.99 ,,,,,,,,,,,,,,,,,,
13,1.6,7.5,18552.58 ,0.99 ,,,,,,,,,,,,,,,,,,
13,1.8,7.5,18770.84 ,1.00 ,,,,,,,,,,,,,,,,,,
13,1,5,11232.98 ,0.98 ,,,,,,,,,,,,,,,,,,
13,1,5,12589.62 ,0.99 ,,,,,,,,,,,,,,,,,,
13,1.2,5,11394.60 ,0.98 ,,,,,,,,,,,,,,,,,,
13,1.2,5,12770.76 ,0.99 ,,,,,,,,,,,,,,,,,,
13,1.4,5,11556.23 ,0.98 ,,,,,,,,,,,,,,,,,,
13,1.4,5,12951.91 ,1.00 ,,,,,,,,,,,,,,,,,,
13,1.6,5,11717.86 ,0.99 ,,,,,,,,,,,,,,,,,,
13,2,6,9704.85 ,0.93 ,,,,,,,,,,,,,,,,,,
13,4,6,12815.83 ,0.68 ,,,,,,,,,,,,,,,,,,
13,4.2,6,11047.66 ,0.80 ,,,,,,,,,,,,,,,,,,
13,7.8,6,13244.99 ,0.80 ,,,,,,,,,,,,,,,,,,
13,7.8,6,15536.51 ,0.69 ,,,,,,,,,,,,,,,,,,
13,4,9,17010.26 ,0.96 ,,,,,,,,,,,,,,,,,,
13,4,9,19718.90 ,0.83 ,,,,,,,,,,,,,,,,,,
13,7.6,9,19940.26 ,0.97 ,,,,,,,,,,,,,,,,,,
13,1,6,9881.20 ,0.68 ,,,,,,,,,,,,,,,,,,
13,1,6,11454.64 ,0.65 ,,,,,,,,,,,,,,,,,,
13,1.6,6,10279.10 ,0.62 ,,,,,,,,,,,,,,,,,,
13,2.2,6,10677.00 ,0.56 ,,,,,,,,,,,,,,,,,,
13,2.2,6,12377.16 ,0.53 ,,,,,,,,,,,,,,,,,,
13,3,6,12992.18 ,0.51 ,,,,,,,,,,,,,,,,,,
13,3.2,6,11340.17 ,0.55 ,,,,,,,,,,,,,,,,,,
13,4.2,6,12003.34 ,0.56 ,,,,,,,,,,,,,,,,,,
13,4.2,6,13914.70 ,0.53 ,,,,,,,,,,,,,,,,,,
13,4.4,6,12135.97 ,0.57 ,,,,,,,,,,,,,,,,,,
13,5.6,6,14990.98 ,0.55 ,,,,,,,,,,,,,,,,,,
13,5.8,6,13064.41 ,0.59 ,,,,,,,,,,,,,,,,,,
13,5.8,6,15144.73 ,0.56 ,,,,,,,,,,,,,,,,,,
13,6,6,13197.04 ,0.61 ,,,,,,,,,,,,,,,,,,
13,7.6,6,16528.51 ,0.60 ,,,,,,,,,,,,,,,,,,
13,7.8,6,14390.75 ,0.64 ,,,,,,,,,,,,,,,,,,
13,7.8,6,16682.27 ,0.61 ,,,,,,,,,,,,,,,,,,
13,1,9,16308.48 ,0.84 ,,,,,,,,,,,,,,,,,,
13,2.2,9,17401.78 ,0.70 ,,,,,,,,,,,,,,,,,,
13,3,9,18130.65 ,0.67 ,,,,,,,,,,,,,,,,,,
13,4.2,9,19223.96 ,0.70 ,,,,,,,,,,,,,,,,,,
13,1,6,12241.36 ,0.67 ,,,,,,,,,,,,,,,,,,
13,1.2,6,12405.68 ,0.65 ,,,,,,,,,,,,,,,,,,
13,1.6,6,11097.50 ,0.65 ,,,,,,,,,,,,,,,,,,
13,1.6,6,12734.30 ,0.63 ,,,,,,,,,,,,,,,,,,
13,2,6,11383.89 ,0.64 ,,,,,,,,,,,,,,,,,,
13,2,6,13062.93 ,0.63 ,,,,,,,,,,,,,,,,,,
13,2.4,6,13391.56 ,0.63 ,,,,,,,,,,,,,,,,,,
13,2.6,6,11813.47 ,0.65 ,,,,,,,,,,,,,,,,,,
13,3,6,12099.86 ,0.66 ,,,,,,,,,,,,,,,,,,
13,3,6,13884.50 ,0.65 ,,,,,,,,,,,,,,,,,,
13,3.2,6,12243.05 ,0.67 ,,,,,,,,,,,,,,,,,,
13,3.4,6,14213.13 ,0.66 ,,,,,,,,,,,,,,,,,,
13,3.6,6,12529.44 ,0.68 ,,,,,,,,,,,,,,,,,,
13,3.6,6,14377.44 ,0.67 ,,,,,,,,,,,,,,,,,,
13,3.8,6,12672.63 ,0.69 ,,,,,,,,,,,,,,,,,,
13,4.2,6,14870.38 ,0.69 ,,,,,,,,,,,,,,,,,,
13,4.4,6,13102.21 ,0.71 ,,,,,,,,,,,,,,,,,,
13,4.4,6,15034.69 ,0.70 ,,,,,,,,,,,,,,,,,,
13,4.6,6,13245.41 ,0.72 ,,,,,,,,,,,,,,,,,,
13,5,6,15527.64 ,0.72 ,,,,,,,,,,,,,,,,,,
13,5.2,6,13674.99 ,0.74 ,,,,,,,,,,,,,,,,,,
13,5.2,6,15691.95 ,0.73 ,,,,,,,,,,,,,,,,,,
13,5.4,6,13818.18 ,0.75 ,,,,,,,,,,,,,,,,,,
13,5.6,6,13961.38 ,0.76 ,,,,,,,,,,,,,,,,,,
13,6,6,16349.20 ,0.76 ,,,,,,,,,,,,,,,,,,
13,6.2,6,14390.96 ,0.78 ,,,,,,,,,,,,,,,,,,
13,6.2,6,16513.52 ,0.77 ,,,,,,,,,,,,,,,,,,
13,6.4,6,14534.15 ,0.79 ,,,,,,,,,,,,,,,,,,
13,6.6,6,14677.34 ,0.80 ,,,,,,,,,,,,,,,,,,
13,7,6,17170.77 ,0.80 ,,,,,,,,,,,,,,,,,,
13,7.2,6,15106.92 ,0.82 ,,,,,,,,,,,,,,,,,,
13,7.2,6,17335.08 ,0.81 ,,,,,,,,,,,,,,,,,,
13,7.4,6,15250.12 ,0.83 ,,,,,,,,,,,,,,,,,,
13,7.4,6,17499.40 ,0.81 ,,,,,,,,,,,,,,,,,,
13,7.6,6,15393.31 ,0.84 ,,,,,,,,,,,,,,,,,,
13,1.2,9,18250.01 ,0.83 ,,,,,,,,,,,,,,,,,,
13,2,9,19056.64 ,0.80 ,,,,,,,,,,,,,,,,,,
13,2.4,9,19459.96 ,0.80 ,,,,,,,,,,,,,,,,,,
13,2.8,9,19863.27 ,0.81 ,,,,,,,,,,,,,,,,,,
13,1,6,11454.64 ,0.85 ,,,,,,,,,,,,,,,,,,
13,1,6,13028.08 ,0.85 ,,,,,,,,,,,,,,,,,,
13,1.2,6,11608.40 ,0.85 ,,,,,,,,,,,,,,,,,,
13,1.2,6,13202.96 ,0.85 ,,,,,,,,,,,,,,,,,,
13,1.4,6,11762.15 ,0.85 ,,,,,,,,,,,,,,,,,,
13,1.4,6,13377.83 ,0.85 ,,,,,,,,,,,,,,,,,,
13,1.6,6,11915.90 ,0.86 ,,,,,,,,,,,,,,,,,,
13,1.6,6,13552.70 ,0.85 ,,,,,,,,,,,,,,,,,,
13,1.8,6,12069.66 ,0.87 ,,,,,,,,,,,,,,,,,,
13,1.8,6,13727.58 ,0.87 ,,,,,,,,,,,,,,,,,,
13,2,6,13902.45 ,0.88 ,,,,,,,,,,,,,,,,,,
13,2.2,6,12377.16 ,0.89 ,,,,,,,,,,,,,,,,,,
13,2.2,6,14077.32 ,0.88 ,,,,,,,,,,,,,,,,,,
13,2.4,6,12530.92 ,0.89 ,,,,,,,,,,,,,,,,,,
13,2.4,6,14252.20 ,0.89 ,,,,,,,,,,,,,,,,,,
13,2.6,6,12684.67 ,0.90 ,,,,,,,,,,,,,,,,,,
13,2.8,6,12838.43 ,0.91 ,,,,,,,,,,,,,,,,,,
13,2.8,6,14601.95 ,0.91 ,,,,,,,,,,,,,,,,,,
13,3,6,12992.18 ,0.93 ,,,,,,,,,,,,,,,,,,
13,3,6,14776.82 ,0.92 ,,,,,,,,,,,,,,,,,,
13,3.2,6,13145.93 ,0.94 ,,,,,,,,,,,,,,,,,,
13,3.2,6,14951.69 ,0.94 ,,,,,,,,,,,,,,,,,,
13,3.4,6,13299.69 ,0.95 ,,,,,,,,,,,,,,,,,,
13,3.4,6,15126.57 ,0.95 ,,,,,,,,,,,,,,,,,,
13,3.6,6,13453.44 ,0.97 ,,,,,,,,,,,,,,,,,,
13,3.6,6,15301.44 ,0.96 ,,,,,,,,,,,,,,,,,,
13,3.8,6,13607.19 ,0.98 ,,,,,,,,,,,,,,,,,,
13,3.8,6,15476.31 ,0.97 ,,,,,,,,,,,,,,,,,,
13,4,6,13760.95 ,0.99 ,,,,,,,,,,,,,,,,,,
13,4.2,6,15826.06 ,0.99 ,,,,,,,,,,,,,,,,,,
13,1,7,10440.07 ,0.91 ,,,,,,,,,,,,,,,,,,
13,3.6,7,12147.25 ,0.69 ,,,,,,,,,,,,,,,,,,
13,3.6,7,14248.85 ,0.61 ,,,,,,,,,,,,,,,,,,
13,5.6,7,15789.26 ,0.59 ,,,,,,,,,,,,,,,,,,
13,5.8,7,13591.79 ,0.68 ,,,,,,,,,,,,,,,,,,
13,5.8,7,15943.31 ,0.61 ,,,,,,,,,,,,,,,,,,
13,3.6,10.5,19563.46 ,0.88 ,,,,,,,,,,,,,,,,,,
13,1.2,7,11485.87 ,0.71 ,,,,,,,,,,,,,,,,,,
13,1.6,7,11771.23 ,0.67 ,,,,,,,,,,,,,,,,,,
13,2.2,7,12199.28 ,0.64 ,,,,,,,,,,,,,,,,,,
13,2.6,7,14472.64 ,0.61 ,,,,,,,,,,,,,,,,,,
13,2.8,7,12627.32 ,0.63 ,,,,,,,,,,,,,,,,,,
13,3.4,7,15134.25 ,0.62 ,,,,,,,,,,,,,,,,,,
13,3.6,7,13198.05 ,0.64 ,,,,,,,,,,,,,,,,,,
13,4.2,7,15795.85 ,0.64 ,,,,,,,,,,,,,,,,,,
13,4.4,7,13768.77 ,0.67 ,,,,,,,,,,,,,,,,,,
13,5.2,7,16622.86 ,0.67 ,,,,,,,,,,,,,,,,,,
13,5.4,7,14482.18 ,0.70 ,,,,,,,,,,,,,,,,,,
13,5.4,7,16788.26 ,0.68 ,,,,,,,,,,,,,,,,,,
13,5.6,7,14624.86 ,0.71 ,,,,,,,,,,,,,,,,,,
13,6.4,7,17615.27 ,0.71 ,,,,,,,,,,,,,,,,,,
13,6.6,7,15338.27 ,0.74 ,,,,,,,,,,,,,,,,,,
13,6.6,7,17780.67 ,0.72 ,,,,,,,,,,,,,,,,,,
13,6.8,7,15480.95 ,0.75 ,,,,,,,,,,,,,,,,,,
13,7.8,7,18773.08 ,0.75 ,,,,,,,,,,,,,,,,,,
13,1.6,10.5,19908.96 ,0.83 ,,,,,,,,,,,,,,,,,,
13,1,7,12246.31 ,0.86 ,,,,,,,,,,,,,,,,,,
13,1,7,14052.55 ,0.85 ,,,,,,,,,,,,,,,,,,
13,1.2,7,12400.35 ,0.86 ,,,,,,,,,,,,,,,,,,
13,1.4,7,12554.39 ,0.86 ,,,,,,,,,,,,,,,,,,
13,1.6,7,14582.83 ,0.85 ,,,,,,,,,,,,,,,,,,
13,1.8,7,12862.47 ,0.87 ,,,,,,,,,,,,,,,,,,
13,1.8,7,14759.59 ,0.86 ,,,,,,,,,,,,,,,,,,
13,2,7,13016.52 ,0.88 ,,,,,,,,,,,,,,,,,,
13,2,7,14936.36 ,0.87 ,,,,,,,,,,,,,,,,,,
13,2.4,7,13324.60 ,0.90 ,,,,,,,,,,,,,,,,,,
13,2.4,7,15289.88 ,0.89 ,,,,,,,,,,,,,,,,,,
13,2.6,7,15466.64 ,0.90 ,,,,,,,,,,,,,,,,,,
13,2.8,7,13632.68 ,0.91 ,,,,,,,,,,,,,,,,,,
13,2.8,7,15643.40 ,0.91 ,,,,,,,,,,,,,,,,,,
13,3,7,15820.16 ,0.92 ,,,,,,,,,,,,,,,,,,
13,3.2,7,13940.76 ,0.94 ,,,,,,,,,,,,,,,,,,
13,3.2,7,15996.92 ,0.93 ,,,,,,,,,,,,,,,,,,
13,3.4,7,14094.81 ,0.95 ,,,,,,,,,,,,,,,,,,
13,3.6,7,16350.45 ,0.96 ,,,,,,,,,,,,,,,,,,
13,3.8,7,14402.89 ,0.97 ,,,,,,,,,,,,,,,,,,
13,3.8,7,16527.21 ,0.97 ,,,,,,,,,,,,,,,,,,
13,4,7,14556.93 ,0.99 ,,,,,,,,,,,,,,,,,,
13,4,7,16703.97 ,0.98 ,,,,,,,,,,,,,,,,,,
13,4.2,7,14710.97 ,1.00 ,,,,,,,,,,,,,,,,,,
13,4.2,7,16880.73 ,0.99 ,,,,,,,,,,,,,,,,,,
13,1.8,8,12440.41 ,0.70 ,,,,,,,,,,,,,,,,,,
13,1.8,8,14592.73 ,0.65 ,,,,,,,,,,,,,,,,,,
13,2.8,8,15417.18 ,0.60 ,,,,,,,,,,,,,,,,,,
13,4.2,8,14127.24 ,0.65 ,,,,,,,,,,,,,,,,,,
13,4.2,8,16571.40 ,0.59 ,,,,,,,,,,,,,,,,,,
13,4.4,8,14267.81 ,0.66 ,,,,,,,,,,,,,,,,,,
13,5.8,8,17890.52 ,0.60 ,,,,,,,,,,,,,,,,,,
13,6,8,15392.37 ,0.67 ,,,,,,,,,,,,,,,,,,
13,6,8,18055.41 ,0.61 ,,,,,,,,,,,,,,,,,,
13,6.2,8,15532.94 ,0.68 ,,,,,,,,,,,,,,,,,,
13,1,8,12905.65 ,0.85 ,,,,,,,,,,,,,,,,,,
13,1.2,8,13058.38 ,0.81 ,,,,,,,,,,,,,,,,,,
13,1.4,8,15314.79 ,0.77 ,,,,,,,,,,,,,,,,,,
13,1.8,8,15668.89 ,0.76 ,,,,,,,,,,,,,,,,,,
13,2.2,8,16022.99 ,0.77 ,,,,,,,,,,,,,,,,,,
13,2.4,8,13974.76 ,0.79 ,,,,,,,,,,,,,,,,,,
13,2.8,8,16554.14 ,0.78 ,,,,,,,,,,,,,,,,,,
13,3,8,14432.95 ,0.80 ,,,,,,,,,,,,,,,,,,
13,3.2,8,16908.24 ,0.79 ,,,,,,,,,,,,,,,,,,
13,3.4,8,14738.41 ,0.81 ,,,,,,,,,,,,,,,,,,
13,3.4,8,17085.29 ,0.80 ,,,,,,,,,,,,,,,,,,
13,3.6,8,14891.14 ,0.82 ,,,,,,,,,,,,,,,,,,
13,3.8,8,17439.39 ,0.82 ,,,,,,,,,,,,,,,,,,
13,4,8,15196.60 ,0.84 ,,,,,,,,,,,,,,,,,,
13,4,8,17616.44 ,0.83 ,,,,,,,,,,,,,,,,,,
13,4.2,8,15349.32 ,0.85 ,,,,,,,,,,,,,,,,,,
13,4.6,8,18147.58 ,0.85 ,,,,,,,,,,,,,,,,,,
13,4.8,8,15807.51 ,0.88 ,,,,,,,,,,,,,,,,,,
13,4.8,8,18324.63 ,0.86 ,,,,,,,,,,,,,,,,,,
13,5,8,15960.24 ,0.89 ,,,,,,,,,,,,,,,,,,
13,5.4,8,18855.78 ,0.88 ,,,,,,,,,,,,,,,,,,
13,5.6,8,19032.83 ,0.89 ,,,,,,,,,,,,,,,,,,
13,5.8,8,16571.16 ,0.92 ,,,,,,,,,,,,,,,,,,
13,5.8,8,19209.88 ,0.90 ,,,,,,,,,,,,,,,,,,
13,6,8,16723.89 ,0.93 ,,,,,,,,,,,,,,,,,,
13,6.4,8,19741.03 ,0.92 ,,,,,,,,,,,,,,,,,,
13,6.6,8,17182.08 ,0.95 ,,,,,,,,,,,,,,,,,,
13,6.6,8,19918.08 ,0.94 ,,,,,,,,,,,,,,,,,,
13,6.8,8,17334.81 ,0.96 ,,,,,,,,,,,,,,,,,,
13,7,8,17487.54 ,0.98 ,,,,,,,,,,,,,,,,,,
13,2.2,9,14307.58 ,0.69 ,,,,,,,,,,,,,,,,,,
13,3,9,14906.85 ,0.67 ,,,,,,,,,,,,,,,,,,
13,3,9,17485.89 ,0.63 ,,,,,,,,,,,,,,,,,,
13,4,9,18364.58 ,0.63 ,,,,,,,,,,,,,,,,,,
13,4.2,9,15805.76 ,0.68 ,,,,,,,,,,,,,,,,,,
13,5.2,9,19419.00 ,0.65 ,,,,,,,,,,,,,,,,,,
13,5.4,9,16704.66 ,0.70 ,,,,,,,,,,,,,,,,,,
13,5.4,9,19594.74 ,0.66 ,,,,,,,,,,,,,,,,,,
13,5.6,9,16854.48 ,0.71 ,,,,,,,,,,,,,,,,,,
13,7.2,9,18053.02 ,0.75 ,,,,,,,,,,,,,,,,,,
13,7.4,9,18202.84 ,0.76 ,,,,,,,,,,,,,,,,,,
13,7.6,9,18352.66 ,0.77 ,,,,,,,,,,,,,,,,,,
13,1,9,14568.60 ,0.99 ,,,,,,,,,,,,,,,,,,
13,1.4,9,17265.83 ,0.97 ,,,,,,,,,,,,,,,,,,
13,1.6,9,15056.93 ,0.98 ,,,,,,,,,,,,,,,,,,
13,1.8,9,17643.23 ,0.98 ,,,,,,,,,,,,,,,,,,
13,2,9,17831.92 ,0.99 ,,,,,,,,,,,,,,,,,,
13,2.2,9,18020.62 ,1.00 ,,,,,,,,,,,,,,,,,,
13,1,10,17632.34 ,0.83 ,,,,,,,,,,,,,,,,,,
13,1.6,10,15508.90 ,0.80 ,,,,,,,,,,,,,,,,,,
13,2,10,18565.27 ,0.72 ,,,,,,,,,,,,,,,,,,
13,2.2,10,15986.09 ,0.76 ,,,,,,,,,,,,,,,,,,
13,2.6,10,19125.02 ,0.70 ,,,,,,,,,,,,,,,,,,
13,2.8,10,16463.29 ,0.74 ,,,,,,,,,,,,,,,,,,
13,3.4,10,19871.37 ,0.71 ,,,,,,,,,,,,,,,,,,
13,3.6,10,17099.55 ,0.75 ,,,,,,,,,,,,,,,,,,
13,4.4,10,17735.81 ,0.76 ,,,,,,,,,,,,,,,,,,
13,4.6,10,17894.88 ,0.77 ,,,,,,,,,,,,,,,,,,
13,5.6,10,18690.21 ,0.80 ,,,,,,,,,,,,,,,,,,
13,5.8,10,18849.27 ,0.81 ,,,,,,,,,,,,,,,,,,
13,6.8,10,19644.60 ,0.84 ,,,,,,,,,,,,,,,,,,
13,7,10,19803.67 ,0.85 ,,,,,,,,,,,,,,,,,,
13,7.2,10,19962.73 ,0.86 ,,,,,,,,,,,,,,,,,,
14,3.45,2,8168.18 ,0.95 ,,,,,,,,,,,,,,,,,,
14,3.45,2,9242.94 ,0.87 ,,,,,,,,,,,,,,,,,,
14,8.05,2,10881.07 ,0.79 ,,,,,,,,,,,,,,,,,,
14,8.05,2,12312.79 ,0.71 ,,,,,,,,,,,,,,,,,,
14,8.25,2,10999.02 ,0.81 ,,,,,,,,,,,,,,,,,,
14,8.25,2,12446.26 ,0.72 ,,,,,,,,,,,,,,,,,,
14,8.05,3,16399.46 ,0.85 ,,,,,,,,,,,,,,,,,,
14,8.25,3,14886.05 ,0.96 ,,,,,,,,,,,,,,,,,,
14,8.25,3,16568.09 ,0.86 ,,,,,,,,,,,,,,,,,,
14,8.45,3,15037.57 ,0.98 ,,,,,,,,,,,,,,,,,,
14,1.65,2,7574.15 ,0.91 ,,,,,,,,,,,,,,,,,,
14,1.65,2,8509.23 ,0.87 ,,,,,,,,,,,,,,,,,,
14,6.05,2,10339.81 ,0.59 ,,,,,,,,,,,,,,,,,,
14,6.05,2,11616.33 ,0.54 ,,,,,,,,,,,,,,,,,,
14,6.25,2,10465.52 ,0.60 ,,,,,,,,,,,,,,,,,,
14,3.25,3,13292.82 ,0.74 ,,,,,,,,,,,,,,,,,,
14,5.85,3,15651.96 ,0.64 ,,,,,,,,,,,,,,,,,,
14,6.05,3,14339.71 ,0.71 ,,,,,,,,,,,,,,,,,,
14,6.05,3,15833.43 ,0.65 ,,,,,,,,,,,,,,,,,,
14,2.85,2,9870.72 ,0.50 ,,,,,,,,,,,,,,,,,,
14,4.45,2,9910.30 ,0.48 ,,,,,,,,,,,,,,,,,,
14,4.45,2,11062.66 ,0.44 ,,,,,,,,,,,,,,,,,,
14,6.85,2,11511.96 ,0.47 ,,,,,,,,,,,,,,,,,,
14,6.85,2,12850.56 ,0.43 ,,,,,,,,,,,,,,,,,,
14,7.05,2,11645.43 ,0.48 ,,,,,,,,,,,,,,,,,,
14,2.85,3,12624.93 ,0.68 ,,,,,,,,,,,,,,,,,,
14,2.85,3,13844.73 ,0.64 ,,,,,,,,,,,,,,,,,,
14,4.45,3,14042.47 ,0.60 ,,,,,,,,,,,,,,,,,,
14,4.45,3,15399.23 ,0.57 ,,,,,,,,,,,,,,,,,,
14,6.65,3,15991.58 ,0.58 ,,,,,,,,,,,,,,,,,,
14,6.65,3,17536.66 ,0.53 ,,,,,,,,,,,,,,,,,,
14,6.85,3,16168.77 ,0.59 ,,,,,,,,,,,,,,,,,,
14,6.85,3,17730.97 ,0.54 ,,,,,,,,,,,,,,,,,,
14,3.45,2,9780.32 ,0.44 ,,,,,,,,,,,,,,,,,,
14,3.45,2,10855.08 ,0.42 ,,,,,,,,,,,,,,,,,,
14,4.65,2,11795.59 ,0.39 ,,,,,,,,,,,,,,,,,,
14,4.85,2,10768.94 ,0.42 ,,,,,,,,,,,,,,,,,,
14,6.45,2,11898.80 ,0.42 ,,,,,,,,,,,,,,,,,,
14,6.45,2,13206.36 ,0.39 ,,,,,,,,,,,,,,,,,,
14,6.65,2,12040.03 ,0.43 ,,,,,,,,,,,,,,,,,,
14,6.65,2,13363.11 ,0.40 ,,,,,,,,,,,,,,,,,,
14,3.45,3,14109.88 ,0.58 ,,,,,,,,,,,,,,,,,,
14,3.45,3,15381.04 ,0.56 ,,,,,,,,,,,,,,,,,,
14,4.65,3,15250.07 ,0.54 ,,,,,,,,,,,,,,,,,,
14,4.65,3,16623.95 ,0.52 ,,,,,,,,,,,,,,,,,,
14,6.25,3,16770.32 ,0.54 ,,,,,,,,,,,,,,,,,,
14,6.25,3,18281.16 ,0.52 ,,,,,,,,,,,,,,,,,,
14,6.45,3,16960.36 ,0.55 ,,,,,,,,,,,,,,,,,,
14,8.45,3,18860.68 ,0.56 ,,,,,,,,,,,,,,,,,,
14,1.85,2,9125.76 ,0.48 ,,,,,,,,,,,,,,,,,,
14,1.85,2,10076.36 ,0.47 ,,,,,,,,,,,,,,,,,,
14,2.45,2,10569.90 ,0.41 ,,,,,,,,,,,,,,,,,,
14,3.25,2,11227.94 ,0.39 ,,,,,,,,,,,,,,,,,,
14,4.25,2,10913.66 ,0.40 ,,,,,,,,,,,,,,,,,,
14,4.25,2,12050.50 ,0.39 ,,,,,,,,,,,,,,,,,,
14,4.45,2,11062.66 ,0.41 ,,,,,,,,,,,,,,,,,,
14,4.45,2,12215.02 ,0.39 ,,,,,,,,,,,,,,,,,,
14,5.45,2,13037.58 ,0.39 ,,,,,,,,,,,,,,,,,,
14,5.65,2,11956.61 ,0.41 ,,,,,,,,,,,,,,,,,,
14,5.65,2,13202.09 ,0.40 ,,,,,,,,,,,,,,,,,,
14,5.85,2,12105.60 ,0.42 ,,,,,,,,,,,,,,,,,,
14,7.25,2,13148.54 ,0.43 ,,,,,,,,,,,,,,,,,,
14,7.25,2,14518.18 ,0.41 ,,,,,,,,,,,,,,,,,,
14,7.45,2,13297.54 ,0.44 ,,,,,,,,,,,,,,,,,,
14,7.45,2,14682.70 ,0.41 ,,,,,,,,,,,,,,,,,,
14,1.25,3,12831.65 ,0.76 ,,,,,,,,,,,,,,,,,,
14,1.25,3,13914.49 ,0.74 ,,,,,,,,,,,,,,,,,,
14,2.45,3,14048.89 ,0.59 ,,,,,,,,,,,,,,,,,,
14,3.25,3,14860.37 ,0.56 ,,,,,,,,,,,,,,,,,,
14,3.25,3,16114.41 ,0.54 ,,,,,,,,,,,,,,,,,,
14,4.25,3,15874.73 ,0.55 ,,,,,,,,,,,,,,,,,,
14,4.25,3,17214.37 ,0.53 ,,,,,,,,,,,,,,,,,,
14,5.25,3,18314.33 ,0.53 ,,,,,,,,,,,,,,,,,,
14,5.45,3,17091.97 ,0.56 ,,,,,,,,,,,,,,,,,,
14,5.45,3,18534.33 ,0.54 ,,,,,,,,,,,,,,,,,,
14,5.65,3,17294.84 ,0.57 ,,,,,,,,,,,,,,,,,,
14,7.05,3,18714.94 ,0.58 ,,,,,,,,,,,,,,,,,,
14,7.25,3,18917.81 ,0.59 ,,,,,,,,,,,,,,,,,,
14,1.05,2,8974.05 ,0.59 ,,,,,,,,,,,,,,,,,,
14,1.05,2,9862.57 ,0.58 ,,,,,,,,,,,,,,,,,,
14,1.45,2,9287.56 ,0.51 ,,,,,,,,,,,,,,,,,,
14,1.85,2,9601.06 ,0.46 ,,,,,,,,,,,,,,,,,,
14,1.85,2,10551.66 ,0.45 ,,,,,,,,,,,,,,,,,,
14,2.25,2,10896.20 ,0.42 ,,,,,,,,,,,,,,,,,,
14,2.85,2,11413.02 ,0.41 ,,,,,,,,,,,,,,,,,,
14,3.05,2,10541.57 ,0.43 ,,,,,,,,,,,,,,,,,,
14,3.65,2,11011.83 ,0.42 ,,,,,,,,,,,,,,,,,,
14,3.65,2,12102.11 ,0.41 ,,,,,,,,,,,,,,,,,,
14,3.85,2,11168.58 ,0.43 ,,,,,,,,,,,,,,,,,,
14,4.45,2,12791.20 ,0.42 ,,,,,,,,,,,,,,,,,,
14,4.65,2,11795.59 ,0.43 ,,,,,,,,,,,,,,,,,,
14,4.65,2,12963.47 ,0.42 ,,,,,,,,,,,,,,,,,,
14,5.45,2,13652.56 ,0.43 ,,,,,,,,,,,,,,,,,,
14,5.65,2,12579.35 ,0.44 ,,,,,,,,,,,,,,,,,,
14,5.65,2,13824.83 ,0.43 ,,,,,,,,,,,,,,,,,,
14,5.85,2,12736.10 ,0.45 ,,,,,,,,,,,,,,,,,,
14,6.85,2,13519.86 ,0.46 ,,,,,,,,,,,,,,,,,,
14,6.85,2,14858.46 ,0.45 ,,,,,,,,,,,,,,,,,,
14,7.05,2,13676.61 ,0.47 ,,,,,,,,,,,,,,,,,,
14,7.05,2,15030.73 ,0.46 ,,,,,,,,,,,,,,,,,,
14,7.25,2,13833.36 ,0.48 ,,,,,,,,,,,,,,,,,,
14,8.25,2,16064.36 ,0.47 ,,,,,,,,,,,,,,,,,,
14,8.45,2,14773.88 ,0.49 ,,,,,,,,,,,,,,,,,,
14,8.45,2,16236.64 ,0.48 ,,,,,,,,,,,,,,,,,,
14,2.25,3,14722.34 ,0.60 ,,,,,,,,,,,,,,,,,,
14,2.85,3,15369.48 ,0.58 ,,,,,,,,,,,,,,,,,,
14,3.45,3,16016.62 ,0.58 ,,,,,,,,,,,,,,,,,,
14,3.45,3,17287.78 ,0.57 ,,,,,,,,,,,,,,,,,,
14,4.25,3,16879.46 ,0.59 ,,,,,,,,,,,,,,,,,,
14,4.25,3,18219.10 ,0.58 ,,,,,,,,,,,,,,,,,,
14,4.45,3,17095.18 ,0.60 ,,,,,,,,,,,,,,,,,,
14,5.25,3,17958.02 ,0.60 ,,,,,,,,,,,,,,,,,,
14,5.25,3,19383.26 ,0.59 ,,,,,,,,,,,,,,,,,,
14,5.45,3,18173.74 ,0.61 ,,,,,,,,,,,,,,,,,,
14,6.45,3,19252.30 ,0.63 ,,,,,,,,,,,,,,,,,,
14,6.65,3,19468.01 ,0.64 ,,,,,,,,,,,,,,,,,,
14,6.85,3,19683.72 ,0.65 ,,,,,,,,,,,,,,,,,,
14,5.25,3,10831.82 ,0.90 ,,,,,,,,,,,,,,,,,,
14,1.65,3,7931.27 ,0.82 ,,,,,,,,,,,,,,,,,,
14,1.65,3,9048.35 ,0.78 ,,,,,,,,,,,,,,,,,,
14,3.25,3,8903.68 ,0.62 ,,,,,,,,,,,,,,,,,,
14,3.25,3,10157.72 ,0.57 ,,,,,,,,,,,,,,,,,,
14,5.85,3,10483.86 ,0.57 ,,,,,,,,,,,,,,,,,,
14,5.85,3,11960.46 ,0.52 ,,,,,,,,,,,,,,,,,,
14,6.05,3,10605.41 ,0.59 ,,,,,,,,,,,,,,,,,,
14,6.05,3,12099.13 ,0.53 ,,,,,,,,,,,,,,,,,,
14,1.65,4.5,12922.73 ,0.96 ,,,,,,,,,,,,,,,,,,
14,3.25,4.5,12767.54 ,0.75 ,,,,,,,,,,,,,,,,,,
14,3.25,4.5,14343.78 ,0.70 ,,,,,,,,,,,,,,,,,,
14,5.85,4.5,14823.00 ,0.67 ,,,,,,,,,,,,,,,,,,
14,5.85,4.5,16653.00 ,0.61 ,,,,,,,,,,,,,,,,,,
14,6.05,4.5,14981.11 ,0.69 ,,,,,,,,,,,,,,,,,,
14,6.05,4.5,16830.63 ,0.62 ,,,,,,,,,,,,,,,,,,
14,1.25,3,8229.58 ,0.64 ,,,,,,,,,,,,,,,,,,
14,1.25,3,9312.42 ,0.62 ,,,,,,,,,,,,,,,,,,
14,2.05,3,9901.35 ,0.49 ,,,,,,,,,,,,,,,,,,
14,3.25,3,9530.70 ,0.47 ,,,,,,,,,,,,,,,,,,
14,3.25,3,10784.74 ,0.44 ,,,,,,,,,,,,,,,,,,
14,4.65,3,10441.49 ,0.43 ,,,,,,,,,,,,,,,,,,
14,4.65,3,11815.37 ,0.41 ,,,,,,,,,,,,,,,,,,
14,4.85,3,10571.60 ,0.45 ,,,,,,,,,,,,,,,,,,
14,6.65,3,13287.69 ,0.40 ,,,,,,,,,,,,,,,,,,
14,6.85,3,11872.72 ,0.44 ,,,,,,,,,,,,,,,,,,
14,6.85,3,13434.92 ,0.41 ,,,,,,,,,,,,,,,,,,
14,7.05,3,12002.83 ,0.45 ,,,,,,,,,,,,,,,,,,
14,1.25,4.5,12222.20 ,0.82 ,,,,,,,,,,,,,,,,,,
14,2.05,4.5,14372.33 ,0.61 ,,,,,,,,,,,,,,,,,,
14,3.25,4.5,13949.72 ,0.57 ,,,,,,,,,,,,,,,,,,
14,3.25,4.5,15525.96 ,0.54 ,,,,,,,,,,,,,,,,,,
14,4.65,4.5,15158.99 ,0.54 ,,,,,,,,,,,,,,,,,,
14,4.65,4.5,16871.87 ,0.50 ,,,,,,,,,,,,,,,,,,
14,6.45,4.5,18602.32 ,0.49 ,,,,,,,,,,,,,,,,,,
14,6.65,4.5,16886.51 ,0.55 ,,,,,,,,,,,,,,,,,,
14,6.65,4.5,18794.59 ,0.50 ,,,,,,,,,,,,,,,,,,
14,6.85,4.5,17059.26 ,0.56 ,,,,,,,,,,,,,,,,,,
14,1.25,3,9853.84 ,0.49 ,,,,,,,,,,,,,,,,,,
14,1.85,3,9187.02 ,0.45 ,,,,,,,,,,,,,,,,,,
14,1.85,3,10321.22 ,0.43 ,,,,,,,,,,,,,,,,,,
14,2.45,3,9603.04 ,0.41 ,,,,,,,,,,,,,,,,,,
14,2.45,3,10788.60 ,0.39 ,,,,,,,,,,,,,,,,,,
14,3.25,3,10157.72 ,0.39 ,,,,,,,,,,,,,,,,,,
14,3.25,3,11411.76 ,0.37 ,,,,,,,,,,,,,,,,,,
14,4.25,3,10851.08 ,0.39 ,,,,,,,,,,,,,,,,,,
14,4.25,3,12190.72 ,0.37 ,,,,,,,,,,,,,,,,,,
14,4.45,3,10989.76 ,0.40 ,,,,,,,,,,,,,,,,,,
14,4.45,3,12346.52 ,0.38 ,,,,,,,,,,,,,,,,,,
14,5.65,3,11821.79 ,0.41 ,,,,,,,,,,,,,,,,,,
14,5.65,3,13281.27 ,0.39 ,,,,,,,,,,,,,,,,,,
14,5.85,3,11960.46 ,0.41 ,,,,,,,,,,,,,,,,,,
14,5.85,3,13437.06 ,0.39 ,,,,,,,,,,,,,,,,,,
14,7.25,3,14527.60 ,0.41 ,,,,,,,,,,,,,,,,,,
14,7.45,3,13069.84 ,0.43 ,,,,,,,,,,,,,,,,,,
14,7.45,3,14683.40 ,0.41 ,,,,,,,,,,,,,,,,,,
14,7.65,3,13208.51 ,0.44 ,,,,,,,,,,,,,,,,,,
14,7.65,3,14839.19 ,0.42 ,,,,,,,,,,,,,,,,,,
14,1.25,4.5,13257.98 ,0.66 ,,,,,,,,,,,,,,,,,,
14,1.25,4.5,14639.02 ,0.64 ,,,,,,,,,,,,,,,,,,
14,2.45,4.5,14382.34 ,0.52 ,,,,,,,,,,,,,,,,,,
14,3.25,4.5,15131.90 ,0.49 ,,,,,,,,,,,,,,,,,,
14,3.25,4.5,16708.14 ,0.48 ,,,,,,,,,,,,,,,,,,
14,4.25,4.5,16068.86 ,0.50 ,,,,,,,,,,,,,,,,,,
14,4.25,4.5,17742.70 ,0.47 ,,,,,,,,,,,,,,,,,,
14,5.25,4.5,18777.26 ,0.48 ,,,,,,,,,,,,,,,,,,
14,5.45,4.5,17193.22 ,0.51 ,,,,,,,,,,,,,,,,,,
14,5.45,4.5,18984.18 ,0.49 ,,,,,,,,,,,,,,,,,,
14,5.65,4.5,17380.61 ,0.53 ,,,,,,,,,,,,,,,,,,
14,7.05,4.5,18692.35 ,0.55 ,,,,,,,,,,,,,,,,,,
14,7.25,4.5,18879.74 ,0.55 ,,,,,,,,,,,,,,,,,,
14,1.05,3,9165.19 ,0.52 ,,,,,,,,,,,,,,,,,,
14,2.25,3,10048.58 ,0.41 ,,,,,,,,,,,,,,,,,,
14,2.25,3,11217.02 ,0.40 ,,,,,,,,,,,,,,,,,,
14,2.65,3,11545.73 ,0.39 ,,,,,,,,,,,,,,,,,,
14,3.25,3,12038.78 ,0.39 ,,,,,,,,,,,,,,,,,,
14,3.45,3,10931.98 ,0.40 ,,,,,,,,,,,,,,,,,,
14,3.45,3,12203.14 ,0.39 ,,,,,,,,,,,,,,,,,,
14,4.05,3,12696.19 ,0.40 ,,,,,,,,,,,,,,,,,,
14,4.25,3,11520.90 ,0.42 ,,,,,,,,,,,,,,,,,,
14,4.25,3,12860.54 ,0.40 ,,,,,,,,,,,,,,,,,,
14,5.05,3,12109.83 ,0.43 ,,,,,,,,,,,,,,,,,,
14,5.05,3,13517.95 ,0.42 ,,,,,,,,,,,,,,,,,,
14,5.25,3,12257.06 ,0.44 ,,,,,,,,,,,,,,,,,,
14,6.05,3,12845.99 ,0.45 ,,,,,,,,,,,,,,,,,,
14,6.05,3,14339.71 ,0.44 ,,,,,,,,,,,,,,,,,,
14,6.25,3,12993.22 ,0.46 ,,,,,,,,,,,,,,,,,,
14,6.25,3,14504.06 ,0.45 ,,,,,,,,,,,,,,,,,,
14,6.45,3,13140.46 ,0.47 ,,,,,,,,,,,,,,,,,,
14,7.25,3,13729.38 ,0.48 ,,,,,,,,,,,,,,,,,,
14,7.25,3,15325.82 ,0.47 ,,,,,,,,,,,,,,,,,,
14,7.45,3,13876.62 ,0.49 ,,,,,,,,,,,,,,,,,,
14,7.45,3,15490.18 ,0.48 ,,,,,,,,,,,,,,,,,,
14,7.65,3,14023.85 ,0.49 ,,,,,,,,,,,,,,,,,,
14,8.45,3,16311.94 ,0.49 ,,,,,,,,,,,,,,,,,,
14,1.25,4.5,15674.80 ,0.60 ,,,,,,,,,,,,,,,,,,
14,1.65,4.5,16117.91 ,0.56 ,,,,,,,,,,,,,,,,,,
14,2.05,4.5,15101.89 ,0.55 ,,,,,,,,,,,,,,,,,,
14,2.05,4.5,16561.01 ,0.54 ,,,,,,,,,,,,,,,,,,
14,2.65,4.5,15707.99 ,0.54 ,,,,,,,,,,,,,,,,,,
14,3.05,4.5,16112.05 ,0.53 ,,,,,,,,,,,,,,,,,,
14,3.05,4.5,17668.77 ,0.52 ,,,,,,,,,,,,,,,,,,
14,3.85,4.5,16920.18 ,0.54 ,,,,,,,,,,,,,,,,,,
14,3.85,4.5,18554.98 ,0.54 ,,,,,,,,,,,,,,,,,,
14,4.45,4.5,19219.64 ,0.54 ,,,,,,,,,,,,,,,,,,
14,4.65,4.5,17728.31 ,0.56 ,,,,,,,,,,,,,,,,,,
14,4.65,4.5,19441.19 ,0.55 ,,,,,,,,,,,,,,,,,,
14,5.65,4.5,18738.47 ,0.59 ,,,,,,,,,,,,,,,,,,
14,5.85,4.5,18940.50 ,0.60 ,,,,,,,,,,,,,,,,,,
14,6.85,4.5,19950.66 ,0.62 ,,,,,,,,,,,,,,,,,,
14,1.05,3,9698.05 ,0.51 ,,,,,,,,,,,,,,,,,,
14,1.05,3,10763.77 ,0.50 ,,,,,,,,,,,,,,,,,,
14,1.25,3,10936.68 ,0.48 ,,,,,,,,,,,,,,,,,,
14,1.65,3,10165.43 ,0.47 ,,,,,,,,,,,,,,,,,,
14,1.85,3,11455.42 ,0.45 ,,,,,,,,,,,,,,,,,,
14,2.05,3,10477.01 ,0.46 ,,,,,,,,,,,,,,,,,,
14,2.25,3,11801.24 ,0.45 ,,,,,,,,,,,,,,,,,,
14,2.45,3,10788.60 ,0.46 ,,,,,,,,,,,,,,,,,,
14,2.65,3,12147.07 ,0.45 ,,,,,,,,,,,,,,,,,,
14,2.85,3,11100.18 ,0.46 ,,,,,,,,,,,,,,,,,,
14,3.25,3,11411.76 ,0.47 ,,,,,,,,,,,,,,,,,,
14,3.25,3,12665.80 ,0.47 ,,,,,,,,,,,,,,,,,,
14,3.65,3,13011.63 ,0.48 ,,,,,,,,,,,,,,,,,,
14,3.85,3,11879.14 ,0.49 ,,,,,,,,,,,,,,,,,,
14,3.85,3,13184.54 ,0.48 ,,,,,,,,,,,,,,,,,,
14,4.45,3,12346.52 ,0.50 ,,,,,,,,,,,,,,,,,,
14,4.45,3,13703.28 ,0.50 ,,,,,,,,,,,,,,,,,,
14,4.65,3,12502.31 ,0.51 ,,,,,,,,,,,,,,,,,,
14,4.65,3,13876.19 ,0.50 ,,,,,,,,,,,,,,,,,,
14,5.05,3,14222.01 ,0.51 ,,,,,,,,,,,,,,,,,,
14,5.25,3,12969.68 ,0.53 ,,,,,,,,,,,,,,,,,,
14,5.25,3,14394.92 ,0.52 ,,,,,,,,,,,,,,,,,,
14,5.45,3,13125.48 ,0.54 ,,,,,,,,,,,,,,,,,,
14,5.45,3,14567.84 ,0.53 ,,,,,,,,,,,,,,,,,,
14,6.05,3,13592.85 ,0.55 ,,,,,,,,,,,,,,,,,,
14,6.05,3,15086.57 ,0.55 ,,,,,,,,,,,,,,,,,,
14,6.25,3,13748.64 ,0.56 ,,,,,,,,,,,,,,,,,,
14,6.25,3,15259.48 ,0.55 ,,,,,,,,,,,,,,,,,,
14,6.45,3,13904.44 ,0.57 ,,,,,,,,,,,,,,,,,,
14,6.85,3,15778.22 ,0.57 ,,,,,,,,,,,,,,,,,,
14,7.05,3,14371.81 ,0.59 ,,,,,,,,,,,,,,,,,,
14,7.05,3,15951.13 ,0.58 ,,,,,,,,,,,,,,,,,,
14,7.25,3,14527.60 ,0.59 ,,,,,,,,,,,,,,,,,,
14,7.25,3,16124.04 ,0.58 ,,,,,,,,,,,,,,,,,,
14,7.85,3,16642.78 ,0.60 ,,,,,,,,,,,,,,,,,,
14,8.05,3,15150.77 ,0.61 ,,,,,,,,,,,,,,,,,,
14,8.05,3,16815.69 ,0.60 ,,,,,,,,,,,,,,,,,,
14,8.25,3,15306.56 ,0.62 ,,,,,,,,,,,,,,,,,,
14,1.05,4.5,16474.39 ,0.67 ,,,,,,,,,,,,,,,,,,
14,1.45,4.5,15546.22 ,0.65 ,,,,,,,,,,,,,,,,,,
14,1.65,4.5,15762.89 ,0.63 ,,,,,,,,,,,,,,,,,,
14,1.65,4.5,17182.97 ,0.62 ,,,,,,,,,,,,,,,,,,
14,2.05,4.5,16196.23 ,0.62 ,,,,,,,,,,,,,,,,,,
14,2.05,4.5,17655.35 ,0.62 ,,,,,,,,,,,,,,,,,,
14,2.45,4.5,16629.58 ,0.61 ,,,,,,,,,,,,,,,,,,
14,2.45,4.5,18127.74 ,0.61 ,,,,,,,,,,,,,,,,,,
14,2.85,4.5,18600.12 ,0.61 ,,,,,,,,,,,,,,,,,,
14,3.05,4.5,17279.59 ,0.63 ,,,,,,,,,,,,,,,,,,
14,3.05,4.5,18836.31 ,0.62 ,,,,,,,,,,,,,,,,,,
14,3.45,4.5,17712.94 ,0.64 ,,,,,,,,,,,,,,,,,,
14,3.45,4.5,19308.70 ,0.64 ,,,,,,,,,,,,,,,,,,
14,3.65,4.5,17929.61 ,0.65 ,,,,,,,,,,,,,,,,,,
14,3.85,4.5,19781.08 ,0.65 ,,,,,,,,,,,,,,,,,,
14,4.05,4.5,18362.95 ,0.66 ,,,,,,,,,,,,,,,,,,
14,4.65,4.5,19012.97 ,0.68 ,,,,,,,,,,,,,,,,,,
14,4.85,4.5,19229.64 ,0.69 ,,,,,,,,,,,,,,,,,,
14,5.45,4.5,19879.66 ,0.71 ,,,,,,,,,,,,,,,,,,
14,1.05,3,11296.63 ,0.56 ,,,,,,,,,,,,,,,,,,
14,1.25,3,11478.10 ,0.54 ,,,,,,,,,,,,,,,,,,
14,1.45,3,11659.58 ,0.54 ,,,,,,,,,,,,,,,,,,
14,1.65,3,10723.97 ,0.55 ,,,,,,,,,,,,,,,,,,
14,1.85,3,10888.32 ,0.55 ,,,,,,,,,,,,,,,,,,
14,1.85,3,12022.52 ,0.54 ,,,,,,,,,,,,,,,,,,
14,2.05,3,12203.99 ,0.54 ,,,,,,,,,,,,,,,,,,
14,2.25,3,11217.02 ,0.55 ,,,,,,,,,,,,,,,,,,
14,2.45,3,12566.94 ,0.55 ,,,,,,,,,,,,,,,,,,
14,2.65,3,11545.73 ,0.56 ,,,,,,,,,,,,,,,,,,
14,2.65,3,12748.41 ,0.56 ,,,,,,,,,,,,,,,,,,
14,2.85,3,12929.88 ,0.56 ,,,,,,,,,,,,,,,,,,
14,3.05,3,11874.43 ,0.58 ,,,,,,,,,,,,,,,,,,
14,3.05,3,13111.35 ,0.58 ,,,,,,,,,,,,,,,,,,
14,3.25,3,13292.82 ,0.58 ,,,,,,,,,,,,,,,,,,
14,3.45,3,12203.14 ,0.59 ,,,,,,,,,,,,,,,,,,
14,3.45,3,13474.30 ,0.59 ,,,,,,,,,,,,,,,,,,
14,3.65,3,13655.77 ,0.60 ,,,,,,,,,,,,,,,,,,
14,3.85,3,12531.84 ,0.61 ,,,,,,,,,,,,,,,,,,
14,3.85,3,13837.24 ,0.60 ,,,,,,,,,,,,,,,,,,
14,4.05,3,12696.19 ,0.62 ,,,,,,,,,,,,,,,,,,
14,4.25,3,12860.54 ,0.62 ,,,,,,,,,,,,,,,,,,
14,4.25,3,14200.18 ,0.62 ,,,,,,,,,,,,,,,,,,
14,4.45,3,13024.90 ,0.63 ,,,,,,,,,,,,,,,,,,
14,4.45,3,14381.66 ,0.62 ,,,,,,,,,,,,,,,,,,
14,4.85,3,13353.60 ,0.64 ,,,,,,,,,,,,,,,,,,
14,4.85,3,14744.60 ,0.63 ,,,,,,,,,,,,,,,,,,
14,5.05,3,13517.95 ,0.64 ,,,,,,,,,,,,,,,,,,
14,5.05,3,14926.07 ,0.64 ,,,,,,,,,,,,,,,,,,
14,5.25,3,13682.30 ,0.65 ,,,,,,,,,,,,,,,,,,
14,5.45,3,13846.66 ,0.65 ,,,,,,,,,,,,,,,,,,
14,5.45,3,15289.02 ,0.65 ,,,,,,,,,,,,,,,,,,
14,5.65,3,14011.01 ,0.66 ,,,,,,,,,,,,,,,,,,
14,5.65,3,15470.49 ,0.66 ,,,,,,,,,,,,,,,,,,
14,5.85,3,14175.36 ,0.67 ,,,,,,,,,,,,,,,,,,
14,6.05,3,15833.43 ,0.67 ,,,,,,,,,,,,,,,,,,
14,6.25,3,14504.06 ,0.68 ,,,,,,,,,,,,,,,,,,
14,6.25,3,16014.90 ,0.68 ,,,,,,,,,,,,,,,,,,
14,6.45,3,14668.42 ,0.69 ,,,,,,,,,,,,,,,,,,
14,6.65,3,14832.77 ,0.70 ,,,,,,,,,,,,,,,,,,
14,6.65,3,16377.85 ,0.69 ,,,,,,,,,,,,,,,,,,
14,6.85,3,16559.32 ,0.70 ,,,,,,,,,,,,,,,,,,
14,7.05,3,15161.47 ,0.71 ,,,,,,,,,,,,,,,,,,
14,7.05,3,16740.79 ,0.70 ,,,,,,,,,,,,,,,,,,
14,7.25,3,15325.82 ,0.72 ,,,,,,,,,,,,,,,,,,
14,7.45,3,15490.18 ,0.73 ,,,,,,,,,,,,,,,,,,
14,7.45,3,17103.74 ,0.71 ,,,,,,,,,,,,,,,,,,
14,7.65,3,15654.53 ,0.73 ,,,,,,,,,,,,,,,,,,
14,7.65,3,17285.21 ,0.72 ,,,,,,,,,,,,,,,,,,
14,7.85,3,15818.88 ,0.74 ,,,,,,,,,,,,,,,,,,
14,7.85,3,17466.68 ,0.73 ,,,,,,,,,,,,,,,,,,
14,8.05,3,15983.23 ,0.74 ,,,,,,,,,,,,,,,,,,
14,8.25,3,16147.58 ,0.75 ,,,,,,,,,,,,,,,,,,
14,8.25,3,17829.62 ,0.74 ,,,,,,,,,,,,,,,,,,
14,8.45,3,16311.94 ,0.75 ,,,,,,,,,,,,,,,,,,
14,8.45,3,18011.10 ,0.74 ,,,,,,,,,,,,,,,,,,
14,1.05,4.5,17495.53 ,0.76 ,,,,,,,,,,,,,,,,,,
14,1.25,4.5,17746.36 ,0.75 ,,,,,,,,,,,,,,,,,,
14,1.45,4.5,17997.20 ,0.74 ,,,,,,,,,,,,,,,,,,
14,1.65,4.5,18248.03 ,0.74 ,,,,,,,,,,,,,,,,,,
14,1.85,4.5,17059.26 ,0.75 ,,,,,,,,,,,,,,,,,,
14,2.05,4.5,17290.57 ,0.74 ,,,,,,,,,,,,,,,,,,
14,2.05,4.5,18749.69 ,0.74 ,,,,,,,,,,,,,,,,,,
14,2.25,4.5,19000.52 ,0.74 ,,,,,,,,,,,,,,,,,,
14,2.45,4.5,17753.20 ,0.75 ,,,,,,,,,,,,,,,,,,
14,2.45,4.5,19251.36 ,0.75 ,,,,,,,,,,,,,,,,,,
14,2.65,4.5,19502.19 ,0.76 ,,,,,,,,,,,,,,,,,,
14,2.85,4.5,18215.82 ,0.78 ,,,,,,,,,,,,,,,,,,
14,2.85,4.5,19753.02 ,0.77 ,,,,,,,,,,,,,,,,,,
14,3.05,4.5,18447.13 ,0.79 ,,,,,,,,,,,,,,,,,,
14,3.25,4.5,18678.44 ,0.80 ,,,,,,,,,,,,,,,,,,
14,3.45,4.5,18909.76 ,0.81 ,,,,,,,,,,,,,,,,,,
14,3.65,4.5,19141.07 ,0.82 ,,,,,,,,,,,,,,,,,,
14,3.85,4.5,19372.38 ,0.83 ,,,,,,,,,,,,,,,,,,
14,4.25,4.5,19835.00 ,0.85 ,,,,,,,,,,,,,,,,,,
14,1.05,3,11829.49 ,0.65 ,,,,,,,,,,,,,,,,,,
14,1.25,3,10936.68 ,0.65 ,,,,,,,,,,,,,,,,,,
14,1.45,3,11109.60 ,0.65 ,,,,,,,,,,,,,,,,,,
14,1.45,3,12209.56 ,0.64 ,,,,,,,,,,,,,,,,,,
14,1.65,3,11282.51 ,0.65 ,,,,,,,,,,,,,,,,,,
14,1.65,3,12399.59 ,0.65 ,,,,,,,,,,,,,,,,,,
14,1.85,3,11455.42 ,0.65 ,,,,,,,,,,,,,,,,,,
14,1.85,3,12589.62 ,0.65 ,,,,,,,,,,,,,,,,,,
14,2.05,3,11628.33 ,0.65 ,,,,,,,,,,,,,,,,,,
14,2.05,3,12779.65 ,0.65 ,,,,,,,,,,,,,,,,,,
14,2.25,3,11801.24 ,0.66 ,,,,,,,,,,,,,,,,,,
14,2.25,3,12969.68 ,0.65 ,,,,,,,,,,,,,,,,,,
14,2.45,3,11974.16 ,0.67 ,,,,,,,,,,,,,,,,,,
14,2.45,3,13159.72 ,0.66 ,,,,,,,,,,,,,,,,,,
14,2.65,3,12147.07 ,0.68 ,,,,,,,,,,,,,,,,,,
14,2.65,3,13349.75 ,0.68 ,,,,,,,,,,,,,,,,,,
14,2.85,3,12319.98 ,0.69 ,,,,,,,,,,,,,,,,,,
14,2.85,3,13539.78 ,0.69 ,,,,,,,,,,,,,,,,,,
14,3.05,3,12492.89 ,0.70 ,,,,,,,,,,,,,,,,,,
14,3.05,3,13729.81 ,0.70 ,,,,,,,,,,,,,,,,,,
14,3.25,3,12665.80 ,0.71 ,,,,,,,,,,,,,,,,,,
14,3.25,3,13919.84 ,0.71 ,,,,,,,,,,,,,,,,,,
14,3.45,3,12838.72 ,0.72 ,,,,,,,,,,,,,,,,,,
14,3.45,3,14109.88 ,0.72 ,,,,,,,,,,,,,,,,,,
14,3.65,3,13011.63 ,0.73 ,,,,,,,,,,,,,,,,,,
14,3.65,3,14299.91 ,0.73 ,,,,,,,,,,,,,,,,,,
14,3.85,3,13184.54 ,0.74 ,,,,,,,,,,,,,,,,,,
14,3.85,3,14489.94 ,0.74 ,,,,,,,,,,,,,,,,,,
14,4.05,3,13357.45 ,0.74 ,,,,,,,,,,,,,,,,,,
14,4.05,3,14679.97 ,0.74 ,,,,,,,,,,,,,,,,,,
14,4.25,3,13530.36 ,0.75 ,,,,,,,,,,,,,,,,,,
14,4.45,3,13703.28 ,0.76 ,,,,,,,,,,,,,,,,,,
14,4.45,3,15060.04 ,0.76 ,,,,,,,,,,,,,,,,,,
14,4.65,3,13876.19 ,0.77 ,,,,,,,,,,,,,,,,,,
14,4.85,3,14049.10 ,0.78 ,,,,,,,,,,,,,,,,,,
14,4.85,3,15440.10 ,0.78 ,,,,,,,,,,,,,,,,,,
14,5.05,3,14222.01 ,0.78 ,,,,,,,,,,,,,,,,,,
14,5.05,3,15630.13 ,0.78 ,,,,,,,,,,,,,,,,,,
14,5.25,3,14394.92 ,0.79 ,,,,,,,,,,,,,,,,,,
14,5.25,3,15820.16 ,0.79 ,,,,,,,,,,,,,,,,,,
14,5.45,3,14567.84 ,0.80 ,,,,,,,,,,,,,,,,,,
14,5.45,3,16010.20 ,0.80 ,,,,,,,,,,,,,,,,,,
14,5.65,3,14740.75 ,0.81 ,,,,,,,,,,,,,,,,,,
14,5.65,3,16200.23 ,0.80 ,,,,,,,,,,,,,,,,,,
14,5.85,3,14913.66 ,0.81 ,,,,,,,,,,,,,,,,,,
14,5.85,3,16390.26 ,0.81 ,,,,,,,,,,,,,,,,,,
14,6.05,3,15086.57 ,0.82 ,,,,,,,,,,,,,,,,,,
14,6.05,3,16580.29 ,0.82 ,,,,,,,,,,,,,,,,,,
14,6.25,3,15259.48 ,0.83 ,,,,,,,,,,,,,,,,,,
14,6.25,3,16770.32 ,0.83 ,,,,,,,,,,,,,,,,,,
14,6.45,3,15432.40 ,0.84 ,,,,,,,,,,,,,,,,,,
14,6.45,3,16960.36 ,0.84 ,,,,,,,,,,,,,,,,,,
14,6.65,3,15605.31 ,0.85 ,,,,,,,,,,,,,,,,,,
14,6.85,3,15778.22 ,0.86 ,,,,,,,,,,,,,,,,,,
14,1.05,4.5,17155.15 ,0.93 ,,,,,,,,,,,,,,,,,,
14,1.05,4.5,18516.67 ,0.92 ,,,,,,,,,,,,,,,,,,
14,1.25,4.5,17401.10 ,0.93 ,,,,,,,,,,,,,,,,,,
14,1.25,4.5,18782.14 ,0.92 ,,,,,,,,,,,,,,,,,,
14,1.45,4.5,17647.06 ,0.92 ,,,,,,,,,,,,,,,,,,
14,1.45,4.5,19047.62 ,0.93 ,,,,,,,,,,,,,,,,,,
14,1.65,4.5,17893.01 ,0.93 ,,,,,,,,,,,,,,,,,,
14,1.65,4.5,19313.09 ,0.93 ,,,,,,,,,,,,,,,,,,
14,1.85,4.5,18138.96 ,0.93 ,,,,,,,,,,,,,,,,,,
14,1.85,4.5,19578.56 ,0.94 ,,,,,,,,,,,,,,,,,,
14,2.05,4.5,18384.91 ,0.94 ,,,,,,,,,,,,,,,,,,
14,2.05,4.5,19844.03 ,0.94 ,,,,,,,,,,,,,,,,,,
14,2.25,4.5,18630.86 ,0.95 ,,,,,,,,,,,,,,,,,,
14,2.45,4.5,18876.82 ,0.96 ,,,,,,,,,,,,,,,,,,
14,2.65,4.5,19122.77 ,0.98 ,,,,,,,,,,,,,,,,,,
14,2.85,4.5,19368.72 ,0.99 ,,,,,,,,,,,,,,,,,,
14,1.65,4,8679.53 ,0.82 ,,,,,,,,,,,,,,,,,,
14,3.25,4,9667.94 ,0.63 ,,,,,,,,,,,,,,,,,,
14,3.25,4,11132.78 ,0.58 ,,,,,,,,,,,,,,,,,,
14,5.85,4,11274.12 ,0.60 ,,,,,,,,,,,,,,,,,,
14,5.85,4,12982.32 ,0.53 ,,,,,,,,,,,,,,,,,,
14,6.05,4,11397.67 ,0.62 ,,,,,,,,,,,,,,,,,,
14,1.65,6,12929.24 ,0.99 ,,,,,,,,,,,,,,,,,,
14,1.65,6,14688.32 ,0.91 ,,,,,,,,,,,,,,,,,,
14,3.25,6,14218.13 ,0.78 ,,,,,,,,,,,,,,,,,,
14,3.25,6,16152.57 ,0.71 ,,,,,,,,,,,,,,,,,,
14,5.65,6,18348.96 ,0.63 ,,,,,,,,,,,,,,,,,,
14,5.85,6,16312.59 ,0.72 ,,,,,,,,,,,,,,,,,,
14,5.85,6,18531.99 ,0.64 ,,,,,,,,,,,,,,,,,,
14,6.05,6,16473.70 ,0.74 ,,,,,,,,,,,,,,,,,,
14,2.25,4,9735.80 ,0.47 ,,,,,,,,,,,,,,,,,,
14,2.25,4,11107.04 ,0.45 ,,,,,,,,,,,,,,,,,,
14,3.25,4,11865.20 ,0.42 ,,,,,,,,,,,,,,,,,,
14,4.65,4,11330.75 ,0.45 ,,,,,,,,,,,,,,,,,,
14,4.65,4,12926.63 ,0.42 ,,,,,,,,,,,,,,,,,,
14,4.85,4,11463.66 ,0.46 ,,,,,,,,,,,,,,,,,,
14,6.45,4,12526.96 ,0.47 ,,,,,,,,,,,,,,,,,,
14,6.45,4,14291.32 ,0.43 ,,,,,,,,,,,,,,,,,,
14,6.65,4,12659.87 ,0.48 ,,,,,,,,,,,,,,,,,,
14,6.65,4,14442.95 ,0.44 ,,,,,,,,,,,,,,,,,,
14,1.45,6,15808.16 ,0.64 ,,,,,,,,,,,,,,,,,,
14,2.25,6,14781.20 ,0.58 ,,,,,,,,,,,,,,,,,,
14,2.25,6,16606.04 ,0.55 ,,,,,,,,,,,,,,,,,,
14,3.25,6,15668.96 ,0.55 ,,,,,,,,,,,,,,,,,,
14,3.25,6,17603.40 ,0.52 ,,,,,,,,,,,,,,,,,,
14,4.45,6,18800.24 ,0.50 ,,,,,,,,,,,,,,,,,,
14,4.65,6,16911.83 ,0.55 ,,,,,,,,,,,,,,,,,,
14,4.65,6,18999.71 ,0.52 ,,,,,,,,,,,,,,,,,,
14,6.25,6,18332.24 ,0.57 ,,,,,,,,,,,,,,,,,,
14,6.45,6,18509.80 ,0.58 ,,,,,,,,,,,,,,,,,,
14,1.85,4,10136.88 ,0.47 ,,,,,,,,,,,,,,,,,,
14,2.25,4,10421.42 ,0.44 ,,,,,,,,,,,,,,,,,,
14,2.25,4,11792.66 ,0.43 ,,,,,,,,,,,,,,,,,,
14,2.85,4,10848.24 ,0.43 ,,,,,,,,,,,,,,,,,,
14,2.85,4,12275.64 ,0.42 ,,,,,,,,,,,,,,,,,,
14,3.65,4,11417.33 ,0.44 ,,,,,,,,,,,,,,,,,,
14,3.65,4,12919.61 ,0.43 ,,,,,,,,,,,,,,,,,,
14,4.45,4,11986.42 ,0.45 ,,,,,,,,,,,,,,,,,,
14,4.45,4,13563.58 ,0.44 ,,,,,,,,,,,,,,,,,,
14,4.65,4,12128.69 ,0.46 ,,,,,,,,,,,,,,,,,,
14,5.45,4,14368.54 ,0.45 ,,,,,,,,,,,,,,,,,,
14,5.65,4,12840.05 ,0.48 ,,,,,,,,,,,,,,,,,,
14,5.65,4,14529.53 ,0.46 ,,,,,,,,,,,,,,,,,,
14,5.85,4,12982.32 ,0.49 ,,,,,,,,,,,,,,,,,,
14,6.65,4,15334.49 ,0.48 ,,,,,,,,,,,,,,,,,,
14,6.85,4,13693.68 ,0.51 ,,,,,,,,,,,,,,,,,,
14,6.85,4,15495.48 ,0.49 ,,,,,,,,,,,,,,,,,,
14,7.05,4,13835.95 ,0.51 ,,,,,,,,,,,,,,,,,,
14,7.05,4,15656.47 ,0.50 ,,,,,,,,,,,,,,,,,,
14,7.25,4,13978.22 ,0.52 ,,,,,,,,,,,,,,,,,,
14,8.25,4,16622.42 ,0.52 ,,,,,,,,,,,,,,,,,,
14,8.45,4,14831.86 ,0.54 ,,,,,,,,,,,,,,,,,,
14,8.45,4,16783.42 ,0.52 ,,,,,,,,,,,,,,,,,,
14,1.25,6,16895.11 ,0.61 ,,,,,,,,,,,,,,,,,,
14,1.65,6,17326.94 ,0.57 ,,,,,,,,,,,,,,,,,,
14,2.25,6,16149.83 ,0.56 ,,,,,,,,,,,,,,,,,,
14,2.65,6,18406.50 ,0.53 ,,,,,,,,,,,,,,,,,,
14,2.85,6,16731.81 ,0.56 ,,,,,,,,,,,,,,,,,,
14,3.45,6,17313.79 ,0.55 ,,,,,,,,,,,,,,,,,,
14,3.45,6,19270.15 ,0.54 ,,,,,,,,,,,,,,,,,,
14,4.25,6,18089.75 ,0.57 ,,,,,,,,,,,,,,,,,,
14,5.25,6,19059.71 ,0.58 ,,,,,,,,,,,,,,,,,,
14,5.45,6,19253.71 ,0.59 ,,,,,,,,,,,,,,,,,,
14,1.25,4,10348.88 ,0.53 ,,,,,,,,,,,,,,,,,,
14,1.45,4,10500.52 ,0.51 ,,,,,,,,,,,,,,,,,,
14,1.45,4,11796.88 ,0.50 ,,,,,,,,,,,,,,,,,,
14,1.85,4,10803.78 ,0.51 ,,,,,,,,,,,,,,,,,,
14,2.25,4,11107.04 ,0.51 ,,,,,,,,,,,,,,,,,,
14,2.25,4,12478.28 ,0.50 ,,,,,,,,,,,,,,,,,,
14,2.65,4,11410.31 ,0.51 ,,,,,,,,,,,,,,,,,,
14,2.65,4,12818.99 ,0.51 ,,,,,,,,,,,,,,,,,,
14,3.05,4,13159.69 ,0.51 ,,,,,,,,,,,,,,,,,,
14,3.25,4,11865.20 ,0.52 ,,,,,,,,,,,,,,,,,,
14,3.65,4,12168.47 ,0.53 ,,,,,,,,,,,,,,,,,,
14,3.65,4,13670.75 ,0.53 ,,,,,,,,,,,,,,,,,,
14,3.85,4,12320.10 ,0.54 ,,,,,,,,,,,,,,,,,,
14,4.25,4,12623.36 ,0.55 ,,,,,,,,,,,,,,,,,,
14,4.25,4,14181.80 ,0.54 ,,,,,,,,,,,,,,,,,,
14,4.45,4,12775.00 ,0.56 ,,,,,,,,,,,,,,,,,,
14,4.85,4,14692.86 ,0.56 ,,,,,,,,,,,,,,,,,,
14,5.05,4,13229.89 ,0.57 ,,,,,,,,,,,,,,,,,,
14,5.05,4,14863.21 ,0.56 ,,,,,,,,,,,,,,,,,,
14,5.25,4,13381.52 ,0.57 ,,,,,,,,,,,,,,,,,,
14,5.45,4,13533.16 ,0.58 ,,,,,,,,,,,,,,,,,,
14,5.65,4,15374.27 ,0.58 ,,,,,,,,,,,,,,,,,,
14,5.85,4,15544.62 ,0.59 ,,,,,,,,,,,,,,,,,,
14,6.05,4,13988.05 ,0.60 ,,,,,,,,,,,,,,,,,,
14,6.05,4,15714.97 ,0.60 ,,,,,,,,,,,,,,,,,,
14,6.25,4,14139.68 ,0.61 ,,,,,,,,,,,,,,,,,,
14,6.65,4,16226.03 ,0.61 ,,,,,,,,,,,,,,,,,,
14,6.85,4,14594.58 ,0.62 ,,,,,,,,,,,,,,,,,,
14,6.85,4,16396.38 ,0.62 ,,,,,,,,,,,,,,,,,,
14,7.05,4,14746.21 ,0.63 ,,,,,,,,,,,,,,,,,,
14,7.05,4,16566.73 ,0.63 ,,,,,,,,,,,,,,,,,,
14,7.25,4,14897.84 ,0.64 ,,,,,,,,,,,,,,,,,,
14,7.65,4,17077.79 ,0.64 ,,,,,,,,,,,,,,,,,,
14,7.85,4,15352.74 ,0.65 ,,,,,,,,,,,,,,,,,,
14,7.85,4,17248.14 ,0.65 ,,,,,,,,,,,,,,,,,,
14,8.05,4,15504.37 ,0.66 ,,,,,,,,,,,,,,,,,,
14,8.05,4,17418.49 ,0.65 ,,,,,,,,,,,,,,,,,,
14,8.25,4,15656.00 ,0.67 ,,,,,,,,,,,,,,,,,,
14,1.05,6,16255.87 ,0.69 ,,,,,,,,,,,,,,,,,,
14,1.05,6,17949.19 ,0.68 ,,,,,,,,,,,,,,,,,,
14,1.25,6,18181.54 ,0.66 ,,,,,,,,,,,,,,,,,,
14,1.65,6,16887.17 ,0.66 ,,,,,,,,,,,,,,,,,,
14,1.85,6,18878.60 ,0.64 ,,,,,,,,,,,,,,,,,,
14,2.05,6,17308.03 ,0.65 ,,,,,,,,,,,,,,,,,,
14,2.45,6,17728.90 ,0.65 ,,,,,,,,,,,,,,,,,,
14,2.45,6,19575.66 ,0.64 ,,,,,,,,,,,,,,,,,,
14,2.85,6,18149.76 ,0.65 ,,,,,,,,,,,,,,,,,,
14,3.45,6,18781.06 ,0.68 ,,,,,,,,,,,,,,,,,,
14,3.85,6,19201.92 ,0.69 ,,,,,,,,,,,,,,,,,,
14,4.05,6,19412.35 ,0.70 ,,,,,,,,,,,,,,,,,,
14,1.05,4,10826.71 ,0.63 ,,,,,,,,,,,,,,,,,,
14,1.25,4,10987.70 ,0.62 ,,,,,,,,,,,,,,,,,,
14,1.45,4,11148.70 ,0.62 ,,,,,,,,,,,,,,,,,,
14,1.65,4,11309.69 ,0.62 ,,,,,,,,,,,,,,,,,,
14,1.65,4,12624.77 ,0.62 ,,,,,,,,,,,,,,,,,,
14,1.85,4,11470.68 ,0.62 ,,,,,,,,,,,,,,,,,,
14,1.85,4,12804.48 ,0.62 ,,,,,,,,,,,,,,,,,,
14,2.05,4,12984.19 ,0.62 ,,,,,,,,,,,,,,,,,,
14,2.25,4,11792.66 ,0.63 ,,,,,,,,,,,,,,,,,,
14,2.25,4,13163.90 ,0.62 ,,,,,,,,,,,,,,,,,,
14,2.45,4,13343.62 ,0.63 ,,,,,,,,,,,,,,,,,,
14,2.65,4,12114.65 ,0.64 ,,,,,,,,,,,,,,,,,,
14,2.85,4,13703.04 ,0.64 ,,,,,,,,,,,,,,,,,,
14,3.05,4,12436.63 ,0.65 ,,,,,,,,,,,,,,,,,,
14,3.05,4,13882.75 ,0.65 ,,,,,,,,,,,,,,,,,,
14,3.25,4,14062.46 ,0.66 ,,,,,,,,,,,,,,,,,,
14,3.45,4,12758.62 ,0.67 ,,,,,,,,,,,,,,,,,,
14,3.45,4,14242.18 ,0.67 ,,,,,,,,,,,,,,,,,,
14,3.65,4,12919.61 ,0.68 ,,,,,,,,,,,,,,,,,,
14,3.85,4,13080.60 ,0.68 ,,,,,,,,,,,,,,,,,,
14,3.85,4,14601.60 ,0.68 ,,,,,,,,,,,,,,,,,,
14,4.05,4,13241.59 ,0.69 ,,,,,,,,,,,,,,,,,,
14,4.05,4,14781.31 ,0.69 ,,,,,,,,,,,,,,,,,,
14,4.25,4,14961.02 ,0.70 ,,,,,,,,,,,,,,,,,,
14,4.45,4,13563.58 ,0.71 ,,,,,,,,,,,,,,,,,,
14,4.45,4,15140.74 ,0.71 ,,,,,,,,,,,,,,,,,,
14,4.65,4,13724.57 ,0.71 ,,,,,,,,,,,,,,,,,,
14,4.85,4,15500.16 ,0.72 ,,,,,,,,,,,,,,,,,,
14,5.05,4,14046.55 ,0.73 ,,,,,,,,,,,,,,,,,,
14,5.05,4,15679.87 ,0.73 ,,,,,,,,,,,,,,,,,,
14,5.25,4,14207.54 ,0.73 ,,,,,,,,,,,,,,,,,,
14,5.25,4,15859.58 ,0.73 ,,,,,,,,,,,,,,,,,,
14,5.45,4,14368.54 ,0.74 ,,,,,,,,,,,,,,,,,,
14,5.45,4,16039.30 ,0.74 ,,,,,,,,,,,,,,,,,,
14,5.65,4,14529.53 ,0.75 ,,,,,,,,,,,,,,,,,,
14,5.65,4,16219.01 ,0.75 ,,,,,,,,,,,,,,,,,,
14,5.85,4,14690.52 ,0.76 ,,,,,,,,,,,,,,,,,,
14,5.85,4,16398.72 ,0.75 ,,,,,,,,,,,,,,,,,,
14,6.05,4,14851.51 ,0.76 ,,,,,,,,,,,,,,,,,,
14,6.05,4,16578.43 ,0.76 ,,,,,,,,,,,,,,,,,,
14,6.25,4,15012.50 ,0.77 ,,,,,,,,,,,,,,,,,,
14,6.25,4,16758.14 ,0.77 ,,,,,,,,,,,,,,,,,,
14,6.45,4,15173.50 ,0.78 ,,,,,,,,,,,,,,,,,,
14,6.45,4,16937.86 ,0.77 ,,,,,,,,,,,,,,,,,,
14,6.65,4,15334.49 ,0.78 ,,,,,,,,,,,,,,,,,,
14,6.65,4,17117.57 ,0.78 ,,,,,,,,,,,,,,,,,,
14,6.85,4,15495.48 ,0.79 ,,,,,,,,,,,,,,,,,,
14,6.85,4,17297.28 ,0.79 ,,,,,,,,,,,,,,,,,,
14,7.05,4,15656.47 ,0.80 ,,,,,,,,,,,,,,,,,,
14,7.05,4,17476.99 ,0.80 ,,,,,,,,,,,,,,,,,,
14,7.25,4,17656.70 ,0.80 ,,,,,,,,,,,,,,,,,,
14,7.45,4,15978.46 ,0.81 ,,,,,,,,,,,,,,,,,,
14,7.45,4,17836.42 ,0.81 ,,,,,,,,,,,,,,,,,,
14,7.65,4,16139.45 ,0.82 ,,,,,,,,,,,,,,,,,,
14,7.65,4,18016.13 ,0.82 ,,,,,,,,,,,,,,,,,,
14,7.85,4,16300.44 ,0.83 ,,,,,,,,,,,,,,,,,,
14,7.85,4,18195.84 ,0.82 ,,,,,,,,,,,,,,,,,,
14,8.05,4,18375.55 ,0.83 ,,,,,,,,,,,,,,,,,,
14,8.25,4,16622.42 ,0.84 ,,,,,,,,,,,,,,,,,,
14,8.25,4,18555.26 ,0.84 ,,,,,,,,,,,,,,,,,,
14,8.45,4,16783.42 ,0.85 ,,,,,,,,,,,,,,,,,,
14,8.45,4,18734.98 ,0.85 ,,,,,,,,,,,,,,,,,,
14,1.05,6,17525.86 ,0.82 ,,,,,,,,,,,,,,,,,,
14,1.25,6,17752.73 ,0.82 ,,,,,,,,,,,,,,,,,,
14,1.25,6,19467.97 ,0.81 ,,,,,,,,,,,,,,,,,,
14,1.45,6,17979.61 ,0.81 ,,,,,,,,,,,,,,,,,,
14,1.45,6,19716.77 ,0.80 ,,,,,,,,,,,,,,,,,,
14,1.65,6,18206.48 ,0.81 ,,,,,,,,,,,,,,,,,,
14,1.85,6,18433.35 ,0.81 ,,,,,,,,,,,,,,,,,,
14,2.05,6,18660.22 ,0.81 ,,,,,,,,,,,,,,,,,,
14,2.25,6,18887.09 ,0.81 ,,,,,,,,,,,,,,,,,,
14,2.45,6,19113.97 ,0.82 ,,,,,,,,,,,,,,,,,,
14,2.85,6,19567.71 ,0.84 ,,,,,,,,,,,,,,,,,,
14,3.05,6,19794.58 ,0.85 ,,,,,,,,,,,,,,,,,,
14,1.05,4,12715.09 ,0.77 ,,,,,,,,,,,,,,,,,,
14,1.25,4,11626.52 ,0.77 ,,,,,,,,,,,,,,,,,,
14,1.25,4,12904.16 ,0.76 ,,,,,,,,,,,,,,,,,,
14,1.45,4,11796.88 ,0.77 ,,,,,,,,,,,,,,,,,,
14,1.45,4,13093.24 ,0.77 ,,,,,,,,,,,,,,,,,,
14,1.65,4,11967.23 ,0.77 ,,,,,,,,,,,,,,,,,,
14,1.65,4,13282.31 ,0.77 ,,,,,,,,,,,,,,,,,,
14,1.85,4,12137.58 ,0.77 ,,,,,,,,,,,,,,,,,,
14,1.85,4,13471.38 ,0.77 ,,,,,,,,,,,,,,,,,,
14,2.05,4,12307.93 ,0.77 ,,,,,,,,,,,,,,,,,,
14,2.05,4,13660.45 ,0.77 ,,,,,,,,,,,,,,,,,,
14,2.25,4,12478.28 ,0.77 ,,,,,,,,,,,,,,,,,,
14,2.25,4,13849.52 ,0.78 ,,,,,,,,,,,,,,,,,,
14,2.45,4,12648.64 ,0.78 ,,,,,,,,,,,,,,,,,,
14,2.45,4,14038.60 ,0.79 ,,,,,,,,,,,,,,,,,,
14,2.65,4,12818.99 ,0.79 ,,,,,,,,,,,,,,,,,,
14,2.65,4,14227.67 ,0.80 ,,,,,,,,,,,,,,,,,,
14,2.85,4,12989.34 ,0.80 ,,,,,,,,,,,,,,,,,,
14,2.85,4,14416.74 ,0.81 ,,,,,,,,,,,,,,,,,,
14,3.05,4,13159.69 ,0.81 ,,,,,,,,,,,,,,,,,,
14,3.05,4,14605.81 ,0.82 ,,,,,,,,,,,,,,,,,,
14,3.25,4,13330.04 ,0.82 ,,,,,,,,,,,,,,,,,,
14,3.25,4,14794.88 ,0.83 ,,,,,,,,,,,,,,,,,,
14,3.45,4,13500.40 ,0.83 ,,,,,,,,,,,,,,,,,,
14,3.25,5,12010.64 ,0.82 ,,,,,,,,,,,,,,,,,,
14,7.65,5,15184.63 ,0.76 ,,,,,,,,,,,,,,,,,,
14,7.85,5,13169.90 ,0.88 ,,,,,,,,,,,,,,,,,,
14,7.85,5,15328.90 ,0.78 ,,,,,,,,,,,,,,,,,,
14,8.05,5,13293.85 ,0.90 ,,,,,,,,,,,,,,,,,,
14,8.05,5,15473.17 ,0.79 ,,,,,,,,,,,,,,,,,,
14,8.25,5,13417.80 ,0.92 ,,,,,,,,,,,,,,,,,,
14,2.05,5,10360.15 ,0.56 ,,,,,,,,,,,,,,,,,,
14,3.25,5,11164.82 ,0.53 ,,,,,,,,,,,,,,,,,,
14,4.65,5,12103.61 ,0.51 ,,,,,,,,,,,,,,,,,,
14,4.65,5,13937.49 ,0.47 ,,,,,,,,,,,,,,,,,,
14,6.45,5,15327.38 ,0.48 ,,,,,,,,,,,,,,,,,,
14,6.65,5,13444.73 ,0.53 ,,,,,,,,,,,,,,,,,,
14,6.65,5,15481.81 ,0.49 ,,,,,,,,,,,,,,,,,,
14,6.85,5,13578.84 ,0.54 ,,,,,,,,,,,,,,,,,,
14,2.05,7.5,16042.99 ,0.69 ,,,,,,,,,,,,,,,,,,
14,2.05,7.5,18225.71 ,0.65 ,,,,,,,,,,,,,,,,,,
14,3.05,7.5,19241.07 ,0.58 ,,,,,,,,,,,,,,,,,,
14,4.65,7.5,18366.77 ,0.63 ,,,,,,,,,,,,,,,,,,
14,6.45,7.5,19975.54 ,0.64 ,,,,,,,,,,,,,,,,,,
14,1.25,5,12056.36 ,0.55 ,,,,,,,,,,,,,,,,,,
14,1.65,5,12385.55 ,0.51 ,,,,,,,,,,,,,,,,,,
14,2.25,5,11289.28 ,0.50 ,,,,,,,,,,,,,,,,,,
14,2.85,5,11722.10 ,0.49 ,,,,,,,,,,,,,,,,,,
14,2.85,5,13373.10 ,0.47 ,,,,,,,,,,,,,,,,,,
14,3.45,5,13866.88 ,0.47 ,,,,,,,,,,,,,,,,,,
14,3.65,5,12299.19 ,0.50 ,,,,,,,,,,,,,,,,,,
14,4.25,5,14525.24 ,0.49 ,,,,,,,,,,,,,,,,,,
14,4.45,5,12876.28 ,0.52 ,,,,,,,,,,,,,,,,,,
14,4.45,5,14689.84 ,0.50 ,,,,,,,,,,,,,,,,,,
14,5.25,5,15348.20 ,0.51 ,,,,,,,,,,,,,,,,,,
14,5.45,5,13597.64 ,0.54 ,,,,,,,,,,,,,,,,,,
14,5.45,5,15512.80 ,0.52 ,,,,,,,,,,,,,,,,,,
14,5.65,5,13741.91 ,0.55 ,,,,,,,,,,,,,,,,,,
14,6.45,5,16335.76 ,0.55 ,,,,,,,,,,,,,,,,,,
14,6.65,5,14463.27 ,0.57 ,,,,,,,,,,,,,,,,,,
14,6.65,5,16500.35 ,0.55 ,,,,,,,,,,,,,,,,,,
14,6.85,5,14607.54 ,0.58 ,,,,,,,,,,,,,,,,,,
14,6.85,5,16664.94 ,0.56 ,,,,,,,,,,,,,,,,,,
14,7.05,5,14751.81 ,0.59 ,,,,,,,,,,,,,,,,,,
14,8.05,5,17652.49 ,0.59 ,,,,,,,,,,,,,,,,,,
14,8.25,5,15617.44 ,0.61 ,,,,,,,,,,,,,,,,,,
14,8.25,5,17817.08 ,0.60 ,,,,,,,,,,,,,,,,,,
14,8.45,5,15761.72 ,0.62 ,,,,,,,,,,,,,,,,,,
14,1.25,7.5,16892.06 ,0.70 ,,,,,,,,,,,,,,,,,,
14,1.65,7.5,17286.05 ,0.65 ,,,,,,,,,,,,,,,,,,
14,1.65,7.5,19420.13 ,0.63 ,,,,,,,,,,,,,,,,,,
14,2.05,7.5,19862.75 ,0.60 ,,,,,,,,,,,,,,,,,,
14,2.65,7.5,18271.01 ,0.60 ,,,,,,,,,,,,,,,,,,
14,3.45,7.5,19058.98 ,0.61 ,,,,,,,,,,,,,,,,,,
14,4.25,7.5,19846.94 ,0.63 ,,,,,,,,,,,,,,,,,,
14,1.05,5,11157.71 ,0.64 ,,,,,,,,,,,,,,,,,,
14,1.25,5,11312.14 ,0.61 ,,,,,,,,,,,,,,,,,,
14,1.45,5,11466.58 ,0.60 ,,,,,,,,,,,,,,,,,,
14,1.65,5,13150.09 ,0.59 ,,,,,,,,,,,,,,,,,,
14,1.85,5,11775.44 ,0.60 ,,,,,,,,,,,,,,,,,,
14,2.05,5,11929.87 ,0.60 ,,,,,,,,,,,,,,,,,,
14,2.05,5,13499.59 ,0.60 ,,,,,,,,,,,,,,,,,,
14,2.45,5,12238.74 ,0.61 ,,,,,,,,,,,,,,,,,,
14,2.45,5,13849.10 ,0.60 ,,,,,,,,,,,,,,,,,,
14,2.65,5,12393.17 ,0.61 ,,,,,,,,,,,,,,,,,,
14,2.85,5,14198.60 ,0.61 ,,,,,,,,,,,,,,,,,,
14,3.05,5,12702.03 ,0.62 ,,,,,,,,,,,,,,,,,,
14,3.25,5,14548.10 ,0.62 ,,,,,,,,,,,,,,,,,,
14,3.45,5,13010.90 ,0.64 ,,,,,,,,,,,,,,,,,,
14,3.45,5,14722.86 ,0.63 ,,,,,,,,,,,,,,,,,,
14,3.85,5,13319.76 ,0.65 ,,,,,,,,,,,,,,,,,,
14,3.85,5,15072.36 ,0.65 ,,,,,,,,,,,,,,,,,,
14,4.05,5,13474.19 ,0.66 ,,,,,,,,,,,,,,,,,,
14,4.05,5,15247.11 ,0.65 ,,,,,,,,,,,,,,,,,,
14,4.45,5,15596.62 ,0.67 ,,,,,,,,,,,,,,,,,,
14,4.65,5,13937.49 ,0.68 ,,,,,,,,,,,,,,,,,,
14,4.65,5,15771.37 ,0.67 ,,,,,,,,,,,,,,,,,,
14,4.85,5,14091.92 ,0.69 ,,,,,,,,,,,,,,,,,,
14,5.05,5,16120.87 ,0.69 ,,,,,,,,,,,,,,,,,,
14,5.25,5,16295.62 ,0.69 ,,,,,,,,,,,,,,,,,,
14,5.45,5,14555.22 ,0.71 ,,,,,,,,,,,,,,,,,,
14,5.45,5,16470.38 ,0.70 ,,,,,,,,,,,,,,,,,,
14,5.65,5,14709.65 ,0.71 ,,,,,,,,,,,,,,,,,,
14,5.85,5,16819.88 ,0.71 ,,,,,,,,,,,,,,,,,,
14,6.05,5,16994.63 ,0.72 ,,,,,,,,,,,,,,,,,,
14,6.25,5,15172.94 ,0.74 ,,,,,,,,,,,,,,,,,,
14,6.25,5,17169.38 ,0.73 ,,,,,,,,,,,,,,,,,,
14,6.45,5,15327.38 ,0.75 ,,,,,,,,,,,,,,,,,,
14,6.65,5,17518.89 ,0.74 ,,,,,,,,,,,,,,,,,,
14,6.85,5,17693.64 ,0.75 ,,,,,,,,,,,,,,,,,,
14,7.05,5,15790.67 ,0.77 ,,,,,,,,,,,,,,,,,,
14,7.05,5,17868.39 ,0.76 ,,,,,,,,,,,,,,,,,,
14,7.25,5,15945.10 ,0.78 ,,,,,,,,,,,,,,,,,,
14,7.45,5,16099.54 ,0.79 ,,,,,,,,,,,,,,,,,,
14,7.65,5,18392.65 ,0.78 ,,,,,,,,,,,,,,,,,,
14,7.85,5,18567.40 ,0.79 ,,,,,,,,,,,,,,,,,,
14,8.05,5,16562.83 ,0.81 ,,,,,,,,,,,,,,,,,,
14,8.05,5,18742.15 ,0.80 ,,,,,,,,,,,,,,,,,,
14,8.25,5,16717.26 ,0.81 ,,,,,,,,,,,,,,,,,,
14,8.45,5,16871.70 ,0.82 ,,,,,,,,,,,,,,,,,,
14,1.05,7.5,18240.91 ,0.78 ,,,,,,,,,,,,,,,,,,
14,1.25,7.5,18456.14 ,0.76 ,,,,,,,,,,,,,,,,,,
14,1.45,7.5,18671.38 ,0.75 ,,,,,,,,,,,,,,,,,,
14,1.85,7.5,19101.84 ,0.76 ,,,,,,,,,,,,,,,,,,
14,2.25,7.5,19532.30 ,0.76 ,,,,,,,,,,,,,,,,,,
14,2.65,7.5,19962.77 ,0.77 ,,,,,,,,,,,,,,,,,,
14,1.05,5,11891.77 ,0.77 ,,,,,,,,,,,,,,,,,,
14,1.05,5,13359.89 ,0.77 ,,,,,,,,,,,,,,,,,,
14,1.25,5,12056.36 ,0.77 ,,,,,,,,,,,,,,,,,,
14,1.45,5,12220.96 ,0.78 ,,,,,,,,,,,,,,,,,,
14,1.45,5,13729.72 ,0.78 ,,,,,,,,,,,,,,,,,,
14,1.65,5,12385.55 ,0.78 ,,,,,,,,,,,,,,,,,,
14,1.65,5,13914.63 ,0.78 ,,,,,,,,,,,,,,,,,,
14,1.85,5,12550.14 ,0.78 ,,,,,,,,,,,,,,,,,,
14,1.85,5,14099.54 ,0.79 ,,,,,,,,,,,,,,,,,,
14,2.05,5,12714.73 ,0.79 ,,,,,,,,,,,,,,,,,,
14,2.05,5,14284.45 ,0.79 ,,,,,,,,,,,,,,,,,,
14,2.25,5,12879.32 ,0.80 ,,,,,,,,,,,,,,,,,,
14,2.25,5,14469.36 ,0.80 ,,,,,,,,,,,,,,,,,,
14,2.45,5,13043.92 ,0.81 ,,,,,,,,,,,,,,,,,,
14,2.45,5,14654.28 ,0.81 ,,,,,,,,,,,,,,,,,,
14,2.65,5,13208.51 ,0.81 ,,,,,,,,,,,,,,,,,,
14,2.65,5,14839.19 ,0.82 ,,,,,,,,,,,,,,,,,,
14,2.85,5,13373.10 ,0.82 ,,,,,,,,,,,,,,,,,,
14,2.85,5,15024.10 ,0.83 ,,,,,,,,,,,,,,,,,,
14,3.05,5,13537.69 ,0.84 ,,,,,,,,,,,,,,,,,,
14,3.25,5,13702.28 ,0.85 ,,,,,,,,,,,,,,,,,,
14,3.25,5,15393.92 ,0.85 ,,,,,,,,,,,,,,,,,,
14,3.45,5,13866.88 ,0.86 ,,,,,,,,,,,,,,,,,,
14,3.45,5,15578.84 ,0.86 ,,,,,,,,,,,,,,,,,,
14,3.65,5,14031.47 ,0.87 ,,,,,,,,,,,,,,,,,,
14,3.65,5,15763.75 ,0.87 ,,,,,,,,,,,,,,,,,,
14,3.85,5,14196.06 ,0.88 ,,,,,,,,,,,,,,,,,,
14,3.85,5,15948.66 ,0.88 ,,,,,,,,,,,,,,,,,,
14,4.05,5,14360.65 ,0.89 ,,,,,,,,,,,,,,,,,,
14,4.05,5,16133.57 ,0.89 ,,,,,,,,,,,,,,,,,,
14,4.25,5,14525.24 ,0.89 ,,,,,,,,,,,,,,,,,,
14,4.25,5,16318.48 ,0.90 ,,,,,,,,,,,,,,,,,,
14,4.45,5,14689.84 ,0.90 ,,,,,,,,,,,,,,,,,,
14,4.45,5,16503.40 ,0.91 ,,,,,,,,,,,,,,,,,,
14,4.65,5,14854.43 ,0.91 ,,,,,,,,,,,,,,,,,,
14,4.65,5,16688.31 ,0.92 ,,,,,,,,,,,,,,,,,,
14,4.85,5,15019.02 ,0.92 ,,,,,,,,,,,,,,,,,,
14,4.85,5,16873.22 ,0.92 ,,,,,,,,,,,,,,,,,,
14,5.05,5,15183.61 ,0.93 ,,,,,,,,,,,,,,,,,,
14,5.05,5,17058.13 ,0.93 ,,,,,,,,,,,,,,,,,,
14,5.25,5,15348.20 ,0.94 ,,,,,,,,,,,,,,,,,,
14,5.25,5,17243.04 ,0.94 ,,,,,,,,,,,,,,,,,,
14,5.45,5,15512.80 ,0.94 ,,,,,,,,,,,,,,,,,,
14,5.45,5,17427.96 ,0.95 ,,,,,,,,,,,,,,,,,,
14,5.65,5,15677.39 ,0.95 ,,,,,,,,,,,,,,,,,,
14,5.65,5,17612.87 ,0.95 ,,,,,,,,,,,,,,,,,,
14,5.85,5,15841.98 ,0.96 ,,,,,,,,,,,,,,,,,,
14,5.85,5,17797.78 ,0.96 ,,,,,,,,,,,,,,,,,,
14,6.05,5,16006.57 ,0.96 ,,,,,,,,,,,,,,,,,,
14,6.05,5,17982.69 ,0.97 ,,,,,,,,,,,,,,,,,,
14,6.25,5,16171.16 ,0.98 ,,,,,,,,,,,,,,,,,,
14,6.25,5,18167.60 ,0.98 ,,,,,,,,,,,,,,,,,,
14,6.45,5,16335.76 ,0.99 ,,,,,,,,,,,,,,,,,,
14,1.65,6,10730.39 ,0.89 ,,,,,,,,,,,,,,,,,,
14,3.25,6,11800.08 ,0.71 ,,,,,,,,,,,,,,,,,,
14,3.25,6,13734.52 ,0.64 ,,,,,,,,,,,,,,,,,,
14,5.65,6,15602.11 ,0.59 ,,,,,,,,,,,,,,,,,,
14,5.85,6,13538.34 ,0.68 ,,,,,,,,,,,,,,,,,,
14,5.85,6,15757.74 ,0.60 ,,,,,,,,,,,,,,,,,,
14,3.25,9,18208.34 ,0.88 ,,,,,,,,,,,,,,,,,,
14,1.25,6,11320.58 ,0.63 ,,,,,,,,,,,,,,,,,,
14,3.05,6,14535.15 ,0.50 ,,,,,,,,,,,,,,,,,,
14,4.05,6,13345.99 ,0.53 ,,,,,,,,,,,,,,,,,,
14,4.05,6,15368.11 ,0.51 ,,,,,,,,,,,,,,,,,,
14,5.05,6,16201.07 ,0.52 ,,,,,,,,,,,,,,,,,,
14,5.25,6,14214.02 ,0.55 ,,,,,,,,,,,,,,,,,,
14,5.25,6,16367.66 ,0.53 ,,,,,,,,,,,,,,,,,,
14,5.45,6,14358.70 ,0.56 ,,,,,,,,,,,,,,,,,,
14,6.65,6,17533.81 ,0.55 ,,,,,,,,,,,,,,,,,,
14,6.85,6,15371.40 ,0.59 ,,,,,,,,,,,,,,,,,,
14,6.85,6,17700.40 ,0.56 ,,,,,,,,,,,,,,,,,,
14,7.05,6,15516.07 ,0.60 ,,,,,,,,,,,,,,,,,,
14,7.05,6,17866.99 ,0.57 ,,,,,,,,,,,,,,,,,,
14,7.25,6,15660.74 ,0.61 ,,,,,,,,,,,,,,,,,,
14,2.25,9,19295.51 ,0.66 ,,,,,,,,,,,,,,,,,,
14,1.05,6,13715.89 ,0.67 ,,,,,,,,,,,,,,,,,,
14,1.25,6,13893.44 ,0.65 ,,,,,,,,,,,,,,,,,,
14,1.65,6,12489.47 ,0.65 ,,,,,,,,,,,,,,,,,,
14,1.85,6,14426.10 ,0.63 ,,,,,,,,,,,,,,,,,,
14,2.05,6,12800.73 ,0.65 ,,,,,,,,,,,,,,,,,,
14,2.25,6,14781.20 ,0.64 ,,,,,,,,,,,,,,,,,,
14,2.45,6,13112.00 ,0.65 ,,,,,,,,,,,,,,,,,,
14,2.85,6,13423.26 ,0.66 ,,,,,,,,,,,,,,,,,,
14,2.85,6,15313.86 ,0.65 ,,,,,,,,,,,,,,,,,,
14,3.25,6,15668.96 ,0.66 ,,,,,,,,,,,,,,,,,,
14,3.45,6,13890.16 ,0.68 ,,,,,,,,,,,,,,,,,,
14,3.85,6,16201.62 ,0.69 ,,,,,,,,,,,,,,,,,,
14,4.05,6,14357.05 ,0.71 ,,,,,,,,,,,,,,,,,,
14,4.45,6,16734.28 ,0.71 ,,,,,,,,,,,,,,,,,,
14,4.65,6,14823.95 ,0.73 ,,,,,,,,,,,,,,,,,,
14,4.65,6,16911.83 ,0.72 ,,,,,,,,,,,,,,,,,,
14,4.85,6,14979.58 ,0.74 ,,,,,,,,,,,,,,,,,,
14,5.25,6,17444.48 ,0.74 ,,,,,,,,,,,,,,,,,,
14,5.45,6,15446.48 ,0.76 ,,,,,,,,,,,,,,,,,,
14,5.45,6,17622.04 ,0.74 ,,,,,,,,,,,,,,,,,,
14,5.65,6,15602.11 ,0.76 ,,,,,,,,,,,,,,,,,,
14,5.85,6,15757.74 ,0.77 ,,,,,,,,,,,,,,,,,,
14,6.05,6,18154.69 ,0.76 ,,,,,,,,,,,,,,,,,,
14,6.25,6,16069.00 ,0.78 ,,,,,,,,,,,,,,,,,,
14,6.25,6,18332.24 ,0.77 ,,,,,,,,,,,,,,,,,,
14,6.45,6,16224.64 ,0.79 ,,,,,,,,,,,,,,,,,,
14,6.45,6,18509.80 ,0.78 ,,,,,,,,,,,,,,,,,,
14,6.65,6,16380.27 ,0.80 ,,,,,,,,,,,,,,,,,,
14,7.05,6,19042.45 ,0.80 ,,,,,,,,,,,,,,,,,,
14,7.25,6,16847.16 ,0.82 ,,,,,,,,,,,,,,,,,,
14,7.25,6,19220.00 ,0.81 ,,,,,,,,,,,,,,,,,,
14,7.45,6,17002.80 ,0.83 ,,,,,,,,,,,,,,,,,,
14,7.65,6,17158.43 ,0.84 ,,,,,,,,,,,,,,,,,,
14,7.85,6,19752.66 ,0.83 ,,,,,,,,,,,,,,,,,,
14,8.05,6,19930.21 ,0.84 ,,,,,,,,,,,,,,,,,,
14,8.25,6,17625.32 ,0.86 ,,,,,,,,,,,,,,,,,,
14,8.45,6,17780.96 ,0.87 ,,,,,,,,,,,,,,,,,,
14,1.05,6,12869.23 ,0.89 ,,,,,,,,,,,,,,,,,,
14,1.05,6,14562.55 ,0.89 ,,,,,,,,,,,,,,,,,,
14,1.25,6,13035.82 ,0.89 ,,,,,,,,,,,,,,,,,,
14,1.25,6,14751.06 ,0.89 ,,,,,,,,,,,,,,,,,,
14,1.45,6,14939.58 ,0.89 ,,,,,,,,,,,,,,,,,,
14,1.65,6,13369.01 ,0.89 ,,,,,,,,,,,,,,,,,,
14,1.65,6,15128.09 ,0.89 ,,,,,,,,,,,,,,,,,,
14,1.85,6,13535.60 ,0.90 ,,,,,,,,,,,,,,,,,,
14,1.85,6,15316.60 ,0.90 ,,,,,,,,,,,,,,,,,,
14,2.05,6,13702.19 ,0.91 ,,,,,,,,,,,,,,,,,,
14,2.25,6,15693.62 ,0.92 ,,,,,,,,,,,,,,,,,,
14,2.45,6,14035.38 ,0.92 ,,,,,,,,,,,,,,,,,,
14,2.45,6,15882.14 ,0.93 ,,,,,,,,,,,,,,,,,,
14,2.65,6,14201.97 ,0.93 ,,,,,,,,,,,,,,,,,,
14,2.65,6,16070.65 ,0.93 ,,,,,,,,,,,,,,,,,,
14,2.85,6,14368.56 ,0.94 ,,,,,,,,,,,,,,,,,,
14,2.85,6,16259.16 ,0.94 ,,,,,,,,,,,,,,,,,,
14,3.05,6,14535.15 ,0.95 ,,,,,,,,,,,,,,,,,,
14,3.05,6,16447.67 ,0.95 ,,,,,,,,,,,,,,,,,,
14,3.25,6,14701.74 ,0.97 ,,,,,,,,,,,,,,,,,,
14,3.25,6,16636.18 ,0.96 ,,,,,,,,,,,,,,,,,,
14,3.45,6,14868.34 ,0.98 ,,,,,,,,,,,,,,,,,,
14,3.45,6,16824.70 ,0.98 ,,,,,,,,,,,,,,,,,,
14,3.65,6,15034.93 ,0.99 ,,,,,,,,,,,,,,,,,,
14,3.65,6,17013.21 ,0.98 ,,,,,,,,,,,,,,,,,,
14,3.85,6,15201.52 ,1.00 ,,,,,,,,,,,,,,,,,,
14,3.85,6,17201.72 ,1.00 ,,,,,,,,,,,,,,,,,,
14,1.65,7,12230.99 ,0.73 ,,,,,,,,,,,,,,,,,,
14,2.85,7,13091.82 ,0.64 ,,,,,,,,,,,,,,,,,,
14,2.85,7,15238.02 ,0.58 ,,,,,,,,,,,,,,,,,,
14,4.45,7,14239.60 ,0.62 ,,,,,,,,,,,,,,,,,,
14,4.45,7,16573.96 ,0.55 ,,,,,,,,,,,,,,,,,,
14,6.45,7,15674.32 ,0.62 ,,,,,,,,,,,,,,,,,,
14,6.45,7,18243.88 ,0.56 ,,,,,,,,,,,,,,,,,,
14,6.65,7,15817.79 ,0.63 ,,,,,,,,,,,,,,,,,,
14,6.65,7,18410.87 ,0.57 ,,,,,,,,,,,,,,,,,,
14,1.65,10.5,19747.73 ,0.91 ,,,,,,,,,,,,,,,,,,
14,1.05,7,14702.35 ,0.70 ,,,,,,,,,,,,,,,,,,
14,1.45,7,13078.30 ,0.67 ,,,,,,,,,,,,,,,,,,
14,1.85,7,13388.76 ,0.65 ,,,,,,,,,,,,,,,,,,
14,1.85,7,15417.36 ,0.63 ,,,,,,,,,,,,,,,,,,
14,2.45,7,13854.46 ,0.63 ,,,,,,,,,,,,,,,,,,
14,2.45,7,15953.62 ,0.62 ,,,,,,,,,,,,,,,,,,
14,2.85,7,16311.12 ,0.61 ,,,,,,,,,,,,,,,,,,
14,3.05,7,14320.15 ,0.63 ,,,,,,,,,,,,,,,,,,
14,3.05,7,16489.87 ,0.62 ,,,,,,,,,,,,,,,,,,
14,3.65,7,14785.85 ,0.63 ,,,,,,,,,,,,,,,,,,
14,3.65,7,17026.13 ,0.62 ,,,,,,,,,,,,,,,,,,
14,3.85,7,14941.08 ,0.64 ,,,,,,,,,,,,,,,,,,
14,4.25,7,17562.38 ,0.64 ,,,,,,,,,,,,,,,,,,
14,4.45,7,15406.78 ,0.66 ,,,,,,,,,,,,,,,,,,
14,4.45,7,17741.14 ,0.65 ,,,,,,,,,,,,,,,,,,
14,4.65,7,15562.01 ,0.67 ,,,,,,,,,,,,,,,,,,
14,5.25,7,18456.14 ,0.67 ,,,,,,,,,,,,,,,,,,
14,5.45,7,16182.94 ,0.69 ,,,,,,,,,,,,,,,,,,
14,5.45,7,18634.90 ,0.68 ,,,,,,,,,,,,,,,,,,
14,5.65,7,16338.17 ,0.70 ,,,,,,,,,,,,,,,,,,
14,6.25,7,19349.90 ,0.70 ,,,,,,,,,,,,,,,,,,
14,6.45,7,19528.66 ,0.71 ,,,,,,,,,,,,,,,,,,
14,6.65,7,17114.33 ,0.73 ,,,,,,,,,,,,,,,,,,
14,6.65,7,19707.41 ,0.72 ,,,,,,,,,,,,,,,,,,
14,6.85,7,17269.56 ,0.74 ,,,,,,,,,,,,,,,,,,
14,7.85,7,18045.72 ,0.77 ,,,,,,,,,,,,,,,,,,
14,8.05,7,18200.95 ,0.78 ,,,,,,,,,,,,,,,,,,
14,8.25,7,18356.18 ,0.79 ,,,,,,,,,,,,,,,,,,
14,1.05,7,15669.61 ,0.88 ,,,,,,,,,,,,,,,,,,
14,1.25,7,15860.12 ,0.88 ,,,,,,,,,,,,,,,,,,
14,1.45,7,14069.08 ,0.89 ,,,,,,,,,,,,,,,,,,
14,1.45,7,16050.64 ,0.88 ,,,,,,,,,,,,,,,,,,
14,1.65,7,14236.07 ,0.89 ,,,,,,,,,,,,,,,,,,
14,1.65,7,16241.15 ,0.89 ,,,,,,,,,,,,,,,,,,
14,1.85,7,14403.06 ,0.90 ,,,,,,,,,,,,,,,,,,
14,2.05,7,16622.17 ,0.91 ,,,,,,,,,,,,,,,,,,
14,2.25,7,14737.04 ,0.92 ,,,,,,,,,,,,,,,,,,
14,2.45,7,14904.04 ,0.92 ,,,,,,,,,,,,,,,,,,
14,2.45,7,17003.20 ,0.92 ,,,,,,,,,,,,,,,,,,
14,2.65,7,15071.03 ,0.94 ,,,,,,,,,,,,,,,,,,
14,2.65,7,17193.71 ,0.93 ,,,,,,,,,,,,,,,,,,
14,2.85,7,15238.02 ,0.95 ,,,,,,,,,,,,,,,,,,
14,2.85,7,17384.22 ,0.94 ,,,,,,,,,,,,,,,,,,
14,3.05,7,15405.01 ,0.95 ,,,,,,,,,,,,,,,,,,
14,3.05,7,17574.73 ,0.95 ,,,,,,,,,,,,,,,,,,
14,3.25,7,15572.00 ,0.97 ,,,,,,,,,,,,,,,,,,
14,3.25,7,17765.24 ,0.96 ,,,,,,,,,,,,,,,,,,
14,3.45,7,15739.00 ,0.98 ,,,,,,,,,,,,,,,,,,
14,3.65,7,18146.27 ,0.99 ,,,,,,,,,,,,,,,,,,
14,1.45,8,13675.96 ,0.71 ,,,,,,,,,,,,,,,,,,
14,3.25,8,15055.04 ,0.61 ,,,,,,,,,,,,,,,,,,
14,4.45,8,15974.44 ,0.60 ,,,,,,,,,,,,,,,,,,
14,4.45,8,18593.20 ,0.56 ,,,,,,,,,,,,,,,,,,
14,6.05,8,17200.29 ,0.62 ,,,,,,,,,,,,,,,,,,
14,6.25,8,17353.52 ,0.63 ,,,,,,,,,,,,,,,,,,
14,8.25,8,18885.84 ,0.67 ,,,,,,,,,,,,,,,,,,
14,8.45,8,19039.08 ,0.68 ,,,,,,,,,,,,,,,,,,
14,1.05,8,14465.35 ,0.85 ,,,,,,,,,,,,,,,,,,
14,1.25,8,14631.14 ,0.82 ,,,,,,,,,,,,,,,,,,
14,1.45,8,14796.94 ,0.80 ,,,,,,,,,,,,,,,,,,
14,1.45,8,17038.90 ,0.79 ,,,,,,,,,,,,,,,,,,
14,1.85,8,15128.52 ,0.80 ,,,,,,,,,,,,,,,,,,
14,2.25,8,15460.10 ,0.80 ,,,,,,,,,,,,,,,,,,
14,2.65,8,15791.69 ,0.81 ,,,,,,,,,,,,,,,,,,
14,2.65,8,18184.37 ,0.80 ,,,,,,,,,,,,,,,,,,
14,2.85,8,15957.48 ,0.81 ,,,,,,,,,,,,,,,,,,
14,3.05,8,18566.19 ,0.81 ,,,,,,,,,,,,,,,,,,
14,3.25,8,16289.06 ,0.82 ,,,,,,,,,,,,,,,,,,
14,3.65,8,16620.65 ,0.83 ,,,,,,,,,,,,,,,,,,
14,3.65,8,19138.93 ,0.83 ,,,,,,,,,,,,,,,,,,
14,3.85,8,16786.44 ,0.84 ,,,,,,,,,,,,,,,,,,
14,4.05,8,19520.75 ,0.85 ,,,,,,,,,,,,,,,,,,
14,4.25,8,17118.02 ,0.86 ,,,,,,,,,,,,,,,,,,
14,4.25,8,19711.66 ,0.85 ,,,,,,,,,,,,,,,,,,
14,4.45,8,17283.82 ,0.87 ,,,,,,,,,,,,,,,,,,
14,5.05,8,17781.19 ,0.90 ,,,,,,,,,,,,,,,,,,
14,5.25,8,17946.98 ,0.91 ,,,,,,,,,,,,,,,,,,
14,5.85,8,18444.36 ,0.93 ,,,,,,,,,,,,,,,,,,
14,6.05,8,18610.15 ,0.94 ,,,,,,,,,,,,,,,,,,
14,6.65,8,19107.53 ,0.96 ,,,,,,,,,,,,,,,,,,
14,6.85,8,19273.32 ,0.97 ,,,,,,,,,,,,,,,,,,
14,7.05,8,19439.11 ,0.98 ,,,,,,,,,,,,,,,,,,
14,1.05,9,17500.93 ,0.75 ,,,,,,,,,,,,,,,,,,
14,1.65,9,15524.99 ,0.71 ,,,,,,,,,,,,,,,,,,
14,1.65,9,18070.07 ,0.68 ,,,,,,,,,,,,,,,,,,
14,2.25,9,16013.96 ,0.66 ,,,,,,,,,,,,,,,,,,
14,2.25,9,18639.20 ,0.63 ,,,,,,,,,,,,,,,,,,
14,2.85,9,19208.34 ,0.60 ,,,,,,,,,,,,,,,,,,
14,3.05,9,16665.93 ,0.64 ,,,,,,,,,,,,,,,,,,
14,4.05,9,17480.89 ,0.66 ,,,,,,,,,,,,,,,,,,
14,5.05,9,18295.85 ,0.67 ,,,,,,,,,,,,,,,,,,
14,5.25,9,18458.84 ,0.68 ,,,,,,,,,,,,,,,,,,
14,6.45,9,19436.80 ,0.70 ,,,,,,,,,,,,,,,,,,
14,6.65,9,19599.79 ,0.71 ,,,,,,,,,,,,,,,,,,
14,1.05,9,18733.39 ,1.00 ,,,,,,,,,,,,,,,,,,
14,1.05,10,19554.25 ,0.83 ,,,,,,,,,,,,,,,,,,
14,1.45,10,17145.64 ,0.80 ,,,,,,,,,,,,,,,,,,
14,1.45,10,19956.40 ,0.78 ,,,,,,,,,,,,,,,,,,
14,2.05,10,17663.89 ,0.76 ,,,,,,,,,,,,,,,,,,
14,2.65,10,18182.15 ,0.74 ,,,,,,,,,,,,,,,,,,
14,3.25,10,18700.40 ,0.74 ,,,,,,,,,,,,,,,,,,
14,3.85,10,19218.66 ,0.74 ,,,,,,,,,,,,,,,,,,
14,4.05,10,19391.41 ,0.75 ,,,,,,,,,,,,,,,,,,
15,5.73,1.5,17410.98 ,0.93 ,,,,,,,,,,,,,,,,,,
15,5.93,1.5,17626.86 ,0.95 ,,,,,,,,,,,,,,,,,,
15,5.93,2,12236.35 ,0.63 ,,,,,,,,,,,,,,,,,,
15,6.13,2,10992.12 ,0.70 ,,,,,,,,,,,,,,,,,,
15,6.13,2,12381.76 ,0.64 ,,,,,,,,,,,,,,,,,,
15,2.93,3,13500.28 ,0.99 ,,,,,,,,,,,,,,,,,,
15,6.13,3,14797.87 ,0.84 ,,,,,,,,,,,,,,,,,,
15,6.13,3,16413.36 ,0.76 ,,,,,,,,,,,,,,,,,,
15,2.73,2,9353.67 ,0.63 ,,,,,,,,,,,,,,,,,,
15,2.73,2,10465.88 ,0.59 ,,,,,,,,,,,,,,,,,,
15,4.53,2,11848.02 ,0.48 ,,,,,,,,,,,,,,,,,,
15,4.73,2,10726.18 ,0.53 ,,,,,,,,,,,,,,,,,,
15,4.73,2,12001.59 ,0.49 ,,,,,,,,,,,,,,,,,,
15,7.53,2,14151.59 ,0.45 ,,,,,,,,,,,,,,,,,,
15,7.73,2,12784.95 ,0.50 ,,,,,,,,,,,,,,,,,,
15,7.73,2,14305.16 ,0.46 ,,,,,,,,,,,,,,,,,,
15,7.93,2,12922.20 ,0.51 ,,,,,,,,,,,,,,,,,,
15,7.93,2,14458.73 ,0.47 ,,,,,,,,,,,,,,,,,,
15,2.73,3,12990.50 ,0.77 ,,,,,,,,,,,,,,,,,,
15,2.73,3,14301.35 ,0.73 ,,,,,,,,,,,,,,,,,,
15,4.53,3,14588.79 ,0.63 ,,,,,,,,,,,,,,,,,,
15,4.53,3,16060.92 ,0.59 ,,,,,,,,,,,,,,,,,,
15,7.53,3,18993.52 ,0.55 ,,,,,,,,,,,,,,,,,,
15,7.73,3,17430.18 ,0.61 ,,,,,,,,,,,,,,,,,,
15,7.73,3,19189.03 ,0.56 ,,,,,,,,,,,,,,,,,,
15,7.93,3,17607.77 ,0.62 ,,,,,,,,,,,,,,,,,,
15,2.33,2,10698.52 ,0.49 ,,,,,,,,,,,,,,,,,,
15,3.53,2,10491.42 ,0.45 ,,,,,,,,,,,,,,,,,,
15,3.53,2,11668.91 ,0.42 ,,,,,,,,,,,,,,,,,,
15,5.13,2,11654.71 ,0.42 ,,,,,,,,,,,,,,,,,,
15,5.13,2,12962.76 ,0.39 ,,,,,,,,,,,,,,,,,,
15,5.33,2,11800.12 ,0.43 ,,,,,,,,,,,,,,,,,,
15,7.33,2,14741.80 ,0.39 ,,,,,,,,,,,,,,,,,,
15,7.53,2,13399.64 ,0.42 ,,,,,,,,,,,,,,,,,,
15,7.53,2,14903.53 ,0.39 ,,,,,,,,,,,,,,,,,,
15,7.73,2,13545.05 ,0.43 ,,,,,,,,,,,,,,,,,,
15,2.33,3,14866.59 ,0.64 ,,,,,,,,,,,,,,,,,,
15,3.53,3,14737.75 ,0.57 ,,,,,,,,,,,,,,,,,,
15,3.53,3,16120.28 ,0.54 ,,,,,,,,,,,,,,,,,,
15,5.13,3,16265.97 ,0.52 ,,,,,,,,,,,,,,,,,,
15,5.13,3,17791.85 ,0.49 ,,,,,,,,,,,,,,,,,,
15,7.13,3,19881.33 ,0.48 ,,,,,,,,,,,,,,,,,,
15,7.33,3,18367.27 ,0.52 ,,,,,,,,,,,,,,,,,,
15,7.53,3,18558.29 ,0.53 ,,,,,,,,,,,,,,,,,,
15,1.93,2,9851.59 ,0.49 ,,,,,,,,,,,,,,,,,,
15,1.93,2,10898.52 ,0.47 ,,,,,,,,,,,,,,,,,,
15,2.73,2,10465.88 ,0.43 ,,,,,,,,,,,,,,,,,,
15,3.73,2,11233.73 ,0.40 ,,,,,,,,,,,,,,,,,,
15,3.73,2,12427.54 ,0.38 ,,,,,,,,,,,,,,,,,,
15,4.93,2,12155.16 ,0.38 ,,,,,,,,,,,,,,,,,,
15,4.93,2,13446.89 ,0.36 ,,,,,,,,,,,,,,,,,,
15,6.33,2,14636.13 ,0.36 ,,,,,,,,,,,,,,,,,,
15,6.53,2,13383.73 ,0.39 ,,,,,,,,,,,,,,,,,,
15,6.53,2,14806.02 ,0.37 ,,,,,,,,,,,,,,,,,,
15,6.73,2,13537.30 ,0.40 ,,,,,,,,,,,,,,,,,,
15,8.33,2,16335.04 ,0.37 ,,,,,,,,,,,,,,,,,,
15,8.53,2,14919.44 ,0.40 ,,,,,,,,,,,,,,,,,,
15,8.53,2,16504.93 ,0.38 ,,,,,,,,,,,,,,,,,,
15,8.73,2,15073.01 ,0.41 ,,,,,,,,,,,,,,,,,,
15,8.73,2,16674.82 ,0.38 ,,,,,,,,,,,,,,,,,,
15,1.93,3,14138.91 ,0.65 ,,,,,,,,,,,,,,,,,,
15,3.53,3,15774.64 ,0.51 ,,,,,,,,,,,,,,,,,,
15,3.53,3,17157.17 ,0.49 ,,,,,,,,,,,,,,,,,,
15,3.73,3,15979.11 ,0.52 ,,,,,,,,,,,,,,,,,,
15,4.73,3,18491.50 ,0.48 ,,,,,,,,,,,,,,,,,,
15,4.93,3,17205.91 ,0.51 ,,,,,,,,,,,,,,,,,,
15,4.93,3,18713.88 ,0.49 ,,,,,,,,,,,,,,,,,,
15,6.33,3,18637.19 ,0.51 ,,,,,,,,,,,,,,,,,,
15,6.53,3,18841.65 ,0.52 ,,,,,,,,,,,,,,,,,,
15,1.53,2,10051.59 ,0.49 ,,,,,,,,,,,,,,,,,,
15,1.93,2,11421.98 ,0.42 ,,,,,,,,,,,,,,,,,,
15,2.53,2,10860.25 ,0.40 ,,,,,,,,,,,,,,,,,,
15,2.53,2,11956.14 ,0.38 ,,,,,,,,,,,,,,,,,,
15,3.33,2,11507.17 ,0.38 ,,,,,,,,,,,,,,,,,,
15,3.33,2,12668.34 ,0.37 ,,,,,,,,,,,,,,,,,,
15,4.13,2,12154.10 ,0.38 ,,,,,,,,,,,,,,,,,,
15,4.13,2,13380.55 ,0.37 ,,,,,,,,,,,,,,,,,,
15,5.13,2,12962.76 ,0.38 ,,,,,,,,,,,,,,,,,,
15,5.13,2,14270.80 ,0.37 ,,,,,,,,,,,,,,,,,,
15,5.33,2,13124.49 ,0.38 ,,,,,,,,,,,,,,,,,,
15,5.33,2,14448.85 ,0.37 ,,,,,,,,,,,,,,,,,,
15,6.53,2,14094.87 ,0.39 ,,,,,,,,,,,,,,,,,,
15,6.53,2,15517.16 ,0.38 ,,,,,,,,,,,,,,,,,,
15,6.73,2,14256.61 ,0.40 ,,,,,,,,,,,,,,,,,,
15,6.73,2,15695.21 ,0.39 ,,,,,,,,,,,,,,,,,,
15,6.93,2,14418.34 ,0.41 ,,,,,,,,,,,,,,,,,,
15,8.13,2,15388.72 ,0.42 ,,,,,,,,,,,,,,,,,,
15,8.13,2,16941.57 ,0.40 ,,,,,,,,,,,,,,,,,,
15,8.33,2,15550.45 ,0.42 ,,,,,,,,,,,,,,,,,,
15,8.33,2,17119.62 ,0.40 ,,,,,,,,,,,,,,,,,,
15,8.53,2,15712.19 ,0.43 ,,,,,,,,,,,,,,,,,,
15,1.93,3,15068.28 ,0.59 ,,,,,,,,,,,,,,,,,,
15,2.53,3,15722.00 ,0.55 ,,,,,,,,,,,,,,,,,,
15,3.13,3,16375.73 ,0.52 ,,,,,,,,,,,,,,,,,,
15,3.13,3,17722.41 ,0.50 ,,,,,,,,,,,,,,,,,,
15,3.93,3,18665.72 ,0.50 ,,,,,,,,,,,,,,,,,,
15,4.13,3,17465.26 ,0.52 ,,,,,,,,,,,,,,,,,,
15,4.13,3,18901.55 ,0.51 ,,,,,,,,,,,,,,,,,,
15,4.93,3,19844.86 ,0.50 ,,,,,,,,,,,,,,,,,,
15,5.13,3,18554.80 ,0.52 ,,,,,,,,,,,,,,,,,,
15,6.33,3,19862.24 ,0.54 ,,,,,,,,,,,,,,,,,,
15,1.12,2,10210.46 ,0.54 ,,,,,,,,,,,,,,,,,,
15,2.73,2,11578.09 ,0.40 ,,,,,,,,,,,,,,,,,,
15,2.73,2,12690.29 ,0.40 ,,,,,,,,,,,,,,,,,,
15,3.33,2,12087.76 ,0.40 ,,,,,,,,,,,,,,,,,,
15,3.33,2,13248.93 ,0.40 ,,,,,,,,,,,,,,,,,,
15,4.13,2,12767.32 ,0.41 ,,,,,,,,,,,,,,,,,,
15,4.13,2,13993.77 ,0.40 ,,,,,,,,,,,,,,,,,,
15,4.93,2,13446.89 ,0.42 ,,,,,,,,,,,,,,,,,,
15,4.93,2,14738.62 ,0.41 ,,,,,,,,,,,,,,,,,,
15,5.13,2,13616.78 ,0.42 ,,,,,,,,,,,,,,,,,,
15,5.73,2,15483.46 ,0.42 ,,,,,,,,,,,,,,,,,,
15,5.93,2,14296.34 ,0.43 ,,,,,,,,,,,,,,,,,,
15,5.93,2,15669.67 ,0.43 ,,,,,,,,,,,,,,,,,,
15,6.13,2,14466.24 ,0.44 ,,,,,,,,,,,,,,,,,,
15,6.93,2,16600.73 ,0.44 ,,,,,,,,,,,,,,,,,,
15,7.13,2,15315.69 ,0.46 ,,,,,,,,,,,,,,,,,,
15,7.13,2,16786.94 ,0.45 ,,,,,,,,,,,,,,,,,,
15,7.33,2,15485.58 ,0.46 ,,,,,,,,,,,,,,,,,,
15,7.33,2,16973.15 ,0.45 ,,,,,,,,,,,,,,,,,,
15,8.33,2,16335.04 ,0.47 ,,,,,,,,,,,,,,,,,,
15,8.33,2,17904.21 ,0.47 ,,,,,,,,,,,,,,,,,,
15,8.53,2,16504.93 ,0.48 ,,,,,,,,,,,,,,,,,,
15,8.53,2,18090.42 ,0.47 ,,,,,,,,,,,,,,,,,,
15,8.73,2,16674.82 ,0.48 ,,,,,,,,,,,,,,,,,,
15,8.73,2,18276.63 ,0.48 ,,,,,,,,,,,,,,,,,,
15,8.93,2,16844.71 ,0.49 ,,,,,,,,,,,,,,,,,,
15,1.33,3,16489.03 ,0.67 ,,,,,,,,,,,,,,,,,,
15,1.73,3,15766.31 ,0.62 ,,,,,,,,,,,,,,,,,,
15,1.73,3,16987.56 ,0.61 ,,,,,,,,,,,,,,,,,,
15,2.13,3,16229.01 ,0.58 ,,,,,,,,,,,,,,,,,,
15,2.13,3,17486.09 ,0.58 ,,,,,,,,,,,,,,,,,,
15,2.53,3,17984.63 ,0.55 ,,,,,,,,,,,,,,,,,,
15,3.13,3,17385.74 ,0.55 ,,,,,,,,,,,,,,,,,,
15,3.13,3,18732.43 ,0.55 ,,,,,,,,,,,,,,,,,,
15,3.73,3,19480.23 ,0.55 ,,,,,,,,,,,,,,,,,,
15,3.93,3,18311.13 ,0.57 ,,,,,,,,,,,,,,,,,,
15,3.93,3,19729.50 ,0.56 ,,,,,,,,,,,,,,,,,,
15,4.73,3,19236.52 ,0.58 ,,,,,,,,,,,,,,,,,,
15,4.13,3,11361.04 ,0.80 ,,,,,,,,,,,,,,,,,,
15,4.33,3,10048.58 ,0.92 ,,,,,,,,,,,,,,,,,,
15,4.33,4.5,15599.85 ,0.97 ,,,,,,,,,,,,,,,,,,
15,1.33,3,9969.28 ,0.74 ,,,,,,,,,,,,,,,,,,
15,2.73,3,9713.38 ,0.59 ,,,,,,,,,,,,,,,,,,
15,2.73,3,11024.23 ,0.55 ,,,,,,,,,,,,,,,,,,
15,4.53,3,10908.47 ,0.51 ,,,,,,,,,,,,,,,,,,
15,4.53,3,12380.60 ,0.47 ,,,,,,,,,,,,,,,,,,
15,7.53,3,12900.28 ,0.51 ,,,,,,,,,,,,,,,,,,
15,7.53,3,14641.20 ,0.46 ,,,,,,,,,,,,,,,,,,
15,7.73,3,13033.06 ,0.52 ,,,,,,,,,,,,,,,,,,
15,7.73,3,14791.91 ,0.47 ,,,,,,,,,,,,,,,,,,
15,7.93,3,13165.85 ,0.53 ,,,,,,,,,,,,,,,,,,
15,2.73,4.5,13782.38 ,0.73 ,,,,,,,,,,,,,,,,,,
15,2.73,4.5,15421.18 ,0.68 ,,,,,,,,,,,,,,,,,,
15,4.53,4.5,15320.40 ,0.60 ,,,,,,,,,,,,,,,,,,
15,4.53,4.5,17142.08 ,0.56 ,,,,,,,,,,,,,,,,,,
15,4.73,4.5,15491.29 ,0.62 ,,,,,,,,,,,,,,,,,,
15,7.73,4.5,18054.66 ,0.61 ,,,,,,,,,,,,,,,,,,
15,7.93,4.5,18225.55 ,0.62 ,,,,,,,,,,,,,,,,,,
15,1.73,3,9660.07 ,0.52 ,,,,,,,,,,,,,,,,,,
15,2.53,3,10227.06 ,0.44 ,,,,,,,,,,,,,,,,,,
15,2.53,3,11519.99 ,0.42 ,,,,,,,,,,,,,,,,,,
15,3.73,3,11077.54 ,0.41 ,,,,,,,,,,,,,,,,,,
15,3.73,3,12477.99 ,0.39 ,,,,,,,,,,,,,,,,,,
15,5.13,3,12069.77 ,0.40 ,,,,,,,,,,,,,,,,,,
15,5.13,3,13595.66 ,0.38 ,,,,,,,,,,,,,,,,,,
15,6.93,3,15032.67 ,0.37 ,,,,,,,,,,,,,,,,,,
15,7.13,3,13487.25 ,0.41 ,,,,,,,,,,,,,,,,,,
15,7.13,3,15192.33 ,0.38 ,,,,,,,,,,,,,,,,,,
15,7.33,3,13628.99 ,0.42 ,,,,,,,,,,,,,,,,,,
15,1.73,4.5,14080.83 ,0.65 ,,,,,,,,,,,,,,,,,,
15,2.53,4.5,14825.35 ,0.54 ,,,,,,,,,,,,,,,,,,
15,2.53,4.5,16443.84 ,0.51 ,,,,,,,,,,,,,,,,,,
15,3.73,4.5,15942.14 ,0.51 ,,,,,,,,,,,,,,,,,,
15,3.73,4.5,17682.55 ,0.48 ,,,,,,,,,,,,,,,,,,
15,5.13,4.5,17245.06 ,0.49 ,,,,,,,,,,,,,,,,,,
15,5.13,4.5,19127.70 ,0.46 ,,,,,,,,,,,,,,,,,,
15,6.93,4.5,18920.24 ,0.50 ,,,,,,,,,,,,,,,,,,
15,7.13,4.5,19106.37 ,0.51 ,,,,,,,,,,,,,,,,,,
15,1.93,3,11660.57 ,0.40 ,,,,,,,,,,,,,,,,,,
15,2.53,3,10873.52 ,0.38 ,,,,,,,,,,,,,,,,,,
15,2.53,3,12166.45 ,0.37 ,,,,,,,,,,,,,,,,,,
15,3.33,3,11476.35 ,0.37 ,,,,,,,,,,,,,,,,,,
15,3.33,3,12840.96 ,0.36 ,,,,,,,,,,,,,,,,,,
15,4.13,3,12079.18 ,0.37 ,,,,,,,,,,,,,,,,,,
15,4.13,3,13515.47 ,0.36 ,,,,,,,,,,,,,,,,,,
15,5.13,3,14358.61 ,0.36 ,,,,,,,,,,,,,,,,,,
15,5.33,3,12983.43 ,0.38 ,,,,,,,,,,,,,,,,,,
15,5.33,3,14527.23 ,0.37 ,,,,,,,,,,,,,,,,,,
15,6.53,3,15539.00 ,0.38 ,,,,,,,,,,,,,,,,,,
15,6.73,3,14038.38 ,0.40 ,,,,,,,,,,,,,,,,,,
15,6.73,3,15707.62 ,0.38 ,,,,,,,,,,,,,,,,,,
15,6.93,3,14189.08 ,0.41 ,,,,,,,,,,,,,,,,,,
15,6.93,3,15876.25 ,0.39 ,,,,,,,,,,,,,,,,,,
15,8.33,3,17056.64 ,0.40 ,,,,,,,,,,,,,,,,,,
15,8.53,3,15394.74 ,0.43 ,,,,,,,,,,,,,,,,,,
15,8.53,3,17225.27 ,0.41 ,,,,,,,,,,,,,,,,,,
15,8.73,3,15545.45 ,0.43 ,,,,,,,,,,,,,,,,,,
15,1.93,4.5,15435.10 ,0.53 ,,,,,,,,,,,,,,,,,,
15,2.53,4.5,16039.22 ,0.48 ,,,,,,,,,,,,,,,,,,
15,3.13,4.5,16643.33 ,0.46 ,,,,,,,,,,,,,,,,,,
15,3.13,4.5,18322.78 ,0.45 ,,,,,,,,,,,,,,,,,,
15,3.93,4.5,19209.54 ,0.44 ,,,,,,,,,,,,,,,,,,
15,4.13,4.5,17650.19 ,0.47 ,,,,,,,,,,,,,,,,,,
15,4.13,4.5,19431.23 ,0.45 ,,,,,,,,,,,,,,,,,,
15,5.13,4.5,18657.04 ,0.48 ,,,,,,,,,,,,,,,,,,
15,6.33,4.5,19865.27 ,0.50 ,,,,,,,,,,,,,,,,,,
15,1.33,3,10561.99 ,0.46 ,,,,,,,,,,,,,,,,,,
15,1.93,3,12280.15 ,0.39 ,,,,,,,,,,,,,,,,,,
15,2.13,3,11200.65 ,0.40 ,,,,,,,,,,,,,,,,,,
15,2.53,3,11519.99 ,0.39 ,,,,,,,,,,,,,,,,,,
15,2.53,3,12812.92 ,0.39 ,,,,,,,,,,,,,,,,,,
15,2.93,3,13168.09 ,0.38 ,,,,,,,,,,,,,,,,,,
15,3.13,3,11998.99 ,0.39 ,,,,,,,,,,,,,,,,,,
15,3.73,3,12477.99 ,0.40 ,,,,,,,,,,,,,,,,,,
15,3.73,3,13878.44 ,0.39 ,,,,,,,,,,,,,,,,,,
15,4.33,3,12956.99 ,0.41 ,,,,,,,,,,,,,,,,,,
15,4.33,3,14411.20 ,0.40 ,,,,,,,,,,,,,,,,,,
15,4.53,3,13116.66 ,0.41 ,,,,,,,,,,,,,,,,,,
15,5.13,3,13595.66 ,0.42 ,,,,,,,,,,,,,,,,,,
15,5.13,3,15121.55 ,0.41 ,,,,,,,,,,,,,,,,,,
15,5.33,3,13755.33 ,0.43 ,,,,,,,,,,,,,,,,,,
15,5.33,3,15299.14 ,0.42 ,,,,,,,,,,,,,,,,,,
15,5.93,3,15831.90 ,0.43 ,,,,,,,,,,,,,,,,,,
15,6.13,3,14394.00 ,0.45 ,,,,,,,,,,,,,,,,,,
15,6.13,3,16009.49 ,0.44 ,,,,,,,,,,,,,,,,,,
15,6.33,3,14553.67 ,0.46 ,,,,,,,,,,,,,,,,,,
15,6.93,3,16719.83 ,0.46 ,,,,,,,,,,,,,,,,,,
15,7.13,3,15192.33 ,0.47 ,,,,,,,,,,,,,,,,,,
15,7.13,3,16897.42 ,0.46 ,,,,,,,,,,,,,,,,,,
15,7.33,3,15352.00 ,0.48 ,,,,,,,,,,,,,,,,,,
15,7.33,3,17075.01 ,0.47 ,,,,,,,,,,,,,,,,,,
15,7.53,3,15511.67 ,0.48 ,,,,,,,,,,,,,,,,,,
15,8.13,3,17785.36 ,0.48 ,,,,,,,,,,,,,,,,,,
15,8.33,3,16150.34 ,0.50 ,,,,,,,,,,,,,,,,,,
15,8.33,3,17962.95 ,0.49 ,,,,,,,,,,,,,,,,,,
15,8.53,3,16310.00 ,0.50 ,,,,,,,,,,,,,,,,,,
15,8.53,3,18140.53 ,0.49 ,,,,,,,,,,,,,,,,,,
15,8.73,3,16469.67 ,0.51 ,,,,,,,,,,,,,,,,,,
15,1.53,4.5,17686.91 ,0.55 ,,,,,,,,,,,,,,,,,,
15,1.93,4.5,16603.25 ,0.54 ,,,,,,,,,,,,,,,,,,
15,1.93,4.5,18160.78 ,0.53 ,,,,,,,,,,,,,,,,,,
15,2.33,4.5,17036.47 ,0.52 ,,,,,,,,,,,,,,,,,,
15,2.33,4.5,18634.64 ,0.52 ,,,,,,,,,,,,,,,,,,
15,2.73,4.5,19108.50 ,0.51 ,,,,,,,,,,,,,,,,,,
15,3.33,4.5,18119.53 ,0.52 ,,,,,,,,,,,,,,,,,,
15,3.33,4.5,19819.29 ,0.51 ,,,,,,,,,,,,,,,,,,
15,3.93,4.5,18769.36 ,0.53 ,,,,,,,,,,,,,,,,,,
15,4.13,4.5,18985.97 ,0.54 ,,,,,,,,,,,,,,,,,,
15,4.73,4.5,19635.81 ,0.55 ,,,,,,,,,,,,,,,,,,
15,1.12,3,10977.63 ,0.49 ,,,,,,,,,,,,,,,,,,
15,1.12,3,12144.22 ,0.49 ,,,,,,,,,,,,,,,,,,
15,1.33,3,11154.69 ,0.47 ,,,,,,,,,,,,,,,,,,
15,1.33,3,12340.10 ,0.47 ,,,,,,,,,,,,,,,,,,
15,1.53,3,11323.32 ,0.46 ,,,,,,,,,,,,,,,,,,
15,1.53,3,12526.64 ,0.46 ,,,,,,,,,,,,,,,,,,
15,1.93,3,11660.57 ,0.46 ,,,,,,,,,,,,,,,,,,
15,1.93,3,12899.74 ,0.45 ,,,,,,,,,,,,,,,,,,
15,2.13,3,13086.29 ,0.45 ,,,,,,,,,,,,,,,,,,
15,2.33,3,11997.83 ,0.46 ,,,,,,,,,,,,,,,,,,
15,2.53,3,13459.38 ,0.45 ,,,,,,,,,,,,,,,,,,
15,2.73,3,12335.08 ,0.46 ,,,,,,,,,,,,,,,,,,
15,2.73,3,13645.93 ,0.46 ,,,,,,,,,,,,,,,,,,
15,3.13,3,12672.33 ,0.47 ,,,,,,,,,,,,,,,,,,
15,3.13,3,14019.02 ,0.46 ,,,,,,,,,,,,,,,,,,
15,3.53,3,13009.59 ,0.48 ,,,,,,,,,,,,,,,,,,
15,3.53,3,14392.12 ,0.47 ,,,,,,,,,,,,,,,,,,
15,3.73,3,13178.22 ,0.48 ,,,,,,,,,,,,,,,,,,
15,3.93,3,14765.21 ,0.48 ,,,,,,,,,,,,,,,,,,
15,4.13,3,13515.47 ,0.49 ,,,,,,,,,,,,,,,,,,
15,4.13,3,14951.76 ,0.49 ,,,,,,,,,,,,,,,,,,
15,4.53,3,15324.85 ,0.50 ,,,,,,,,,,,,,,,,,,
15,4.73,3,14021.35 ,0.51 ,,,,,,,,,,,,,,,,,,
15,4.73,3,15511.40 ,0.51 ,,,,,,,,,,,,,,,,,,
15,4.93,3,14189.98 ,0.52 ,,,,,,,,,,,,,,,,,,
15,5.33,3,14527.23 ,0.53 ,,,,,,,,,,,,,,,,,,
15,5.33,3,16071.04 ,0.52 ,,,,,,,,,,,,,,,,,,
15,5.53,3,14695.86 ,0.54 ,,,,,,,,,,,,,,,,,,
15,5.53,3,16257.59 ,0.53 ,,,,,,,,,,,,,,,,,,
15,5.73,3,14864.49 ,0.54 ,,,,,,,,,,,,,,,,,,
15,5.93,3,16630.68 ,0.54 ,,,,,,,,,,,,,,,,,,
15,6.13,3,15201.74 ,0.56 ,,,,,,,,,,,,,,,,,,
15,6.13,3,16817.23 ,0.55 ,,,,,,,,,,,,,,,,,,
15,6.33,3,15370.37 ,0.56 ,,,,,,,,,,,,,,,,,,
15,6.33,3,17003.78 ,0.56 ,,,,,,,,,,,,,,,,,,
15,6.53,3,15539.00 ,0.57 ,,,,,,,,,,,,,,,,,,
15,6.73,3,17376.87 ,0.57 ,,,,,,,,,,,,,,,,,,
15,6.93,3,17563.42 ,0.57 ,,,,,,,,,,,,,,,,,,
15,7.13,3,16044.88 ,0.59 ,,,,,,,,,,,,,,,,,,
15,7.13,3,17749.97 ,0.58 ,,,,,,,,,,,,,,,,,,
15,7.33,3,16213.51 ,0.59 ,,,,,,,,,,,,,,,,,,
15,7.73,3,18309.61 ,0.59 ,,,,,,,,,,,,,,,,,,
15,7.93,3,16719.39 ,0.61 ,,,,,,,,,,,,,,,,,,
15,7.93,3,18496.15 ,0.60 ,,,,,,,,,,,,,,,,,,
15,8.13,3,16888.01 ,0.61 ,,,,,,,,,,,,,,,,,,
15,8.13,3,18682.70 ,0.60 ,,,,,,,,,,,,,,,,,,
15,8.33,3,17056.64 ,0.62 ,,,,,,,,,,,,,,,,,,
15,8.53,3,19055.80 ,0.61 ,,,,,,,,,,,,,,,,,,
15,8.73,3,17393.90 ,0.63 ,,,,,,,,,,,,,,,,,,
15,8.73,3,19242.34 ,0.62 ,,,,,,,,,,,,,,,,,,
15,8.93,3,17562.52 ,0.63 ,,,,,,,,,,,,,,,,,,
15,8.93,3,19428.89 ,0.62 ,,,,,,,,,,,,,,,,,,
15,1.12,4.5,18307.63 ,0.65 ,,,,,,,,,,,,,,,,,,
15,1.33,4.5,18572.41 ,0.63 ,,,,,,,,,,,,,,,,,,
15,1.53,4.5,18824.58 ,0.62 ,,,,,,,,,,,,,,,,,,
15,1.93,4.5,17771.39 ,0.62 ,,,,,,,,,,,,,,,,,,
15,1.93,4.5,19328.92 ,0.62 ,,,,,,,,,,,,,,,,,,
15,2.33,4.5,18235.10 ,0.62 ,,,,,,,,,,,,,,,,,,
15,2.33,4.5,19833.26 ,0.61 ,,,,,,,,,,,,,,,,,,
15,2.73,4.5,18698.80 ,0.62 ,,,,,,,,,,,,,,,,,,
15,2.93,4.5,18930.65 ,0.62 ,,,,,,,,,,,,,,,,,,
15,3.33,4.5,19394.35 ,0.64 ,,,,,,,,,,,,,,,,,,
15,3.73,4.5,19858.06 ,0.65 ,,,,,,,,,,,,,,,,,,
15,1.12,3,12727.52 ,0.56 ,,,,,,,,,,,,,,,,,,
15,1.33,3,11747.39 ,0.55 ,,,,,,,,,,,,,,,,,,
15,1.33,3,12932.80 ,0.55 ,,,,,,,,,,,,,,,,,,
15,1.53,3,11924.98 ,0.55 ,,,,,,,,,,,,,,,,,,
15,1.53,3,13128.31 ,0.55 ,,,,,,,,,,,,,,,,,,
15,1.73,3,13323.82 ,0.54 ,,,,,,,,,,,,,,,,,,
15,1.93,3,12280.15 ,0.55 ,,,,,,,,,,,,,,,,,,
15,1.93,3,13519.32 ,0.54 ,,,,,,,,,,,,,,,,,,
15,2.13,3,12457.74 ,0.55 ,,,,,,,,,,,,,,,,,,
15,2.13,3,13714.83 ,0.55 ,,,,,,,,,,,,,,,,,,
15,2.33,3,12635.33 ,0.55 ,,,,,,,,,,,,,,,,,,
15,2.33,3,13910.34 ,0.55 ,,,,,,,,,,,,,,,,,,
15,2.53,3,12812.92 ,0.56 ,,,,,,,,,,,,,,,,,,
15,2.73,3,12990.50 ,0.56 ,,,,,,,,,,,,,,,,,,
15,2.73,3,14301.35 ,0.56 ,,,,,,,,,,,,,,,,,,
15,2.93,3,13168.09 ,0.57 ,,,,,,,,,,,,,,,,,,
15,3.13,3,13345.68 ,0.58 ,,,,,,,,,,,,,,,,,,
15,3.13,3,14692.37 ,0.58 ,,,,,,,,,,,,,,,,,,
15,3.33,3,13523.27 ,0.59 ,,,,,,,,,,,,,,,,,,
15,3.53,3,13700.85 ,0.59 ,,,,,,,,,,,,,,,,,,
15,3.53,3,15083.38 ,0.59 ,,,,,,,,,,,,,,,,,,
15,3.73,3,13878.44 ,0.60 ,,,,,,,,,,,,,,,,,,
15,3.93,3,14056.03 ,0.61 ,,,,,,,,,,,,,,,,,,
15,3.93,3,15474.39 ,0.61 ,,,,,,,,,,,,,,,,,,
15,4.13,3,14233.61 ,0.62 ,,,,,,,,,,,,,,,,,,
15,4.13,3,15669.90 ,0.61 ,,,,,,,,,,,,,,,,,,
15,4.33,3,15865.41 ,0.62 ,,,,,,,,,,,,,,,,,,
15,4.53,3,14588.79 ,0.63 ,,,,,,,,,,,,,,,,,,
15,4.53,3,16060.92 ,0.63 ,,,,,,,,,,,,,,,,,,
15,4.73,3,14766.38 ,0.63 ,,,,,,,,,,,,,,,,,,
15,4.93,3,14943.96 ,0.64 ,,,,,,,,,,,,,,,,,,
15,4.93,3,16451.93 ,0.64 ,,,,,,,,,,,,,,,,,,
15,5.13,3,15121.55 ,0.65 ,,,,,,,,,,,,,,,,,,
15,5.13,3,16647.44 ,0.64 ,,,,,,,,,,,,,,,,,,
15,5.33,3,15299.14 ,0.65 ,,,,,,,,,,,,,,,,,,
15,5.33,3,16842.95 ,0.65 ,,,,,,,,,,,,,,,,,,
15,5.53,3,15476.72 ,0.65 ,,,,,,,,,,,,,,,,,,
15,5.53,3,17038.45 ,0.65 ,,,,,,,,,,,,,,,,,,
15,5.73,3,15654.31 ,0.66 ,,,,,,,,,,,,,,,,,,
15,5.73,3,17233.96 ,0.66 ,,,,,,,,,,,,,,,,,,
15,5.93,3,15831.90 ,0.67 ,,,,,,,,,,,,,,,,,,
15,5.93,3,17429.47 ,0.66 ,,,,,,,,,,,,,,,,,,
15,6.13,3,16009.49 ,0.67 ,,,,,,,,,,,,,,,,,,
15,6.13,3,17624.97 ,0.67 ,,,,,,,,,,,,,,,,,,
15,6.33,3,16187.07 ,0.68 ,,,,,,,,,,,,,,,,,,
15,6.33,3,17820.48 ,0.68 ,,,,,,,,,,,,,,,,,,
15,6.53,3,16364.66 ,0.69 ,,,,,,,,,,,,,,,,,,
15,6.53,3,18015.99 ,0.68 ,,,,,,,,,,,,,,,,,,
15,6.73,3,16542.25 ,0.70 ,,,,,,,,,,,,,,,,,,
15,6.73,3,18211.50 ,0.69 ,,,,,,,,,,,,,,,,,,
15,6.93,3,16719.83 ,0.70 ,,,,,,,,,,,,,,,,,,
15,6.93,3,18407.00 ,0.70 ,,,,,,,,,,,,,,,,,,
15,7.13,3,16897.42 ,0.71 ,,,,,,,,,,,,,,,,,,
15,7.13,3,18602.51 ,0.70 ,,,,,,,,,,,,,,,,,,
15,7.33,3,18798.02 ,0.71 ,,,,,,,,,,,,,,,,,,
15,7.53,3,17252.60 ,0.72 ,,,,,,,,,,,,,,,,,,
15,7.53,3,18993.52 ,0.72 ,,,,,,,,,,,,,,,,,,
15,7.73,3,17430.18 ,0.73 ,,,,,,,,,,,,,,,,,,
15,7.93,3,17607.77 ,0.74 ,,,,,,,,,,,,,,,,,,
15,7.93,3,19384.54 ,0.73 ,,,,,,,,,,,,,,,,,,
15,8.13,3,17785.36 ,0.74 ,,,,,,,,,,,,,,,,,,
15,8.13,3,19580.05 ,0.74 ,,,,,,,,,,,,,,,,,,
15,8.33,3,17962.95 ,0.75 ,,,,,,,,,,,,,,,,,,
15,8.33,3,19775.55 ,0.74 ,,,,,,,,,,,,,,,,,,
15,8.53,3,18140.53 ,0.75 ,,,,,,,,,,,,,,,,,,
15,8.53,3,19971.06 ,0.75 ,,,,,,,,,,,,,,,,,,
15,8.73,3,18318.12 ,0.76 ,,,,,,,,,,,,,,,,,,
15,8.93,3,18495.71 ,0.76 ,,,,,,,,,,,,,,,,,,
15,1.12,4.5,17938.82 ,0.77 ,,,,,,,,,,,,,,,,,,
15,1.12,4.5,19414.05 ,0.76 ,,,,,,,,,,,,,,,,,,
15,1.33,4.5,18198.27 ,0.76 ,,,,,,,,,,,,,,,,,,
15,1.53,4.5,18445.36 ,0.75 ,,,,,,,,,,,,,,,,,,
15,1.73,4.5,18692.45 ,0.75 ,,,,,,,,,,,,,,,,,,
15,1.93,4.5,18939.54 ,0.75 ,,,,,,,,,,,,,,,,,,
15,2.33,4.5,19433.72 ,0.76 ,,,,,,,,,,,,,,,,,,
15,2.53,4.5,19680.81 ,0.77 ,,,,,,,,,,,,,,,,,,
15,2.73,4.5,19927.91 ,0.78 ,,,,,,,,,,,,,,,,,,
15,1.12,3,12144.22 ,0.66 ,,,,,,,,,,,,,,,,,,
15,1.12,3,13310.81 ,0.66 ,,,,,,,,,,,,,,,,,,
15,1.33,3,12340.10 ,0.65 ,,,,,,,,,,,,,,,,,,
15,1.33,3,13525.51 ,0.65 ,,,,,,,,,,,,,,,,,,
15,1.53,3,12526.64 ,0.65 ,,,,,,,,,,,,,,,,,,
15,1.53,3,13729.97 ,0.65 ,,,,,,,,,,,,,,,,,,
15,1.73,3,12713.19 ,0.65 ,,,,,,,,,,,,,,,,,,
15,1.73,3,13934.44 ,0.65 ,,,,,,,,,,,,,,,,,,
15,1.93,3,12899.74 ,0.65 ,,,,,,,,,,,,,,,,,,
15,1.93,3,14138.91 ,0.65 ,,,,,,,,,,,,,,,,,,
15,2.13,3,13086.29 ,0.66 ,,,,,,,,,,,,,,,,,,
15,2.13,3,14343.37 ,0.66 ,,,,,,,,,,,,,,,,,,
15,2.33,3,13272.83 ,0.66 ,,,,,,,,,,,,,,,,,,
15,2.33,3,14547.84 ,0.66 ,,,,,,,,,,,,,,,,,,
15,2.53,3,13459.38 ,0.67 ,,,,,,,,,,,,,,,,,,
15,2.53,3,14752.31 ,0.67 ,,,,,,,,,,,,,,,,,,
15,2.53,3,14752.31 ,0.67 ,,,,,,,,,,,,,,,,,,
15,2.73,3,13645.93 ,0.68 ,,,,,,,,,,,,,,,,,,
15,2.73,3,14956.78 ,0.69 ,,,,,,,,,,,,,,,,,,
15,2.93,3,13832.47 ,0.70 ,,,,,,,,,,,,,,,,,,
15,2.93,3,15161.24 ,0.70 ,,,,,,,,,,,,,,,,,,
15,3.13,3,14019.02 ,0.71 ,,,,,,,,,,,,,,,,,,
15,3.13,3,15365.71 ,0.71 ,,,,,,,,,,,,,,,,,,
15,3.33,3,14205.57 ,0.72 ,,,,,,,,,,,,,,,,,,
15,3.33,3,15570.18 ,0.72 ,,,,,,,,,,,,,,,,,,
15,3.53,3,14392.12 ,0.73 ,,,,,,,,,,,,,,,,,,
15,3.53,3,15774.64 ,0.73 ,,,,,,,,,,,,,,,,,,
15,3.73,3,14578.66 ,0.74 ,,,,,,,,,,,,,,,,,,
15,3.73,3,15979.11 ,0.74 ,,,,,,,,,,,,,,,,,,
15,3.73,3,15979.11 ,0.74 ,,,,,,,,,,,,,,,,,,
15,3.93,3,14765.21 ,0.75 ,,,,,,,,,,,,,,,,,,
15,3.93,3,16183.58 ,0.75 ,,,,,,,,,,,,,,,,,,
15,4.13,3,14951.76 ,0.76 ,,,,,,,,,,,,,,,,,,
15,4.13,3,16388.05 ,0.76 ,,,,,,,,,,,,,,,,,,
15,4.33,3,15138.31 ,0.77 ,,,,,,,,,,,,,,,,,,
15,1.12,4.5,19045.25 ,0.94 ,,,,,,,,,,,,,,,,,,
15,1.33,4.5,19320.69 ,0.94 ,,,,,,,,,,,,,,,,,,
15,1.53,4.5,19583.02 ,0.94 ,,,,,,,,,,,,,,,,,,
15,1.73,4.5,19845.36 ,0.95 ,,,,,,,,,,,,,,,,,,
15,7.33,4,14630.66 ,1.00 ,,,,,,,,,,,,,,,,,,
15,1.33,4,9596.94 ,0.77 ,,,,,,,,,,,,,,,,,,
15,1.33,4,10985.79 ,0.73 ,,,,,,,,,,,,,,,,,,
15,2.73,4,10541.12 ,0.60 ,,,,,,,,,,,,,,,,,,
15,2.73,4,12066.61 ,0.56 ,,,,,,,,,,,,,,,,,,
15,4.53,4,11755.07 ,0.54 ,,,,,,,,,,,,,,,,,,
15,4.53,4,13456.24 ,0.49 ,,,,,,,,,,,,,,,,,,
15,7.53,4,13778.32 ,0.54 ,,,,,,,,,,,,,,,,,,
15,7.53,4,15772.29 ,0.49 ,,,,,,,,,,,,,,,,,,
15,7.73,4,13913.20 ,0.55 ,,,,,,,,,,,,,,,,,,
15,7.73,4,15926.69 ,0.50 ,,,,,,,,,,,,,,,,,,
15,7.93,4,14048.09 ,0.56 ,,,,,,,,,,,,,,,,,,
15,1.33,6,14122.96 ,0.91 ,,,,,,,,,,,,,,,,,,
15,1.33,6,15966.68 ,0.86 ,,,,,,,,,,,,,,,,,,
15,2.73,6,15341.20 ,0.74 ,,,,,,,,,,,,,,,,,,
15,2.73,6,17343.97 ,0.68 ,,,,,,,,,,,,,,,,,,
15,4.53,6,16907.52 ,0.64 ,,,,,,,,,,,,,,,,,,
15,4.53,6,19114.77 ,0.59 ,,,,,,,,,,,,,,,,,,
15,7.53,6,19518.05 ,0.65 ,,,,,,,,,,,,,,,,,,
15,7.73,6,19692.08 ,0.66 ,,,,,,,,,,,,,,,,,,
15,2.53,4,12665.19 ,0.41 ,,,,,,,,,,,,,,,,,,
15,3.53,4,11882.44 ,0.42 ,,,,,,,,,,,,,,,,,,
15,3.53,4,13486.01 ,0.40 ,,,,,,,,,,,,,,,,,,
15,4.73,4,12750.30 ,0.42 ,,,,,,,,,,,,,,,,,,
15,4.73,4,14470.99 ,0.39 ,,,,,,,,,,,,,,,,,,
15,4.93,4,12894.94 ,0.43 ,,,,,,,,,,,,,,,,,,
15,4.93,4,14635.15 ,0.40 ,,,,,,,,,,,,,,,,,,
15,6.33,4,15784.29 ,0.41 ,,,,,,,,,,,,,,,,,,
15,6.53,4,14052.09 ,0.44 ,,,,,,,,,,,,,,,,,,
15,6.53,4,15948.45 ,0.41 ,,,,,,,,,,,,,,,,,,
15,6.73,4,14196.73 ,0.45 ,,,,,,,,,,,,,,,,,,
15,8.33,4,17425.92 ,0.43 ,,,,,,,,,,,,,,,,,,
15,8.53,4,15498.52 ,0.47 ,,,,,,,,,,,,,,,,,,
15,8.53,4,17590.09 ,0.44 ,,,,,,,,,,,,,,,,,,
15,8.73,4,15643.16 ,0.47 ,,,,,,,,,,,,,,,,,,
15,2.53,6,16652.20 ,0.53 ,,,,,,,,,,,,,,,,,,
15,2.53,6,18632.25 ,0.50 ,,,,,,,,,,,,,,,,,,
15,3.53,6,17607.58 ,0.51 ,,,,,,,,,,,,,,,,,,
15,3.53,6,19701.23 ,0.49 ,,,,,,,,,,,,,,,,,,
15,4.73,6,18754.03 ,0.51 ,,,,,,,,,,,,,,,,,,
15,4.93,6,18945.11 ,0.52 ,,,,,,,,,,,,,,,,,,
15,1.33,4,10985.79 ,0.49 ,,,,,,,,,,,,,,,,,,
15,1.33,4,12374.64 ,0.49 ,,,,,,,,,,,,,,,,,,
15,1.73,4,11294.59 ,0.46 ,,,,,,,,,,,,,,,,,,
15,2.13,4,11603.40 ,0.43 ,,,,,,,,,,,,,,,,,,
15,2.13,4,13070.33 ,0.43 ,,,,,,,,,,,,,,,,,,
15,2.73,4,12066.61 ,0.42 ,,,,,,,,,,,,,,,,,,
15,2.73,4,13592.10 ,0.42 ,,,,,,,,,,,,,,,,,,
15,3.33,4,12529.82 ,0.42 ,,,,,,,,,,,,,,,,,,
15,3.33,4,14113.87 ,0.42 ,,,,,,,,,,,,,,,,,,
15,3.93,4,14635.64 ,0.42 ,,,,,,,,,,,,,,,,,,
15,4.13,4,13147.43 ,0.44 ,,,,,,,,,,,,,,,,,,
15,4.13,4,14809.56 ,0.43 ,,,,,,,,,,,,,,,,,,
15,4.73,4,15331.33 ,0.43 ,,,,,,,,,,,,,,,,,,
15,4.93,4,13765.05 ,0.45 ,,,,,,,,,,,,,,,,,,
15,4.93,4,15505.25 ,0.44 ,,,,,,,,,,,,,,,,,,
15,5.73,4,16200.95 ,0.45 ,,,,,,,,,,,,,,,,,,
15,5.93,4,14537.06 ,0.47 ,,,,,,,,,,,,,,,,,,
15,5.93,4,16374.87 ,0.46 ,,,,,,,,,,,,,,,,,,
15,6.13,4,14691.46 ,0.48 ,,,,,,,,,,,,,,,,,,
15,6.93,4,17244.49 ,0.48 ,,,,,,,,,,,,,,,,,,
15,7.13,4,15463.48 ,0.50 ,,,,,,,,,,,,,,,,,,
15,7.13,4,17418.41 ,0.49 ,,,,,,,,,,,,,,,,,,
15,7.33,4,15617.88 ,0.51 ,,,,,,,,,,,,,,,,,,
15,8.13,4,18288.02 ,0.51 ,,,,,,,,,,,,,,,,,,
15,8.33,4,16389.90 ,0.53 ,,,,,,,,,,,,,,,,,,
15,8.33,4,18461.95 ,0.52 ,,,,,,,,,,,,,,,,,,
15,8.53,4,16544.30 ,0.54 ,,,,,,,,,,,,,,,,,,
15,8.53,4,18635.87 ,0.52 ,,,,,,,,,,,,,,,,,,
15,8.73,4,16698.71 ,0.54 ,,,,,,,,,,,,,,,,,,
15,1.33,6,16888.55 ,0.62 ,,,,,,,,,,,,,,,,,,
15,1.73,6,17304.78 ,0.58 ,,,,,,,,,,,,,,,,,,
15,2.13,6,17721.01 ,0.55 ,,,,,,,,,,,,,,,,,,
15,2.53,6,18137.24 ,0.54 ,,,,,,,,,,,,,,,,,,
15,3.13,6,18761.59 ,0.54 ,,,,,,,,,,,,,,,,,,
15,3.73,6,19385.93 ,0.54 ,,,,,,,,,,,,,,,,,,
15,3.93,6,19594.05 ,0.55 ,,,,,,,,,,,,,,,,,,
15,1.53,4,11844.37 ,0.51 ,,,,,,,,,,,,,,,,,,
15,1.73,4,12008.54 ,0.51 ,,,,,,,,,,,,,,,,,,
15,1.73,4,13436.43 ,0.50 ,,,,,,,,,,,,,,,,,,
15,2.13,4,12336.86 ,0.51 ,,,,,,,,,,,,,,,,,,
15,2.13,4,13803.79 ,0.51 ,,,,,,,,,,,,,,,,,,
15,2.53,4,12665.19 ,0.51 ,,,,,,,,,,,,,,,,,,
15,2.53,4,14171.16 ,0.51 ,,,,,,,,,,,,,,,,,,
15,2.93,4,12993.52 ,0.52 ,,,,,,,,,,,,,,,,,,
15,2.93,4,14538.53 ,0.52 ,,,,,,,,,,,,,,,,,,
15,3.33,4,14905.89 ,0.53 ,,,,,,,,,,,,,,,,,,
15,3.53,4,13486.01 ,0.53 ,,,,,,,,,,,,,,,,,,
15,3.73,4,15273.26 ,0.54 ,,,,,,,,,,,,,,,,,,
15,3.93,4,13814.33 ,0.54 ,,,,,,,,,,,,,,,,,,
15,3.93,4,15456.94 ,0.54 ,,,,,,,,,,,,,,,,,,
15,4.33,4,15824.31 ,0.55 ,,,,,,,,,,,,,,,,,,
15,4.53,4,14306.82 ,0.56 ,,,,,,,,,,,,,,,,,,
15,4.53,4,16007.99 ,0.56 ,,,,,,,,,,,,,,,,,,
15,4.73,4,14470.99 ,0.56 ,,,,,,,,,,,,,,,,,,
15,5.13,4,14799.31 ,0.57 ,,,,,,,,,,,,,,,,,,
15,5.13,4,16559.04 ,0.57 ,,,,,,,,,,,,,,,,,,
15,5.33,4,14963.48 ,0.58 ,,,,,,,,,,,,,,,,,,
15,5.33,4,16742.72 ,0.58 ,,,,,,,,,,,,,,,,,,
15,5.53,4,15127.64 ,0.58 ,,,,,,,,,,,,,,,,,,
15,5.73,4,17110.09 ,0.59 ,,,,,,,,,,,,,,,,,,
15,5.93,4,15455.97 ,0.59 ,,,,,,,,,,,,,,,,,,
15,5.93,4,17293.77 ,0.59 ,,,,,,,,,,,,,,,,,,
15,6.13,4,15620.13 ,0.60 ,,,,,,,,,,,,,,,,,,
15,6.13,4,17477.46 ,0.60 ,,,,,,,,,,,,,,,,,,
15,6.33,4,15784.29 ,0.61 ,,,,,,,,,,,,,,,,,,
15,6.53,4,17844.82 ,0.61 ,,,,,,,,,,,,,,,,,,
15,6.73,4,18028.51 ,0.62 ,,,,,,,,,,,,,,,,,,
15,6.93,4,16276.78 ,0.62 ,,,,,,,,,,,,,,,,,,
15,6.93,4,18212.19 ,0.62 ,,,,,,,,,,,,,,,,,,
15,7.13,4,16440.94 ,0.63 ,,,,,,,,,,,,,,,,,,
15,7.53,4,18763.24 ,0.64 ,,,,,,,,,,,,,,,,,,
15,7.73,4,16933.43 ,0.65 ,,,,,,,,,,,,,,,,,,
15,7.73,4,18946.92 ,0.65 ,,,,,,,,,,,,,,,,,,
15,7.93,4,17097.60 ,0.66 ,,,,,,,,,,,,,,,,,,
15,8.13,4,17261.76 ,0.66 ,,,,,,,,,,,,,,,,,,
15,8.33,4,19497.97 ,0.66 ,,,,,,,,,,,,,,,,,,
15,8.53,4,17590.09 ,0.67 ,,,,,,,,,,,,,,,,,,
15,8.53,4,19681.65 ,0.67 ,,,,,,,,,,,,,,,,,,
15,8.73,4,17754.25 ,0.68 ,,,,,,,,,,,,,,,,,,
15,8.73,4,19865.34 ,0.67 ,,,,,,,,,,,,,,,,,,
15,8.93,4,17918.41 ,0.68 ,,,,,,,,,,,,,,,,,,
15,1.12,6,18034.93 ,0.68 ,,,,,,,,,,,,,,,,,,
15,1.33,6,18271.34 ,0.67 ,,,,,,,,,,,,,,,,,,
15,1.53,6,18496.50 ,0.66 ,,,,,,,,,,,,,,,,,,
15,1.93,6,18946.81 ,0.65 ,,,,,,,,,,,,,,,,,,
15,2.33,6,19397.12 ,0.65 ,,,,,,,,,,,,,,,,,,
15,2.73,6,19847.43 ,0.66 ,,,,,,,,,,,,,,,,,,
15,1.12,4,13560.37 ,0.63 ,,,,,,,,,,,,,,,,,,
15,1.33,4,12374.64 ,0.63 ,,,,,,,,,,,,,,,,,,
15,1.33,4,13763.48 ,0.63 ,,,,,,,,,,,,,,,,,,
15,1.53,4,12548.56 ,0.63 ,,,,,,,,,,,,,,,,,,
15,1.53,4,13956.93 ,0.63 ,,,,,,,,,,,,,,,,,,
15,1.73,4,12722.48 ,0.63 ,,,,,,,,,,,,,,,,,,
15,1.73,4,14150.37 ,0.63 ,,,,,,,,,,,,,,,,,,
15,1.93,4,12896.41 ,0.63 ,,,,,,,,,,,,,,,,,,
15,1.93,4,14343.81 ,0.63 ,,,,,,,,,,,,,,,,,,
15,2.13,4,13070.33 ,0.64 ,,,,,,,,,,,,,,,,,,
15,2.13,4,14537.26 ,0.63 ,,,,,,,,,,,,,,,,,,
15,2.33,4,13244.25 ,0.64 ,,,,,,,,,,,,,,,,,,
15,2.33,4,14730.70 ,0.64 ,,,,,,,,,,,,,,,,,,
15,2.53,4,14924.14 ,0.64 ,,,,,,,,,,,,,,,,,,
15,2.73,4,13592.10 ,0.64 ,,,,,,,,,,,,,,,,,,
15,2.73,4,15117.59 ,0.64 ,,,,,,,,,,,,,,,,,,
15,2.93,4,13766.02 ,0.65 ,,,,,,,,,,,,,,,,,,
15,2.93,4,15311.03 ,0.65 ,,,,,,,,,,,,,,,,,,
15,3.13,4,13939.94 ,0.66 ,,,,,,,,,,,,,,,,,,
15,3.13,4,15504.47 ,0.66 ,,,,,,,,,,,,,,,,,,
15,3.33,4,14113.87 ,0.67 ,,,,,,,,,,,,,,,,,,
15,3.33,4,15697.92 ,0.67 ,,,,,,,,,,,,,,,,,,
15,3.53,4,14287.79 ,0.68 ,,,,,,,,,,,,,,,,,,
15,3.53,4,15891.36 ,0.68 ,,,,,,,,,,,,,,,,,,
15,3.73,4,16084.80 ,0.69 ,,,,,,,,,,,,,,,,,,
15,3.93,4,14635.64 ,0.69 ,,,,,,,,,,,,,,,,,,
15,3.93,4,16278.25 ,0.70 ,,,,,,,,,,,,,,,,,,
15,4.13,4,14809.56 ,0.70 ,,,,,,,,,,,,,,,,,,
15,4.33,4,14983.48 ,0.71 ,,,,,,,,,,,,,,,,,,
15,4.33,4,16665.13 ,0.71 ,,,,,,,,,,,,,,,,,,
15,4.53,4,15157.41 ,0.71 ,,,,,,,,,,,,,,,,,,
15,4.53,4,16858.57 ,0.72 ,,,,,,,,,,,,,,,,,,
15,4.73,4,15331.33 ,0.72 ,,,,,,,,,,,,,,,,,,
15,4.73,4,17052.02 ,0.72 ,,,,,,,,,,,,,,,,,,
15,4.93,4,15505.25 ,0.73 ,,,,,,,,,,,,,,,,,,
15,4.93,4,17245.46 ,0.73 ,,,,,,,,,,,,,,,,,,
15,5.13,4,15679.18 ,0.73 ,,,,,,,,,,,,,,,,,,
15,5.13,4,17438.90 ,0.73 ,,,,,,,,,,,,,,,,,,
15,5.33,4,15853.10 ,0.74 ,,,,,,,,,,,,,,,,,,
15,5.33,4,17632.35 ,0.74 ,,,,,,,,,,,,,,,,,,
15,5.53,4,16027.02 ,0.74 ,,,,,,,,,,,,,,,,,,
15,5.53,4,17825.79 ,0.75 ,,,,,,,,,,,,,,,,,,
15,5.73,4,16200.95 ,0.75 ,,,,,,,,,,,,,,,,,,
15,5.73,4,18019.23 ,0.75 ,,,,,,,,,,,,,,,,,,
15,5.93,4,16374.87 ,0.75 ,,,,,,,,,,,,,,,,,,
15,5.93,4,18212.68 ,0.76 ,,,,,,,,,,,,,,,,,,
15,6.13,4,16548.79 ,0.76 ,,,,,,,,,,,,,,,,,,
15,6.13,4,18406.12 ,0.76 ,,,,,,,,,,,,,,,,,,
15,6.33,4,16722.72 ,0.77 ,,,,,,,,,,,,,,,,,,
15,6.33,4,18599.56 ,0.77 ,,,,,,,,,,,,,,,,,,
15,6.53,4,16896.64 ,0.78 ,,,,,,,,,,,,,,,,,,
15,6.53,4,18793.01 ,0.78 ,,,,,,,,,,,,,,,,,,
15,6.73,4,17070.56 ,0.78 ,,,,,,,,,,,,,,,,,,
15,6.73,4,18986.45 ,0.79 ,,,,,,,,,,,,,,,,,,
15,6.93,4,17244.49 ,0.79 ,,,,,,,,,,,,,,,,,,
15,6.93,4,19179.89 ,0.79 ,,,,,,,,,,,,,,,,,,
15,7.13,4,17418.41 ,0.80 ,,,,,,,,,,,,,,,,,,
15,7.13,4,19373.34 ,0.80 ,,,,,,,,,,,,,,,,,,
15,7.33,4,17592.33 ,0.81 ,,,,,,,,,,,,,,,,,,
15,7.33,4,19566.78 ,0.81 ,,,,,,,,,,,,,,,,,,
15,7.53,4,17766.25 ,0.81 ,,,,,,,,,,,,,,,,,,
15,7.53,4,19760.22 ,0.82 ,,,,,,,,,,,,,,,,,,
15,7.73,4,17940.18 ,0.82 ,,,,,,,,,,,,,,,,,,
15,7.73,4,19953.67 ,0.82 ,,,,,,,,,,,,,,,,,,
15,7.93,4,18114.10 ,0.82 ,,,,,,,,,,,,,,,,,,
15,8.13,4,18288.02 ,0.83 ,,,,,,,,,,,,,,,,,,
15,1.12,6,19399.84 ,0.83 ,,,,,,,,,,,,,,,,,,
15,1.33,6,19654.14 ,0.83 ,,,,,,,,,,,,,,,,,,
15,1.53,6,19896.34 ,0.83 ,,,,,,,,,,,,,,,,,,
15,1.12,4,12876.19 ,0.78 ,,,,,,,,,,,,,,,,,,
15,1.12,4,14244.54 ,0.78 ,,,,,,,,,,,,,,,,,,
15,1.33,4,13069.06 ,0.78 ,,,,,,,,,,,,,,,,,,
15,1.33,4,14457.91 ,0.78 ,,,,,,,,,,,,,,,,,,
15,1.53,4,13252.74 ,0.77 ,,,,,,,,,,,,,,,,,,
15,1.53,4,14661.11 ,0.78 ,,,,,,,,,,,,,,,,,,
15,1.53,4,14661.11 ,0.78 ,,,,,,,,,,,,,,,,,,
15,1.73,4,13436.43 ,0.77 ,,,,,,,,,,,,,,,,,,
15,1.73,4,14864.31 ,0.78 ,,,,,,,,,,,,,,,,,,
15,2.73,5,11256.78 ,0.86 ,,,,,,,,,,,,,,,,,,
15,2.73,5,13012.91 ,0.78 ,,,,,,,,,,,,,,,,,,
15,5.93,5,13422.85 ,0.76 ,,,,,,,,,,,,,,,,,,
15,5.93,5,15516.90 ,0.67 ,,,,,,,,,,,,,,,,,,
15,5.93,7.5,19380.12 ,0.90 ,,,,,,,,,,,,,,,,,,
15,2.53,5,11988.91 ,0.50 ,,,,,,,,,,,,,,,,,,
15,3.53,5,12718.60 ,0.47 ,,,,,,,,,,,,,,,,,,
15,3.53,5,14559.21 ,0.44 ,,,,,,,,,,,,,,,,,,
15,4.93,5,15728.62 ,0.44 ,,,,,,,,,,,,,,,,,,
15,5.13,5,13886.11 ,0.48 ,,,,,,,,,,,,,,,,,,
15,5.13,5,15895.68 ,0.45 ,,,,,,,,,,,,,,,,,,
15,6.73,5,17232.16 ,0.45 ,,,,,,,,,,,,,,,,,,
15,6.93,5,15199.57 ,0.50 ,,,,,,,,,,,,,,,,,,
15,6.93,5,17399.22 ,0.46 ,,,,,,,,,,,,,,,,,,
15,7.13,5,15345.51 ,0.50 ,,,,,,,,,,,,,,,,,,
15,2.53,7.5,18212.48 ,0.61 ,,,,,,,,,,,,,,,,,,
15,3.53,7.5,19174.57 ,0.57 ,,,,,,,,,,,,,,,,,,
15,1.53,5,13703.32 ,0.51 ,,,,,,,,,,,,,,,,,,
15,1.93,5,14058.56 ,0.48 ,,,,,,,,,,,,,,,,,,
15,2.13,5,12543.41 ,0.50 ,,,,,,,,,,,,,,,,,,
15,2.53,5,14591.42 ,0.47 ,,,,,,,,,,,,,,,,,,
15,2.73,5,13012.91 ,0.48 ,,,,,,,,,,,,,,,,,,
15,3.13,5,15124.27 ,0.47 ,,,,,,,,,,,,,,,,,,
15,3.33,5,13482.41 ,0.49 ,,,,,,,,,,,,,,,,,,
15,3.93,5,13951.90 ,0.49 ,,,,,,,,,,,,,,,,,,
15,3.93,5,15834.75 ,0.48 ,,,,,,,,,,,,,,,,,,
15,4.53,5,16367.61 ,0.49 ,,,,,,,,,,,,,,,,,,
15,4.73,5,14577.90 ,0.51 ,,,,,,,,,,,,,,,,,,
15,4.73,5,16545.23 ,0.50 ,,,,,,,,,,,,,,,,,,
15,4.93,5,14734.40 ,0.52 ,,,,,,,,,,,,,,,,,,
15,5.53,5,17255.71 ,0.52 ,,,,,,,,,,,,,,,,,,
15,5.73,5,15360.40 ,0.54 ,,,,,,,,,,,,,,,,,,
15,5.73,5,17433.32 ,0.53 ,,,,,,,,,,,,,,,,,,
15,5.93,5,15516.90 ,0.55 ,,,,,,,,,,,,,,,,,,
15,6.73,5,18321.42 ,0.55 ,,,,,,,,,,,,,,,,,,
15,6.93,5,16299.39 ,0.57 ,,,,,,,,,,,,,,,,,,
15,6.93,5,18499.04 ,0.56 ,,,,,,,,,,,,,,,,,,
15,7.13,5,16455.89 ,0.58 ,,,,,,,,,,,,,,,,,,
15,7.93,5,19387.14 ,0.58 ,,,,,,,,,,,,,,,,,,
15,8.13,5,17238.39 ,0.60 ,,,,,,,,,,,,,,,,,,
15,8.13,5,19564.75 ,0.59 ,,,,,,,,,,,,,,,,,,
15,8.33,5,17394.89 ,0.61 ,,,,,,,,,,,,,,,,,,
15,8.33,5,19742.37 ,0.59 ,,,,,,,,,,,,,,,,,,
15,8.53,5,17551.39 ,0.62 ,,,,,,,,,,,,,,,,,,
15,2.53,7.5,19995.68 ,0.59 ,,,,,,,,,,,,,,,,,,
15,1.12,5,14132.26 ,0.62 ,,,,,,,,,,,,,,,,,,
15,1.33,5,12721.56 ,0.61 ,,,,,,,,,,,,,,,,,,
15,1.33,5,14329.85 ,0.61 ,,,,,,,,,,,,,,,,,,
15,1.53,5,14518.03 ,0.60 ,,,,,,,,,,,,,,,,,,
15,1.73,5,13055.68 ,0.61 ,,,,,,,,,,,,,,,,,,
15,1.93,5,13222.74 ,0.61 ,,,,,,,,,,,,,,,,,,
15,1.93,5,14894.38 ,0.61 ,,,,,,,,,,,,,,,,,,
15,2.13,5,15082.56 ,0.61 ,,,,,,,,,,,,,,,,,,
15,2.33,5,13556.85 ,0.62 ,,,,,,,,,,,,,,,,,,
15,2.53,5,13723.91 ,0.62 ,,,,,,,,,,,,,,,,,,
15,2.53,5,15458.92 ,0.62 ,,,,,,,,,,,,,,,,,,
15,2.73,5,13890.97 ,0.63 ,,,,,,,,,,,,,,,,,,
15,2.93,5,14058.03 ,0.63 ,,,,,,,,,,,,,,,,,,
15,2.93,5,15835.28 ,0.63 ,,,,,,,,,,,,,,,,,,
15,3.13,5,14225.09 ,0.63 ,,,,,,,,,,,,,,,,,,
15,3.33,5,16211.64 ,0.64 ,,,,,,,,,,,,,,,,,,
15,3.53,5,14559.21 ,0.65 ,,,,,,,,,,,,,,,,,,
15,3.53,5,16399.82 ,0.65 ,,,,,,,,,,,,,,,,,,
15,3.93,5,14893.33 ,0.66 ,,,,,,,,,,,,,,,,,,
15,3.93,5,16776.18 ,0.66 ,,,,,,,,,,,,,,,,,,
15,4.13,5,15060.39 ,0.67 ,,,,,,,,,,,,,,,,,,
15,4.33,5,17152.53 ,0.67 ,,,,,,,,,,,,,,,,,,
15,4.53,5,15394.51 ,0.69 ,,,,,,,,,,,,,,,,,,
15,4.53,5,17340.71 ,0.68 ,,,,,,,,,,,,,,,,,,
15,4.73,5,15561.56 ,0.69 ,,,,,,,,,,,,,,,,,,
15,4.93,5,17717.07 ,0.69 ,,,,,,,,,,,,,,,,,,
15,5.13,5,15895.68 ,0.71 ,,,,,,,,,,,,,,,,,,
15,5.13,5,17905.25 ,0.70 ,,,,,,,,,,,,,,,,,,
15,5.33,5,16062.74 ,0.71 ,,,,,,,,,,,,,,,,,,
15,5.53,5,16229.80 ,0.72 ,,,,,,,,,,,,,,,,,,
15,5.53,5,18281.61 ,0.71 ,,,,,,,,,,,,,,,,,,
15,5.73,5,18469.79 ,0.72 ,,,,,,,,,,,,,,,,,,
15,5.93,5,16563.92 ,0.73 ,,,,,,,,,,,,,,,,,,
15,5.93,5,18657.97 ,0.73 ,,,,,,,,,,,,,,,,,,
15,6.13,5,16730.98 ,0.74 ,,,,,,,,,,,,,,,,,,
15,6.33,5,19034.33 ,0.74 ,,,,,,,,,,,,,,,,,,
15,6.53,5,17065.10 ,0.76 ,,,,,,,,,,,,,,,,,,
15,6.53,5,19222.51 ,0.75 ,,,,,,,,,,,,,,,,,,
15,6.73,5,17232.16 ,0.76 ,,,,,,,,,,,,,,,,,,
15,6.73,5,19410.68 ,0.76 ,,,,,,,,,,,,,,,,,,
15,6.93,5,17399.22 ,0.77 ,,,,,,,,,,,,,,,,,,
15,7.13,5,17566.27 ,0.78 ,,,,,,,,,,,,,,,,,,
15,7.13,5,19787.04 ,0.77 ,,,,,,,,,,,,,,,,,,
15,7.33,5,19975.22 ,0.78 ,,,,,,,,,,,,,,,,,,
15,7.53,5,17900.39 ,0.79 ,,,,,,,,,,,,,,,,,,
15,7.73,5,18067.45 ,0.80 ,,,,,,,,,,,,,,,,,,
15,7.93,5,18234.51 ,0.81 ,,,,,,,,,,,,,,,,,,
15,8.33,5,18568.63 ,0.82 ,,,,,,,,,,,,,,,,,,
15,8.53,5,18735.69 ,0.83 ,,,,,,,,,,,,,,,,,,
15,8.73,5,18902.75 ,0.84 ,,,,,,,,,,,,,,,,,,
15,1.12,5,13339.20 ,0.80 ,,,,,,,,,,,,,,,,,,
15,1.12,5,14925.31 ,0.80 ,,,,,,,,,,,,,,,,,,
15,1.33,5,13525.70 ,0.79 ,,,,,,,,,,,,,,,,,,
15,1.33,5,15133.99 ,0.80 ,,,,,,,,,,,,,,,,,,
15,1.53,5,13703.32 ,0.80 ,,,,,,,,,,,,,,,,,,
15,1.53,5,15332.73 ,0.80 ,,,,,,,,,,,,,,,,,,
15,1.73,5,13880.94 ,0.80 ,,,,,,,,,,,,,,,,,,
15,1.73,5,15531.47 ,0.81 ,,,,,,,,,,,,,,,,,,
15,1.93,5,14058.56 ,0.81 ,,,,,,,,,,,,,,,,,,
15,1.93,5,15730.21 ,0.81 ,,,,,,,,,,,,,,,,,,
15,2.13,5,14236.18 ,0.81 ,,,,,,,,,,,,,,,,,,
15,2.13,5,15928.95 ,0.82 ,,,,,,,,,,,,,,,,,,
15,2.33,5,14413.80 ,0.82 ,,,,,,,,,,,,,,,,,,
15,2.33,5,16127.69 ,0.83 ,,,,,,,,,,,,,,,,,,
15,2.53,5,14591.42 ,0.82 ,,,,,,,,,,,,,,,,,,
15,2.53,5,16326.43 ,0.83 ,,,,,,,,,,,,,,,,,,
15,2.73,5,14769.04 ,0.83 ,,,,,,,,,,,,,,,,,,
15,2.73,5,16525.16 ,0.84 ,,,,,,,,,,,,,,,,,,
15,2.93,5,14946.66 ,0.84 ,,,,,,,,,,,,,,,,,,
15,2.93,5,16723.90 ,0.85 ,,,,,,,,,,,,,,,,,,
15,3.13,5,15124.27 ,0.85 ,,,,,,,,,,,,,,,,,,
15,3.13,5,16922.64 ,0.86 ,,,,,,,,,,,,,,,,,,
15,3.33,5,15301.89 ,0.86 ,,,,,,,,,,,,,,,,,,
15,3.33,5,17121.38 ,0.87 ,,,,,,,,,,,,,,,,,,
15,3.53,5,15479.51 ,0.87 ,,,,,,,,,,,,,,,,,,
15,3.53,5,17320.12 ,0.87 ,,,,,,,,,,,,,,,,,,
15,3.73,5,15657.13 ,0.88 ,,,,,,,,,,,,,,,,,,
15,3.73,5,17518.86 ,0.89 ,,,,,,,,,,,,,,,,,,
15,3.93,5,15834.75 ,0.89 ,,,,,,,,,,,,,,,,,,
15,1.33,6,11818.30 ,0.83 ,,,,,,,,,,,,,,,,,,
15,2.73,6,12837.74 ,0.67 ,,,,,,,,,,,,,,,,,,
15,4.53,6,14148.46 ,0.61 ,,,,,,,,,,,,,,,,,,
15,4.53,6,16355.71 ,0.55 ,,,,,,,,,,,,,,,,,,
15,7.33,6,18712.68 ,0.55 ,,,,,,,,,,,,,,,,,,
15,7.53,6,16332.99 ,0.62 ,,,,,,,,,,,,,,,,,,
15,7.53,6,18881.04 ,0.56 ,,,,,,,,,,,,,,,,,,
15,7.73,6,16478.62 ,0.63 ,,,,,,,,,,,,,,,,,,
15,1.33,9,18284.19 ,0.99 ,,,,,,,,,,,,,,,,,,
15,2.73,9,19615.33 ,0.82 ,,,,,,,,,,,,,,,,,,
15,1.33,6,12740.16 ,0.60 ,,,,,,,,,,,,,,,,,,
15,2.33,6,15482.46 ,0.50 ,,,,,,,,,,,,,,,,,,
15,3.13,6,14153.12 ,0.51 ,,,,,,,,,,,,,,,,,,
15,3.13,6,16201.33 ,0.49 ,,,,,,,,,,,,,,,,,,
15,3.93,6,14781.10 ,0.52 ,,,,,,,,,,,,,,,,,,
15,3.93,6,16920.19 ,0.50 ,,,,,,,,,,,,,,,,,,
15,4.73,6,17639.05 ,0.50 ,,,,,,,,,,,,,,,,,,
15,4.93,6,15566.07 ,0.53 ,,,,,,,,,,,,,,,,,,
15,4.93,6,17818.76 ,0.51 ,,,,,,,,,,,,,,,,,,
15,5.13,6,15723.07 ,0.54 ,,,,,,,,,,,,,,,,,,
15,6.13,6,16508.05 ,0.55 ,,,,,,,,,,,,,,,,,,
15,6.13,6,18897.05 ,0.53 ,,,,,,,,,,,,,,,,,,
15,6.33,6,16665.04 ,0.56 ,,,,,,,,,,,,,,,,,,
15,6.33,6,19076.77 ,0.54 ,,,,,,,,,,,,,,,,,,
15,6.53,6,16822.04 ,0.57 ,,,,,,,,,,,,,,,,,,
15,7.73,6,17764.01 ,0.59 ,,,,,,,,,,,,,,,,,,
15,7.93,6,17921.00 ,0.60 ,,,,,,,,,,,,,,,,,,
15,8.13,6,18078.00 ,0.61 ,,,,,,,,,,,,,,,,,,
15,1.12,6,13485.25 ,0.70 ,,,,,,,,,,,,,,,,,,
15,1.12,6,15305.12 ,0.68 ,,,,,,,,,,,,,,,,,,
15,1.33,6,13662.02 ,0.68 ,,,,,,,,,,,,,,,,,,
15,1.53,6,13830.38 ,0.66 ,,,,,,,,,,,,,,,,,,
15,1.53,6,15696.83 ,0.65 ,,,,,,,,,,,,,,,,,,
15,1.73,6,15887.90 ,0.65 ,,,,,,,,,,,,,,,,,,
15,1.93,6,14167.09 ,0.66 ,,,,,,,,,,,,,,,,,,
15,2.13,6,16270.05 ,0.65 ,,,,,,,,,,,,,,,,,,
15,2.33,6,14503.80 ,0.66 ,,,,,,,,,,,,,,,,,,
15,2.53,6,16652.20 ,0.66 ,,,,,,,,,,,,,,,,,,
15,2.73,6,14840.51 ,0.67 ,,,,,,,,,,,,,,,,,,
15,2.93,6,17034.35 ,0.67 ,,,,,,,,,,,,,,,,,,
15,3.13,6,15177.22 ,0.68 ,,,,,,,,,,,,,,,,,,
15,3.13,6,17225.43 ,0.67 ,,,,,,,,,,,,,,,,,,
15,3.53,6,15513.93 ,0.69 ,,,,,,,,,,,,,,,,,,
15,3.53,6,17607.58 ,0.69 ,,,,,,,,,,,,,,,,,,
15,3.73,6,15682.29 ,0.70 ,,,,,,,,,,,,,,,,,,
15,3.93,6,17989.73 ,0.70 ,,,,,,,,,,,,,,,,,,
15,4.13,6,16019.00 ,0.72 ,,,,,,,,,,,,,,,,,,
15,4.13,6,18180.81 ,0.71 ,,,,,,,,,,,,,,,,,,
15,4.33,6,16187.35 ,0.73 ,,,,,,,,,,,,,,,,,,
15,4.53,6,18562.96 ,0.72 ,,,,,,,,,,,,,,,,,,
15,4.73,6,16524.06 ,0.74 ,,,,,,,,,,,,,,,,,,
15,4.73,6,18754.03 ,0.73 ,,,,,,,,,,,,,,,,,,
15,4.93,6,16692.42 ,0.75 ,,,,,,,,,,,,,,,,,,
15,5.33,6,19327.26 ,0.75 ,,,,,,,,,,,,,,,,,,
15,5.53,6,17197.48 ,0.77 ,,,,,,,,,,,,,,,,,,
15,5.53,6,19518.33 ,0.76 ,,,,,,,,,,,,,,,,,,
15,5.73,6,17365.84 ,0.78 ,,,,,,,,,,,,,,,,,,
15,5.93,6,19900.48 ,0.77 ,,,,,,,,,,,,,,,,,,
15,6.33,6,17870.90 ,0.79 ,,,,,,,,,,,,,,,,,,
15,6.53,6,18039.26 ,0.80 ,,,,,,,,,,,,,,,,,,
15,7.13,6,18544.33 ,0.83 ,,,,,,,,,,,,,,,,,,
15,7.33,6,18712.68 ,0.84 ,,,,,,,,,,,,,,,,,,
15,7.93,6,19217.75 ,0.86 ,,,,,,,,,,,,,,,,,,
15,8.13,6,19386.10 ,0.87 ,,,,,,,,,,,,,,,,,,
15,8.33,6,19554.46 ,0.88 ,,,,,,,,,,,,,,,,,,
15,8.73,6,19891.17 ,0.89 ,,,,,,,,,,,,,,,,,,
15,1.12,6,14395.19 ,0.92 ,,,,,,,,,,,,,,,,,,
15,1.12,6,16215.06 ,0.92 ,,,,,,,,,,,,,,,,,,
15,1.33,6,14583.89 ,0.92 ,,,,,,,,,,,,,,,,,,
15,1.33,6,16427.62 ,0.92 ,,,,,,,,,,,,,,,,,,
15,1.53,6,14763.60 ,0.92 ,,,,,,,,,,,,,,,,,,
15,1.53,6,16630.05 ,0.92 ,,,,,,,,,,,,,,,,,,
15,1.73,6,14943.32 ,0.93 ,,,,,,,,,,,,,,,,,,
15,1.73,6,16832.49 ,0.92 ,,,,,,,,,,,,,,,,,,
15,1.93,6,15123.03 ,0.93 ,,,,,,,,,,,,,,,,,,
15,1.93,6,17034.92 ,0.93 ,,,,,,,,,,,,,,,,,,
15,2.13,6,15302.75 ,0.94 ,,,,,,,,,,,,,,,,,,
15,2.13,6,17237.36 ,0.94 ,,,,,,,,,,,,,,,,,,
15,2.33,6,15482.46 ,0.95 ,,,,,,,,,,,,,,,,,,
15,2.33,6,15482.46 ,0.95 ,,,,,,,,,,,,,,,,,,
15,2.33,6,17439.79 ,0.95 ,,,,,,,,,,,,,,,,,,
15,2.53,6,15662.18 ,0.95 ,,,,,,,,,,,,,,,,,,
15,2.53,6,17642.23 ,0.96 ,,,,,,,,,,,,,,,,,,
15,2.73,6,15841.89 ,0.96 ,,,,,,,,,,,,,,,,,,
15,2.73,6,17844.66 ,0.97 ,,,,,,,,,,,,,,,,,,
15,2.93,6,16021.61 ,0.97 ,,,,,,,,,,,,,,,,,,
15,2.93,6,16021.61 ,0.97 ,,,,,,,,,,,,,,,,,,
15,2.93,6,18047.10 ,0.97 ,,,,,,,,,,,,,,,,,,
15,3.13,6,16201.33 ,0.98 ,,,,,,,,,,,,,,,,,,
15,3.13,6,18249.53 ,0.98 ,,,,,,,,,,,,,,,,,,
15,3.33,6,16381.04 ,0.99 ,,,,,,,,,,,,,,,,,,
15,3.33,6,16381.04 ,0.99 ,,,,,,,,,,,,,,,,,,
15,3.33,6,18451.97 ,0.99 ,,,,,,,,,,,,,,,,,,
15,3.53,6,16560.76 ,1.00 ,,,,,,,,,,,,,,,,,,
15,1.33,7,13430.03 ,0.71 ,,,,,,,,,,,,,,,,,,
15,3.53,7,15144.83 ,0.57 ,,,,,,,,,,,,,,,,,,
15,3.53,7,17507.52 ,0.53 ,,,,,,,,,,,,,,,,,,
15,4.93,7,18769.00 ,0.51 ,,,,,,,,,,,,,,,,,,
15,5.13,7,16391.96 ,0.57 ,,,,,,,,,,,,,,,,,,
15,7.13,7,17950.87 ,0.58 ,,,,,,,,,,,,,,,,,,
15,7.33,7,18106.76 ,0.59 ,,,,,,,,,,,,,,,,,,
15,1.12,7,14301.16 ,0.72 ,,,,,,,,,,,,,,,,,,
15,1.33,7,14477.61 ,0.69 ,,,,,,,,,,,,,,,,,,
15,1.33,7,16572.78 ,0.67 ,,,,,,,,,,,,,,,,,,
15,1.73,7,14813.71 ,0.66 ,,,,,,,,,,,,,,,,,,
15,1.93,7,17149.89 ,0.63 ,,,,,,,,,,,,,,,,,,
15,2.13,7,15149.82 ,0.64 ,,,,,,,,,,,,,,,,,,
15,2.53,7,17727.01 ,0.62 ,,,,,,,,,,,,,,,,,,
15,2.73,7,15653.97 ,0.64 ,,,,,,,,,,,,,,,,,,
15,3.13,7,15990.07 ,0.63 ,,,,,,,,,,,,,,,,,,
15,3.13,7,18304.12 ,0.62 ,,,,,,,,,,,,,,,,,,
15,3.33,7,16158.12 ,0.64 ,,,,,,,,,,,,,,,,,,
15,3.73,7,18881.23 ,0.63 ,,,,,,,,,,,,,,,,,,
15,3.93,7,16662.28 ,0.65 ,,,,,,,,,,,,,,,,,,
15,4.33,7,19458.35 ,0.65 ,,,,,,,,,,,,,,,,,,
15,4.53,7,17166.43 ,0.66 ,,,,,,,,,,,,,,,,,,
15,4.53,7,19650.72 ,0.66 ,,,,,,,,,,,,,,,,,,
15,4.73,7,17334.48 ,0.67 ,,,,,,,,,,,,,,,,,,
15,5.33,7,17838.63 ,0.69 ,,,,,,,,,,,,,,,,,,
15,5.53,7,18006.69 ,0.70 ,,,,,,,,,,,,,,,,,,
15,6.33,7,18678.89 ,0.72 ,,,,,,,,,,,,,,,,,,
15,6.53,7,18846.94 ,0.73 ,,,,,,,,,,,,,,,,,,
15,7.33,7,19519.15 ,0.75 ,,,,,,,,,,,,,,,,,,
15,7.53,7,19687.20 ,0.76 ,,,,,,,,,,,,,,,,,,
15,7.73,7,19855.25 ,0.77 ,,,,,,,,,,,,,,,,,,
15,1.12,7,15335.97 ,0.92 ,,,,,,,,,,,,,,,,,,
15,1.12,7,17405.61 ,0.91 ,,,,,,,,,,,,,,,,,,
15,1.33,7,15525.19 ,0.92 ,,,,,,,,,,,,,,,,,,
15,1.53,7,15705.41 ,0.92 ,,,,,,,,,,,,,,,,,,
15,1.53,7,17824.89 ,0.92 ,,,,,,,,,,,,,,,,,,
15,1.73,7,15885.62 ,0.93 ,,,,,,,,,,,,,,,,,,
15,1.73,7,18029.43 ,0.92 ,,,,,,,,,,,,,,,,,,
15,1.93,7,16065.83 ,0.94 ,,,,,,,,,,,,,,,,,,
15,1.93,7,18233.96 ,0.93 ,,,,,,,,,,,,,,,,,,
15,2.13,7,16246.04 ,0.94 ,,,,,,,,,,,,,,,,,,
15,2.13,7,18438.49 ,0.94 ,,,,,,,,,,,,,,,,,,
15,2.33,7,16426.25 ,0.95 ,,,,,,,,,,,,,,,,,,
15,2.33,7,18643.02 ,0.95 ,,,,,,,,,,,,,,,,,,
15,2.53,7,16606.46 ,0.96 ,,,,,,,,,,,,,,,,,,
15,2.53,7,18847.55 ,0.96 ,,,,,,,,,,,,,,,,,,
15,2.73,7,16786.67 ,0.97 ,,,,,,,,,,,,,,,,,,
15,2.73,7,19052.08 ,0.96 ,,,,,,,,,,,,,,,,,,
15,2.93,7,16966.88 ,0.98 ,,,,,,,,,,,,,,,,,,
15,2.93,7,19256.61 ,0.97 ,,,,,,,,,,,,,,,,,,
15,3.13,7,17147.10 ,0.99 ,,,,,,,,,,,,,,,,,,
15,3.13,7,19461.14 ,0.98 ,,,,,,,,,,,,,,,,,,
15,3.33,7,17327.31 ,1.00 ,,,,,,,,,,,,,,,,,,
15,3.33,7,19665.67 ,1.00 ,,,,,,,,,,,,,,,,,,
15,1.12,8,14969.86 ,0.72 ,,,,,,,,,,,,,,,,,,
15,1.73,8,15476.61 ,0.65 ,,,,,,,,,,,,,,,,,,
15,1.73,8,17891.06 ,0.62 ,,,,,,,,,,,,,,,,,,
15,3.33,8,19427.60 ,0.53 ,,,,,,,,,,,,,,,,,,
15,3.53,8,16971.94 ,0.58 ,,,,,,,,,,,,,,,,,,
15,4.53,8,17802.67 ,0.57 ,,,,,,,,,,,,,,,,,,
15,4.73,8,17968.82 ,0.58 ,,,,,,,,,,,,,,,,,,
15,6.13,8,19131.85 ,0.59 ,,,,,,,,,,,,,,,,,,
15,1.12,8,18472.95 ,0.83 ,,,,,,,,,,,,,,,,,,
15,1.33,8,18688.23 ,0.81 ,,,,,,,,,,,,,,,,,,
15,1.73,8,16683.84 ,0.82 ,,,,,,,,,,,,,,,,,,
15,1.93,8,19303.31 ,0.80 ,,,,,,,,,,,,,,,,,,
15,2.13,8,17042.05 ,0.82 ,,,,,,,,,,,,,,,,,,
15,2.33,8,19713.37 ,0.81 ,,,,,,,,,,,,,,,,,,
15,2.53,8,17400.26 ,0.82 ,,,,,,,,,,,,,,,,,,
15,2.93,8,17758.48 ,0.83 ,,,,,,,,,,,,,,,,,,
15,3.33,8,18116.69 ,0.84 ,,,,,,,,,,,,,,,,,,
15,3.53,8,18295.80 ,0.85 ,,,,,,,,,,,,,,,,,,
15,3.93,8,18654.01 ,0.86 ,,,,,,,,,,,,,,,,,,
15,4.33,8,19012.23 ,0.88 ,,,,,,,,,,,,,,,,,,
15,4.53,8,19191.34 ,0.89 ,,,,,,,,,,,,,,,,,,
15,5.13,8,19728.66 ,0.92 ,,,,,,,,,,,,,,,,,,
15,5.33,8,19907.77 ,0.93 ,,,,,,,,,,,,,,,,,,
15,1.12,9,19393.10 ,0.73 ,,,,,,,,,,,,,,,,,,
15,1.73,9,17313.97 ,0.69 ,,,,,,,,,,,,,,,,,,
15,2.93,9,18372.39 ,0.63 ,,,,,,,,,,,,,,,,,,
15,3.73,9,19078.01 ,0.63 ,,,,,,,,,,,,,,,,,,
15,4.73,9,19960.02 ,0.64 ,,,,,,,,,,,,,,,,,,
15,1.73,10,19253.90 ,0.77 ,,,,,,,,,,,,,,,,,,
15,2.33,10,19813.87 ,0.75 ,,,,,,,,,,,,,,,,,,
16,8,1.5,19247.16 ,1.00 ,,,,,,,,,,,,,,,,,,
16,4.8,1.5,16949.22 ,0.97 ,,,,,,,,,,,,,,,,,,
16,4.8,1.5,18230.34 ,0.91 ,,,,,,,,,,,,,,,,,,
16,5.6,2,12703.90 ,0.85 ,,,,,,,,,,,,,,,,,,
16,5.8,2,11381.03 ,0.96 ,,,,,,,,,,,,,,,,,,
16,5.8,2,12853.35 ,0.87 ,,,,,,,,,,,,,,,,,,
16,2.4,2,9721.93 ,0.85 ,,,,,,,,,,,,,,,,,,
16,2.4,2,10903.21 ,0.80 ,,,,,,,,,,,,,,,,,,
16,4.8,2,11412.71 ,0.63 ,,,,,,,,,,,,,,,,,,
16,4.8,2,12799.43 ,0.59 ,,,,,,,,,,,,,,,,,,
16,9.2,2,16275.81 ,0.53 ,,,,,,,,,,,,,,,,,,
16,9.4,2,14653.35 ,0.60 ,,,,,,,,,,,,,,,,,,
16,9.4,2,16433.83 ,0.54 ,,,,,,,,,,,,,,,,,,
16,9.6,2,14794.25 ,0.61 ,,,,,,,,,,,,,,,,,,
16,2.4,3,14517.73 ,0.95 ,,,,,,,,,,,,,,,,,,
16,4.8,3,15262.04 ,0.75 ,,,,,,,,,,,,,,,,,,
16,4.8,3,16871.96 ,0.70 ,,,,,,,,,,,,,,,,,,
16,9.4,3,19343.75 ,0.71 ,,,,,,,,,,,,,,,,,,
16,9.6,3,19521.22 ,0.72 ,,,,,,,,,,,,,,,,,,
16,3.8,2,11358.78 ,0.49 ,,,,,,,,,,,,,,,,,,
16,3.8,2,12659.90 ,0.46 ,,,,,,,,,,,,,,,,,,
16,5.8,2,14325.67 ,0.41 ,,,,,,,,,,,,,,,,,,
16,6,2,13002.81 ,0.45 ,,,,,,,,,,,,,,,,,,
16,6,2,14492.25 ,0.42 ,,,,,,,,,,,,,,,,,,
16,9,2,16990.92 ,0.40 ,,,,,,,,,,,,,,,,,,
16,9.2,2,15394.13 ,0.45 ,,,,,,,,,,,,,,,,,,
16,9.2,2,17157.49 ,0.41 ,,,,,,,,,,,,,,,,,,
16,9.4,2,15543.59 ,0.45 ,,,,,,,,,,,,,,,,,,
16,9.4,2,17324.07 ,0.42 ,,,,,,,,,,,,,,,,,,
16,3.8,3,15511.95 ,0.61 ,,,,,,,,,,,,,,,,,,
16,3.8,3,17028.27 ,0.57 ,,,,,,,,,,,,,,,,,,
16,5.8,3,17427.01 ,0.54 ,,,,,,,,,,,,,,,,,,
16,5.8,3,19130.53 ,0.50 ,,,,,,,,,,,,,,,,,,
16,6,3,17618.52 ,0.55 ,,,,,,,,,,,,,,,,,,
16,6,3,19340.76 ,0.51 ,,,,,,,,,,,,,,,,,,
16,1.2,2,9955.11 ,0.68 ,,,,,,,,,,,,,,,,,,
16,2,2,10587.18 ,0.52 ,,,,,,,,,,,,,,,,,,
16,2,2,11734.22 ,0.50 ,,,,,,,,,,,,,,,,,,
16,3,2,11377.27 ,0.44 ,,,,,,,,,,,,,,,,,,
16,3,2,12609.91 ,0.41 ,,,,,,,,,,,,,,,,,,
16,4.2,2,12325.37 ,0.40 ,,,,,,,,,,,,,,,,,,
16,4.2,2,13660.73 ,0.38 ,,,,,,,,,,,,,,,,,,
16,5.6,2,14886.70 ,0.35 ,,,,,,,,,,,,,,,,,,
16,5.8,2,13589.51 ,0.38 ,,,,,,,,,,,,,,,,,,
16,5.8,2,15061.83 ,0.36 ,,,,,,,,,,,,,,,,,,
16,7.8,2,15169.69 ,0.38 ,,,,,,,,,,,,,,,,,,
16,7.8,2,16813.21 ,0.36 ,,,,,,,,,,,,,,,,,,
16,8,2,15327.71 ,0.39 ,,,,,,,,,,,,,,,,,,
16,8,2,16988.35 ,0.36 ,,,,,,,,,,,,,,,,,,
16,8.2,2,15485.72 ,0.39 ,,,,,,,,,,,,,,,,,,
16,1.2,3,13977.10 ,0.90 ,,,,,,,,,,,,,,,,,,
16,1.2,3,15250.06 ,0.88 ,,,,,,,,,,,,,,,,,,
16,2,3,14799.28 ,0.68 ,,,,,,,,,,,,,,,,,,
16,3,3,15827.01 ,0.56 ,,,,,,,,,,,,,,,,,,
16,4.2,3,17060.28 ,0.50 ,,,,,,,,,,,,,,,,,,
16,4.2,3,18614.04 ,0.48 ,,,,,,,,,,,,,,,,,,
16,5.6,3,18499.10 ,0.47 ,,,,,,,,,,,,,,,,,,
16,1.6,2,10827.54 ,0.49 ,,,,,,,,,,,,,,,,,,
16,2.2,2,11327.28 ,0.42 ,,,,,,,,,,,,,,,,,,
16,2.2,2,12491.44 ,0.41 ,,,,,,,,,,,,,,,,,,
16,2.8,2,13042.53 ,0.36 ,,,,,,,,,,,,,,,,,,
16,3.8,2,12659.90 ,0.36 ,,,,,,,,,,,,,,,,,,
16,3.8,2,13961.02 ,0.34 ,,,,,,,,,,,,,,,,,,
16,5,2,13659.36 ,0.35 ,,,,,,,,,,,,,,,,,,
16,5,2,15063.20 ,0.34 ,,,,,,,,,,,,,,,,,,
16,6.4,2,14825.41 ,0.36 ,,,,,,,,,,,,,,,,,,
16,6.4,2,16349.09 ,0.34 ,,,,,,,,,,,,,,,,,,
16,6.6,2,14991.98 ,0.37 ,,,,,,,,,,,,,,,,,,
16,6.6,2,16532.78 ,0.35 ,,,,,,,,,,,,,,,,,,
16,8,2,17818.67 ,0.35 ,,,,,,,,,,,,,,,,,,
16,8.2,2,16324.60 ,0.37 ,,,,,,,,,,,,,,,,,,
16,8.2,2,18002.36 ,0.35 ,,,,,,,,,,,,,,,,,,
16,8.4,2,16491.18 ,0.38 ,,,,,,,,,,,,,,,,,,
16,8.4,2,18186.06 ,0.36 ,,,,,,,,,,,,,,,,,,
16,2.2,3,16029.75 ,0.56 ,,,,,,,,,,,,,,,,,,
16,2.8,3,18111.23 ,0.48 ,,,,,,,,,,,,,,,,,,
16,3.8,3,17786.43 ,0.48 ,,,,,,,,,,,,,,,,,,
16,3.8,3,19302.75 ,0.46 ,,,,,,,,,,,,,,,,,,
16,4.8,3,18884.36 ,0.46 ,,,,,,,,,,,,,,,,,,
16,5,3,19103.95 ,0.47 ,,,,,,,,,,,,,,,,,,
16,1.2,2,11033.67 ,0.50 ,,,,,,,,,,,,,,,,,,
16,1.6,2,11383.94 ,0.44 ,,,,,,,,,,,,,,,,,,
16,1.6,2,12496.74 ,0.43 ,,,,,,,,,,,,,,,,,,
16,2,2,12881.26 ,0.39 ,,,,,,,,,,,,,,,,,,
16,2.6,2,12259.63 ,0.37 ,,,,,,,,,,,,,,,,,,
16,2.6,2,13458.03 ,0.37 ,,,,,,,,,,,,,,,,,,
16,3.2,2,12785.04 ,0.36 ,,,,,,,,,,,,,,,,,,
16,3.2,2,14034.80 ,0.35 ,,,,,,,,,,,,,,,,,,
16,4,2,13485.60 ,0.36 ,,,,,,,,,,,,,,,,,,
16,4,2,14803.84 ,0.35 ,,,,,,,,,,,,,,,,,,
16,4.8,2,14186.15 ,0.36 ,,,,,,,,,,,,,,,,,,
16,4.8,2,15572.87 ,0.35 ,,,,,,,,,,,,,,,,,,
16,5,2,14361.28 ,0.37 ,,,,,,,,,,,,,,,,,,
16,5,2,15765.12 ,0.36 ,,,,,,,,,,,,,,,,,,
16,5.8,2,16534.15 ,0.36 ,,,,,,,,,,,,,,,,,,
16,6,2,15236.97 ,0.37 ,,,,,,,,,,,,,,,,,,
16,6,2,16726.41 ,0.36 ,,,,,,,,,,,,,,,,,,
16,6.2,2,15412.11 ,0.38 ,,,,,,,,,,,,,,,,,,
16,7.2,2,17879.96 ,0.38 ,,,,,,,,,,,,,,,,,,
16,7.4,2,16462.93 ,0.39 ,,,,,,,,,,,,,,,,,,
16,7.4,2,18072.21 ,0.38 ,,,,,,,,,,,,,,,,,,
16,7.6,2,16638.07 ,0.40 ,,,,,,,,,,,,,,,,,,
16,7.6,2,18264.47 ,0.39 ,,,,,,,,,,,,,,,,,,
16,8.8,2,17688.90 ,0.41 ,,,,,,,,,,,,,,,,,,
16,8.8,2,19418.02 ,0.40 ,,,,,,,,,,,,,,,,,,
16,9,2,17864.04 ,0.41 ,,,,,,,,,,,,,,,,,,
16,9,2,19610.28 ,0.40 ,,,,,,,,,,,,,,,,,,
16,9.2,2,18039.17 ,0.42 ,,,,,,,,,,,,,,,,,,
16,9.2,2,19802.53 ,0.40 ,,,,,,,,,,,,,,,,,,
16,2,3,16821.04 ,0.55 ,,,,,,,,,,,,,,,,,,
16,2,3,18168.88 ,0.54 ,,,,,,,,,,,,,,,,,,
16,2.4,3,18673.57 ,0.50 ,,,,,,,,,,,,,,,,,,
16,3,3,19430.61 ,0.48 ,,,,,,,,,,,,,,,,,,
16,3.2,3,18222.80 ,0.50 ,,,,,,,,,,,,,,,,,,
16,3.8,3,18923.67 ,0.49 ,,,,,,,,,,,,,,,,,,
16,1.4,2,12852.33 ,0.45 ,,,,,,,,,,,,,,,,,,
16,1.8,2,12124.04 ,0.42 ,,,,,,,,,,,,,,,,,,
16,1.8,2,13253.96 ,0.42 ,,,,,,,,,,,,,,,,,,
16,2.2,2,12491.44 ,0.40 ,,,,,,,,,,,,,,,,,,
16,2.6,2,12858.83 ,0.40 ,,,,,,,,,,,,,,,,,,
16,2.6,2,14057.23 ,0.39 ,,,,,,,,,,,,,,,,,,
16,3.2,2,13409.92 ,0.39 ,,,,,,,,,,,,,,,,,,
16,3.2,2,14659.68 ,0.39 ,,,,,,,,,,,,,,,,,,
16,3.8,2,13961.02 ,0.40 ,,,,,,,,,,,,,,,,,,
16,3.8,2,15262.14 ,0.39 ,,,,,,,,,,,,,,,,,,
16,4.4,2,14512.11 ,0.40 ,,,,,,,,,,,,,,,,,,
16,4.4,2,15864.59 ,0.40 ,,,,,,,,,,,,,,,,,,
16,4.6,2,14695.81 ,0.41 ,,,,,,,,,,,,,,,,,,
16,5.2,2,15246.90 ,0.41 ,,,,,,,,,,,,,,,,,,
16,5.2,2,16667.86 ,0.41 ,,,,,,,,,,,,,,,,,,
16,6,2,15981.69 ,0.42 ,,,,,,,,,,,,,,,,,,
16,6,2,17471.13 ,0.42 ,,,,,,,,,,,,,,,,,,
16,6.2,2,16165.39 ,0.43 ,,,,,,,,,,,,,,,,,,
16,6.2,2,17671.95 ,0.42 ,,,,,,,,,,,,,,,,,,
16,7,2,16900.18 ,0.44 ,,,,,,,,,,,,,,,,,,
16,7,2,18475.22 ,0.44 ,,,,,,,,,,,,,,,,,,
16,7.2,2,17083.88 ,0.45 ,,,,,,,,,,,,,,,,,,
16,7.2,2,18676.04 ,0.44 ,,,,,,,,,,,,,,,,,,
16,7.4,2,17267.57 ,0.45 ,,,,,,,,,,,,,,,,,,
16,8.2,2,18002.36 ,0.46 ,,,,,,,,,,,,,,,,,,
16,8.2,2,19680.12 ,0.46 ,,,,,,,,,,,,,,,,,,
16,8.4,2,18186.06 ,0.47 ,,,,,,,,,,,,,,,,,,
16,8.4,2,19880.94 ,0.46 ,,,,,,,,,,,,,,,,,,
16,8.6,2,18369.76 ,0.47 ,,,,,,,,,,,,,,,,,,
16,9.6,2,19288.25 ,0.49 ,,,,,,,,,,,,,,,,,,
16,1.4,3,17088.93 ,0.65 ,,,,,,,,,,,,,,,,,,
16,2,3,19179.76 ,0.56 ,,,,,,,,,,,,,,,,,,
16,2.4,3,19712.53 ,0.55 ,,,,,,,,,,,,,,,,,,
16,3,3,19070.25 ,0.54 ,,,,,,,,,,,,,,,,,,
16,3.4,3,19565.58 ,0.54 ,,,,,,,,,,,,,,,,,,
16,3.6,3,19813.25 ,0.55 ,,,,,,,,,,,,,,,,,,
16,3.6,3,10827.65 ,0.85 ,,,,,,,,,,,,,,,,,,
16,8,3,13805.25 ,0.74 ,,,,,,,,,,,,,,,,,,
16,8,3,15714.69 ,0.66 ,,,,,,,,,,,,,,,,,,
16,8.2,3,13940.60 ,0.75 ,,,,,,,,,,,,,,,,,,
16,8.2,3,15868.76 ,0.68 ,,,,,,,,,,,,,,,,,,
16,8.4,3,14075.94 ,0.77 ,,,,,,,,,,,,,,,,,,
16,3.6,4.5,14747.04 ,0.98 ,,,,,,,,,,,,,,,,,,
16,3.6,4.5,16595.04 ,0.91 ,,,,,,,,,,,,,,,,,,
16,8.2,4.5,18623.40 ,0.87 ,,,,,,,,,,,,,,,,,,
16,8.4,4.5,18791.94 ,0.89 ,,,,,,,,,,,,,,,,,,
16,1.2,3,9839.98 ,0.77 ,,,,,,,,,,,,,,,,,,
16,1.2,3,11112.94 ,0.76 ,,,,,,,,,,,,,,,,,,
16,3.8,3,11721.15 ,0.48 ,,,,,,,,,,,,,,,,,,
16,3.8,3,13237.47 ,0.45 ,,,,,,,,,,,,,,,,,,
16,5.8,3,13168.21 ,0.45 ,,,,,,,,,,,,,,,,,,
16,5.8,3,14871.73 ,0.42 ,,,,,,,,,,,,,,,,,,
16,6,3,13312.92 ,0.46 ,,,,,,,,,,,,,,,,,,
16,9,3,15483.50 ,0.46 ,,,,,,,,,,,,,,,,,,
16,9,3,17486.54 ,0.42 ,,,,,,,,,,,,,,,,,,
16,9.2,3,15628.20 ,0.47 ,,,,,,,,,,,,,,,,,,
16,9.2,3,17649.96 ,0.43 ,,,,,,,,,,,,,,,,,,
16,9.4,3,15772.91 ,0.48 ,,,,,,,,,,,,,,,,,,
16,1.2,4.5,13920.51 ,0.97 ,,,,,,,,,,,,,,,,,,
16,1.2,4.5,15515.07 ,0.95 ,,,,,,,,,,,,,,,,,,
16,3.8,4.5,16317.42 ,0.57 ,,,,,,,,,,,,,,,,,,
16,3.8,4.5,18186.54 ,0.54 ,,,,,,,,,,,,,,,,,,
16,5.8,4.5,18161.19 ,0.52 ,,,,,,,,,,,,,,,,,,
16,6,4.5,18345.57 ,0.54 ,,,,,,,,,,,,,,,,,,
16,1.4,3,10630.53 ,0.51 ,,,,,,,,,,,,,,,,,,
16,1.4,3,11922.21 ,0.50 ,,,,,,,,,,,,,,,,,,
16,3,3,11863.05 ,0.40 ,,,,,,,,,,,,,,,,,,
16,4,3,12633.38 ,0.37 ,,,,,,,,,,,,,,,,,,
16,4,3,14168.42 ,0.36 ,,,,,,,,,,,,,,,,,,
16,5.4,3,13711.84 ,0.37 ,,,,,,,,,,,,,,,,,,
16,5.4,3,15377.92 ,0.35 ,,,,,,,,,,,,,,,,,,
16,7,3,16760.20 ,0.35 ,,,,,,,,,,,,,,,,,,
16,7.2,3,15098.43 ,0.38 ,,,,,,,,,,,,,,,,,,
16,7.2,3,16932.99 ,0.36 ,,,,,,,,,,,,,,,,,,
16,7.4,3,15252.49 ,0.39 ,,,,,,,,,,,,,,,,,,
16,7.4,3,17105.77 ,0.36 ,,,,,,,,,,,,,,,,,,
16,9.2,3,16639.08 ,0.39 ,,,,,,,,,,,,,,,,,,
16,9.2,3,18660.84 ,0.37 ,,,,,,,,,,,,,,,,,,
16,9.4,3,16793.15 ,0.40 ,,,,,,,,,,,,,,,,,,
16,9.4,3,18833.63 ,0.38 ,,,,,,,,,,,,,,,,,,
16,9.6,3,16947.22 ,0.40 ,,,,,,,,,,,,,,,,,,
16,9.6,3,19006.42 ,0.38 ,,,,,,,,,,,,,,,,,,
16,1.4,4.5,15316.65 ,0.64 ,,,,,,,,,,,,,,,,,,
16,3,4.5,16918.39 ,0.49 ,,,,,,,,,,,,,,,,,,
16,4,4.5,17919.48 ,0.46 ,,,,,,,,,,,,,,,,,,
16,4,4.5,19809.72 ,0.44 ,,,,,,,,,,,,,,,,,,
16,5.4,4.5,19321.00 ,0.45 ,,,,,,,,,,,,,,,,,,
16,1.6,3,11439.79 ,0.43 ,,,,,,,,,,,,,,,,,,
16,1.6,3,12750.19 ,0.42 ,,,,,,,,,,,,,,,,,,
16,2,3,13114.48 ,0.38 ,,,,,,,,,,,,,,,,,,
16,2.6,3,12256.92 ,0.37 ,,,,,,,,,,,,,,,,,,
16,2.6,3,13660.92 ,0.36 ,,,,,,,,,,,,,,,,,,
16,3.2,3,12747.20 ,0.36 ,,,,,,,,,,,,,,,,,,
16,3.2,3,14207.36 ,0.35 ,,,,,,,,,,,,,,,,,,
16,4,3,13400.90 ,0.35 ,,,,,,,,,,,,,,,,,,
16,4,3,14935.94 ,0.35 ,,,,,,,,,,,,,,,,,,
16,4.8,3,14054.60 ,0.36 ,,,,,,,,,,,,,,,,,,
16,4.8,3,15664.52 ,0.35 ,,,,,,,,,,,,,,,,,,
16,5,3,14218.03 ,0.36 ,,,,,,,,,,,,,,,,,,
16,5,3,15846.67 ,0.35 ,,,,,,,,,,,,,,,,,,
16,5.8,3,16575.25 ,0.36 ,,,,,,,,,,,,,,,,,,
16,6,3,15035.16 ,0.37 ,,,,,,,,,,,,,,,,,,
16,6,3,16757.40 ,0.36 ,,,,,,,,,,,,,,,,,,
16,6.2,3,15198.58 ,0.38 ,,,,,,,,,,,,,,,,,,
16,6.2,3,16939.54 ,0.37 ,,,,,,,,,,,,,,,,,,
16,7.4,3,16179.13 ,0.39 ,,,,,,,,,,,,,,,,,,
16,7.4,3,18032.41 ,0.38 ,,,,,,,,,,,,,,,,,,
16,7.6,3,16342.56 ,0.40 ,,,,,,,,,,,,,,,,,,
16,7.6,3,18214.56 ,0.38 ,,,,,,,,,,,,,,,,,,
16,7.8,3,16505.99 ,0.40 ,,,,,,,,,,,,,,,,,,
16,8.8,3,19307.43 ,0.40 ,,,,,,,,,,,,,,,,,,
16,9,3,17486.54 ,0.41 ,,,,,,,,,,,,,,,,,,
16,9,3,19489.58 ,0.40 ,,,,,,,,,,,,,,,,,,
16,9.2,3,17649.96 ,0.42 ,,,,,,,,,,,,,,,,,,
16,9.2,3,19671.72 ,0.41 ,,,,,,,,,,,,,,,,,,
16,9.4,3,17813.39 ,0.42 ,,,,,,,,,,,,,,,,,,
16,9.4,3,19853.87 ,0.41 ,,,,,,,,,,,,,,,,,,
16,9.6,3,17976.82 ,0.43 ,,,,,,,,,,,,,,,,,,
16,2,4.5,17176.58 ,0.50 ,,,,,,,,,,,,,,,,,,
16,2.4,4.5,19329.97 ,0.45 ,,,,,,,,,,,,,,,,,,
16,3.2,4.5,18472.92 ,0.45 ,,,,,,,,,,,,,,,,,,
16,3.8,4.5,19121.10 ,0.44 ,,,,,,,,,,,,,,,,,,
16,4,4.5,19337.16 ,0.45 ,,,,,,,,,,,,,,,,,,
16,1.2,3,13022.38 ,0.45 ,,,,,,,,,,,,,,,,,,
16,1.8,3,12267.78 ,0.40 ,,,,,,,,,,,,,,,,,,
16,1.8,3,13596.90 ,0.39 ,,,,,,,,,,,,,,,,,,
16,2.2,3,12613.35 ,0.39 ,,,,,,,,,,,,,,,,,,
16,2.2,3,13979.91 ,0.38 ,,,,,,,,,,,,,,,,,,
16,2.8,3,13131.71 ,0.39 ,,,,,,,,,,,,,,,,,,
16,3.2,3,13477.28 ,0.38 ,,,,,,,,,,,,,,,,,,
16,3.2,3,14937.44 ,0.38 ,,,,,,,,,,,,,,,,,,
16,3.8,3,13995.63 ,0.39 ,,,,,,,,,,,,,,,,,,
16,3.8,3,15511.95 ,0.38 ,,,,,,,,,,,,,,,,,,
16,4,3,14168.42 ,0.40 ,,,,,,,,,,,,,,,,,,
16,4.4,3,14513.99 ,0.40 ,,,,,,,,,,,,,,,,,,
16,4.4,3,16086.47 ,0.40 ,,,,,,,,,,,,,,,,,,
16,4.6,3,14686.78 ,0.41 ,,,,,,,,,,,,,,,,,,
16,5,3,16660.99 ,0.41 ,,,,,,,,,,,,,,,,,,
16,5.2,3,15205.13 ,0.42 ,,,,,,,,,,,,,,,,,,
16,5.2,3,16852.49 ,0.41 ,,,,,,,,,,,,,,,,,,
16,5.8,3,17427.01 ,0.42 ,,,,,,,,,,,,,,,,,,
16,6,3,15896.28 ,0.44 ,,,,,,,,,,,,,,,,,,
16,6,3,17618.52 ,0.43 ,,,,,,,,,,,,,,,,,,
16,6.2,3,16069.06 ,0.44 ,,,,,,,,,,,,,,,,,,
16,6.2,3,17810.02 ,0.44 ,,,,,,,,,,,,,,,,,,
16,6.8,3,16587.42 ,0.46 ,,,,,,,,,,,,,,,,,,
16,6.8,3,18384.54 ,0.45 ,,,,,,,,,,,,,,,,,,
16,7,3,16760.20 ,0.46 ,,,,,,,,,,,,,,,,,,
16,7,3,18576.04 ,0.45 ,,,,,,,,,,,,,,,,,,
16,7.2,3,16932.99 ,0.47 ,,,,,,,,,,,,,,,,,,
16,7.8,3,19342.07 ,0.47 ,,,,,,,,,,,,,,,,,,
16,8,3,17624.13 ,0.48 ,,,,,,,,,,,,,,,,,,
16,8,3,19533.57 ,0.48 ,,,,,,,,,,,,,,,,,,
16,8.2,3,17796.92 ,0.49 ,,,,,,,,,,,,,,,,,,
16,8.2,3,19725.08 ,0.48 ,,,,,,,,,,,,,,,,,,
16,8.4,3,17969.70 ,0.49 ,,,,,,,,,,,,,,,,,,
16,9,3,18488.06 ,0.50 ,,,,,,,,,,,,,,,,,,
16,9.2,3,18660.84 ,0.51 ,,,,,,,,,,,,,,,,,,
16,9.4,3,18833.63 ,0.51 ,,,,,,,,,,,,,,,,,,
16,9.6,3,19006.42 ,0.52 ,,,,,,,,,,,,,,,,,,
16,1.2,4.5,17508.27 ,0.58 ,,,,,,,,,,,,,,,,,,
16,1.4,4.5,17740.17 ,0.55 ,,,,,,,,,,,,,,,,,,
16,1.4,4.5,19355.85 ,0.55 ,,,,,,,,,,,,,,,,,,
16,1.8,4.5,18203.96 ,0.53 ,,,,,,,,,,,,,,,,,,
16,2.2,4.5,18667.76 ,0.53 ,,,,,,,,,,,,,,,,,,
16,2.6,4.5,19131.55 ,0.52 ,,,,,,,,,,,,,,,,,,
16,3,4.5,19595.35 ,0.51 ,,,,,,,,,,,,,,,,,,
16,1.6,3,12750.19 ,0.46 ,,,,,,,,,,,,,,,,,,
16,1.8,3,12932.34 ,0.46 ,,,,,,,,,,,,,,,,,,
16,1.8,3,14261.46 ,0.45 ,,,,,,,,,,,,,,,,,,
16,2,3,14462.32 ,0.45 ,,,,,,,,,,,,,,,,,,
16,2.2,3,13296.63 ,0.46 ,,,,,,,,,,,,,,,,,,
16,2.4,3,14864.05 ,0.45 ,,,,,,,,,,,,,,,,,,
16,2.6,3,13660.92 ,0.46 ,,,,,,,,,,,,,,,,,,
16,2.8,3,13843.07 ,0.46 ,,,,,,,,,,,,,,,,,,
16,2.8,3,15265.79 ,0.46 ,,,,,,,,,,,,,,,,,,
16,3,3,14025.21 ,0.47 ,,,,,,,,,,,,,,,,,,
16,3.2,3,15667.52 ,0.47 ,,,,,,,,,,,,,,,,,,
16,3.4,3,14389.50 ,0.48 ,,,,,,,,,,,,,,,,,,
16,3.6,3,16069.25 ,0.48 ,,,,,,,,,,,,,,,,,,
16,3.8,3,14753.79 ,0.49 ,,,,,,,,,,,,,,,,,,
16,3.8,3,16270.11 ,0.49 ,,,,,,,,,,,,,,,,,,
16,4,3,16470.98 ,0.49 ,,,,,,,,,,,,,,,,,,
16,4.2,3,15118.08 ,0.50 ,,,,,,,,,,,,,,,,,,
16,4.2,3,16671.84 ,0.50 ,,,,,,,,,,,,,,,,,,
16,4.4,3,15300.23 ,0.51 ,,,,,,,,,,,,,,,,,,
16,4.6,3,17073.58 ,0.51 ,,,,,,,,,,,,,,,,,,
16,4.8,3,15664.52 ,0.51 ,,,,,,,,,,,,,,,,,,
16,4.8,3,17274.44 ,0.51 ,,,,,,,,,,,,,,,,,,
16,5,3,15846.67 ,0.52 ,,,,,,,,,,,,,,,,,,
16,5.2,3,17676.17 ,0.52 ,,,,,,,,,,,,,,,,,,
16,5.4,3,16210.96 ,0.53 ,,,,,,,,,,,,,,,,,,
16,5.4,3,17877.04 ,0.53 ,,,,,,,,,,,,,,,,,,
16,5.6,3,16393.10 ,0.54 ,,,,,,,,,,,,,,,,,,
16,5.8,3,18278.77 ,0.53 ,,,,,,,,,,,,,,,,,,
16,6,3,16757.40 ,0.55 ,,,,,,,,,,,,,,,,,,
16,6,3,18479.64 ,0.54 ,,,,,,,,,,,,,,,,,,
16,6.2,3,16939.54 ,0.55 ,,,,,,,,,,,,,,,,,,
16,6.2,3,18680.50 ,0.55 ,,,,,,,,,,,,,,,,,,
16,6.4,3,17121.69 ,0.56 ,,,,,,,,,,,,,,,,,,
16,6.6,3,19082.23 ,0.56 ,,,,,,,,,,,,,,,,,,
16,6.8,3,17485.98 ,0.57 ,,,,,,,,,,,,,,,,,,
16,6.8,3,19283.10 ,0.56 ,,,,,,,,,,,,,,,,,,
16,7,3,17668.12 ,0.58 ,,,,,,,,,,,,,,,,,,
16,7,3,19483.96 ,0.57 ,,,,,,,,,,,,,,,,,,
16,7.2,3,17850.27 ,0.58 ,,,,,,,,,,,,,,,,,,
16,7.4,3,19885.69 ,0.58 ,,,,,,,,,,,,,,,,,,
16,7.6,3,18214.56 ,0.59 ,,,,,,,,,,,,,,,,,,
16,7.8,3,18396.71 ,0.60 ,,,,,,,,,,,,,,,,,,
16,8,3,18578.85 ,0.60 ,,,,,,,,,,,,,,,,,,
16,8.4,3,18943.14 ,0.61 ,,,,,,,,,,,,,,,,,,
16,8.6,3,19125.29 ,0.62 ,,,,,,,,,,,,,,,,,,
16,8.8,3,19307.43 ,0.62 ,,,,,,,,,,,,,,,,,,
16,9.2,3,19671.72 ,0.63 ,,,,,,,,,,,,,,,,,,
16,9.4,3,19853.87 ,0.64 ,,,,,,,,,,,,,,,,,,
16,1.2,4.5,18704.19 ,0.65 ,,,,,,,,,,,,,,,,,,
16,1.4,4.5,18951.93 ,0.64 ,,,,,,,,,,,,,,,,,,
16,1.6,4.5,19199.66 ,0.63 ,,,,,,,,,,,,,,,,,,
16,1.8,4.5,19447.40 ,0.62 ,,,,,,,,,,,,,,,,,,
16,2.2,4.5,19942.88 ,0.62 ,,,,,,,,,,,,,,,,,,
16,1.2,3,13022.38 ,0.56 ,,,,,,,,,,,,,,,,,,
16,1.2,3,14295.34 ,0.56 ,,,,,,,,,,,,,,,,,,
16,1.4,3,13213.89 ,0.56 ,,,,,,,,,,,,,,,,,,
16,1.4,3,14505.57 ,0.55 ,,,,,,,,,,,,,,,,,,
16,1.6,3,13405.39 ,0.55 ,,,,,,,,,,,,,,,,,,
16,1.6,3,14715.79 ,0.55 ,,,,,,,,,,,,,,,,,,
16,1.8,3,13596.90 ,0.55 ,,,,,,,,,,,,,,,,,,
16,1.8,3,14926.02 ,0.55 ,,,,,,,,,,,,,,,,,,
16,2,3,13788.40 ,0.56 ,,,,,,,,,,,,,,,,,,
16,2.2,3,13979.91 ,0.56 ,,,,,,,,,,,,,,,,,,
16,2.2,3,15346.47 ,0.55 ,,,,,,,,,,,,,,,,,,
16,2.4,3,14171.41 ,0.56 ,,,,,,,,,,,,,,,,,,
16,2.4,3,15556.69 ,0.56 ,,,,,,,,,,,,,,,,,,
16,2.6,3,14362.92 ,0.56 ,,,,,,,,,,,,,,,,,,
16,2.6,3,15766.92 ,0.56 ,,,,,,,,,,,,,,,,,,
16,2.8,3,14554.43 ,0.57 ,,,,,,,,,,,,,,,,,,
16,2.8,3,15977.15 ,0.56 ,,,,,,,,,,,,,,,,,,
16,3,3,14745.93 ,0.58 ,,,,,,,,,,,,,,,,,,
16,3,3,16187.37 ,0.57 ,,,,,,,,,,,,,,,,,,
16,3.2,3,14937.44 ,0.58 ,,,,,,,,,,,,,,,,,,
16,3.2,3,16397.60 ,0.58 ,,,,,,,,,,,,,,,,,,
16,3.4,3,15128.94 ,0.59 ,,,,,,,,,,,,,,,,,,
16,3.4,3,16607.82 ,0.59 ,,,,,,,,,,,,,,,,,,
16,3.6,3,15320.45 ,0.60 ,,,,,,,,,,,,,,,,,,
16,3.6,3,16818.05 ,0.60 ,,,,,,,,,,,,,,,,,,
16,3.8,3,15511.95 ,0.61 ,,,,,,,,,,,,,,,,,,
16,4,3,15703.46 ,0.61 ,,,,,,,,,,,,,,,,,,
16,4,3,17238.50 ,0.61 ,,,,,,,,,,,,,,,,,,
16,4.2,3,15894.96 ,0.62 ,,,,,,,,,,,,,,,,,,
16,4.2,3,17448.72 ,0.62 ,,,,,,,,,,,,,,,,,,
16,4.4,3,17658.95 ,0.62 ,,,,,,,,,,,,,,,,,,
16,4.6,3,16277.98 ,0.63 ,,,,,,,,,,,,,,,,,,
16,4.6,3,17869.18 ,0.63 ,,,,,,,,,,,,,,,,,,
16,4.8,3,16469.48 ,0.64 ,,,,,,,,,,,,,,,,,,
16,4.8,3,18079.40 ,0.63 ,,,,,,,,,,,,,,,,,,
16,5,3,16660.99 ,0.64 ,,,,,,,,,,,,,,,,,,
16,5,3,18289.63 ,0.64 ,,,,,,,,,,,,,,,,,,
16,5.2,3,16852.49 ,0.65 ,,,,,,,,,,,,,,,,,,
16,5.2,3,18499.85 ,0.65 ,,,,,,,,,,,,,,,,,,
16,5.4,3,17044.00 ,0.65 ,,,,,,,,,,,,,,,,,,
16,5.4,3,18710.08 ,0.65 ,,,,,,,,,,,,,,,,,,
16,5.6,3,17235.50 ,0.66 ,,,,,,,,,,,,,,,,,,
16,5.6,3,18920.30 ,0.66 ,,,,,,,,,,,,,,,,,,
16,5.8,3,17427.01 ,0.66 ,,,,,,,,,,,,,,,,,,
16,5.8,3,19130.53 ,0.66 ,,,,,,,,,,,,,,,,,,
16,6,3,17618.52 ,0.67 ,,,,,,,,,,,,,,,,,,
16,6,3,19340.76 ,0.67 ,,,,,,,,,,,,,,,,,,
16,6.2,3,17810.02 ,0.67 ,,,,,,,,,,,,,,,,,,
16,6.4,3,18001.53 ,0.68 ,,,,,,,,,,,,,,,,,,
16,6.4,3,19761.21 ,0.68 ,,,,,,,,,,,,,,,,,,
16,6.6,3,18193.03 ,0.69 ,,,,,,,,,,,,,,,,,,
16,6.6,3,19971.43 ,0.69 ,,,,,,,,,,,,,,,,,,
16,6.8,3,18384.54 ,0.70 ,,,,,,,,,,,,,,,,,,
16,7,3,18576.04 ,0.70 ,,,,,,,,,,,,,,,,,,
16,7.2,3,18767.55 ,0.71 ,,,,,,,,,,,,,,,,,,
16,7.4,3,18959.05 ,0.72 ,,,,,,,,,,,,,,,,,,
16,7.6,3,19150.56 ,0.72 ,,,,,,,,,,,,,,,,,,
16,1.2,4.5,19900.11 ,0.77 ,,,,,,,,,,,,,,,,,,
16,1.2,3,13658.86 ,0.66 ,,,,,,,,,,,,,,,,,,
16,1.2,3,14931.82 ,0.66 ,,,,,,,,,,,,,,,,,,
16,1.4,3,13859.73 ,0.66 ,,,,,,,,,,,,,,,,,,
16,1.4,3,13859.73 ,0.65 ,,,,,,,,,,,,,,,,,,
16,1.4,3,15151.41 ,0.65 ,,,,,,,,,,,,,,,,,,
16,1.6,3,14060.59 ,0.66 ,,,,,,,,,,,,,,,,,,
16,1.6,3,15370.99 ,0.66 ,,,,,,,,,,,,,,,,,,
16,1.8,3,14261.46 ,0.66 ,,,,,,,,,,,,,,,,,,
16,1.8,3,15590.58 ,0.66 ,,,,,,,,,,,,,,,,,,
16,1.8,3,15590.58 ,0.66 ,,,,,,,,,,,,,,,,,,
16,2,3,14462.32 ,0.66 ,,,,,,,,,,,,,,,,,,
16,2,3,15810.16 ,0.66 ,,,,,,,,,,,,,,,,,,
16,2,3,15810.16 ,0.66 ,,,,,,,,,,,,,,,,,,
16,2.2,3,14663.19 ,0.67 ,,,,,,,,,,,,,,,,,,
16,2.2,3,16029.75 ,0.67 ,,,,,,,,,,,,,,,,,,
16,5.6,4,14921.99 ,0.85 ,,,,,,,,,,,,,,,,,,
16,5.8,4,13128.35 ,1.00 ,,,,,,,,,,,,,,,,,,
16,5.8,4,15079.07 ,0.88 ,,,,,,,,,,,,,,,,,,
16,2.2,4,13044.22 ,0.54 ,,,,,,,,,,,,,,,,,,
16,3.8,4,12634.57 ,0.50 ,,,,,,,,,,,,,,,,,,
16,5.6,4,15887.19 ,0.43 ,,,,,,,,,,,,,,,,,,
16,5.8,4,14103.71 ,0.48 ,,,,,,,,,,,,,,,,,,
16,5.8,4,16054.43 ,0.44 ,,,,,,,,,,,,,,,,,,
16,8.8,4,18562.93 ,0.45 ,,,,,,,,,,,,,,,,,,
16,9,4,16454.32 ,0.50 ,,,,,,,,,,,,,,,,,,
16,9,4,18730.16 ,0.45 ,,,,,,,,,,,,,,,,,,
16,9.2,4,16601.24 ,0.51 ,,,,,,,,,,,,,,,,,,
16,9.2,4,18897.40 ,0.46 ,,,,,,,,,,,,,,,,,,
16,9.4,4,16748.15 ,0.51 ,,,,,,,,,,,,,,,,,,
16,3.8,6,18018.20 ,0.60 ,,,,,,,,,,,,,,,,,,
16,5.8,6,19895.10 ,0.57 ,,,,,,,,,,,,,,,,,,
16,2,4,13659.31 ,0.42 ,,,,,,,,,,,,,,,,,,
16,2.8,4,12722.96 ,0.41 ,,,,,,,,,,,,,,,,,,
16,2.8,4,14368.88 ,0.39 ,,,,,,,,,,,,,,,,,,
16,3.6,4,15078.46 ,0.37 ,,,,,,,,,,,,,,,,,,
16,3.8,4,13508.33 ,0.40 ,,,,,,,,,,,,,,,,,,
16,4.8,4,14293.70 ,0.40 ,,,,,,,,,,,,,,,,,,
16,4.8,4,16142.82 ,0.38 ,,,,,,,,,,,,,,,,,,
16,5,4,14450.77 ,0.40 ,,,,,,,,,,,,,,,,,,
16,6.2,4,15393.21 ,0.41 ,,,,,,,,,,,,,,,,,,
16,6.2,4,17384.57 ,0.39 ,,,,,,,,,,,,,,,,,,
16,6.4,4,15550.29 ,0.42 ,,,,,,,,,,,,,,,,,,
16,6.4,4,17561.97 ,0.39 ,,,,,,,,,,,,,,,,,,
16,6.6,4,15707.36 ,0.42 ,,,,,,,,,,,,,,,,,,
16,8,4,18981.12 ,0.41 ,,,,,,,,,,,,,,,,,,
16,8.2,4,16963.95 ,0.44 ,,,,,,,,,,,,,,,,,,
16,8.2,4,19158.51 ,0.42 ,,,,,,,,,,,,,,,,,,
16,8.4,4,17121.02 ,0.45 ,,,,,,,,,,,,,,,,,,
16,1.4,6,19223.37 ,0.58 ,,,,,,,,,,,,,,,,,,
16,2.8,6,18684.99 ,0.49 ,,,,,,,,,,,,,,,,,,
16,3.6,6,19506.31 ,0.47 ,,,,,,,,,,,,,,,,,,
16,1.6,4,12542.52 ,0.46 ,,,,,,,,,,,,,,,,,,
16,1.6,4,14066.52 ,0.45 ,,,,,,,,,,,,,,,,,,
16,2,4,12876.99 ,0.44 ,,,,,,,,,,,,,,,,,,
16,2,4,14441.63 ,0.43 ,,,,,,,,,,,,,,,,,,
16,2.4,4,14816.73 ,0.42 ,,,,,,,,,,,,,,,,,,
16,2.6,4,13378.69 ,0.42 ,,,,,,,,,,,,,,,,,,
16,3,4,13713.16 ,0.42 ,,,,,,,,,,,,,,,,,,
16,3,4,15379.40 ,0.41 ,,,,,,,,,,,,,,,,,,
16,3.6,4,14214.86 ,0.42 ,,,,,,,,,,,,,,,,,,
16,3.6,4,15942.06 ,0.42 ,,,,,,,,,,,,,,,,,,
16,4.2,4,14716.56 ,0.43 ,,,,,,,,,,,,,,,,,,
16,4.2,4,16504.72 ,0.42 ,,,,,,,,,,,,,,,,,,
16,4.4,4,14883.79 ,0.44 ,,,,,,,,,,,,,,,,,,
16,5,4,15385.49 ,0.45 ,,,,,,,,,,,,,,,,,,
16,5,4,17254.93 ,0.44 ,,,,,,,,,,,,,,,,,,
16,5.2,4,15552.72 ,0.45 ,,,,,,,,,,,,,,,,,,
16,5.8,4,18005.15 ,0.45 ,,,,,,,,,,,,,,,,,,
16,6,4,16221.66 ,0.47 ,,,,,,,,,,,,,,,,,,
16,6,4,18192.70 ,0.46 ,,,,,,,,,,,,,,,,,,
16,6.2,4,16388.89 ,0.48 ,,,,,,,,,,,,,,,,,,
16,6.8,4,18942.91 ,0.48 ,,,,,,,,,,,,,,,,,,
16,7,4,17057.83 ,0.49 ,,,,,,,,,,,,,,,,,,
16,7,4,19130.47 ,0.48 ,,,,,,,,,,,,,,,,,,
16,7.2,4,17225.06 ,0.50 ,,,,,,,,,,,,,,,,,,
16,7.2,4,19318.02 ,0.49 ,,,,,,,,,,,,,,,,,,
16,7.4,4,17392.29 ,0.51 ,,,,,,,,,,,,,,,,,,
16,8.2,4,18061.23 ,0.52 ,,,,,,,,,,,,,,,,,,
16,8.4,4,18228.46 ,0.53 ,,,,,,,,,,,,,,,,,,
16,8.6,4,18395.70 ,0.53 ,,,,,,,,,,,,,,,,,,
16,9.6,4,19231.86 ,0.55 ,,,,,,,,,,,,,,,,,,
16,1.6,6,18952.42 ,0.57 ,,,,,,,,,,,,,,,,,,
16,2,6,19398.36 ,0.55 ,,,,,,,,,,,,,,,,,,
16,2.4,6,19844.29 ,0.53 ,,,,,,,,,,,,,,,,,,
16,1.2,4,14433.09 ,0.53 ,,,,,,,,,,,,,,,,,,
16,1.4,4,13127.13 ,0.52 ,,,,,,,,,,,,,,,,,,
16,1.4,4,14630.81 ,0.51 ,,,,,,,,,,,,,,,,,,
16,1.6,4,14828.52 ,0.51 ,,,,,,,,,,,,,,,,,,
16,2,4,13659.31 ,0.51 ,,,,,,,,,,,,,,,,,,
16,2,4,15223.95 ,0.51 ,,,,,,,,,,,,,,,,,,
16,2.2,4,15421.66 ,0.51 ,,,,,,,,,,,,,,,,,,
16,2.4,4,14014.09 ,0.52 ,,,,,,,,,,,,,,,,,,
16,2.6,4,15817.09 ,0.52 ,,,,,,,,,,,,,,,,,,
16,2.8,4,14368.88 ,0.52 ,,,,,,,,,,,,,,,,,,
16,3,4,16212.52 ,0.52 ,,,,,,,,,,,,,,,,,,
16,3.2,4,14723.67 ,0.53 ,,,,,,,,,,,,,,,,,,
16,3.4,4,16607.94 ,0.53 ,,,,,,,,,,,,,,,,,,
16,3.6,4,15078.46 ,0.54 ,,,,,,,,,,,,,,,,,,
16,3.6,4,16805.66 ,0.54 ,,,,,,,,,,,,,,,,,,
16,3.8,4,17003.37 ,0.54 ,,,,,,,,,,,,,,,,,,
16,4,4,15433.24 ,0.55 ,,,,,,,,,,,,,,,,,,
16,4,4,17201.08 ,0.55 ,,,,,,,,,,,,,,,,,,
16,4.2,4,15610.64 ,0.56 ,,,,,,,,,,,,,,,,,,
16,4.4,4,17596.51 ,0.56 ,,,,,,,,,,,,,,,,,,
16,4.6,4,15965.42 ,0.56 ,,,,,,,,,,,,,,,,,,
16,4.6,4,17794.22 ,0.57 ,,,,,,,,,,,,,,,,,,
16,4.8,4,16142.82 ,0.57 ,,,,,,,,,,,,,,,,,,
16,5,4,18189.65 ,0.58 ,,,,,,,,,,,,,,,,,,
16,5.2,4,16497.60 ,0.58 ,,,,,,,,,,,,,,,,,,
16,5.2,4,18387.36 ,0.58 ,,,,,,,,,,,,,,,,,,
16,5.4,4,16675.00 ,0.58 ,,,,,,,,,,,,,,,,,,
16,5.6,4,18782.79 ,0.59 ,,,,,,,,,,,,,,,,,,
16,5.8,4,17029.79 ,0.59 ,,,,,,,,,,,,,,,,,,
16,5.8,4,18980.51 ,0.59 ,,,,,,,,,,,,,,,,,,
16,6,4,17207.18 ,0.60 ,,,,,,,,,,,,,,,,,,
16,6,4,19178.22 ,0.60 ,,,,,,,,,,,,,,,,,,
16,6.2,4,17384.57 ,0.61 ,,,,,,,,,,,,,,,,,,
16,6.4,4,19573.65 ,0.61 ,,,,,,,,,,,,,,,,,,
16,6.6,4,17739.36 ,0.61 ,,,,,,,,,,,,,,,,,,
16,6.6,4,19771.36 ,0.62 ,,,,,,,,,,,,,,,,,,
16,6.8,4,17916.75 ,0.62 ,,,,,,,,,,,,,,,,,,
16,6.8,4,19969.07 ,0.62 ,,,,,,,,,,,,,,,,,,
16,7,4,18094.15 ,0.63 ,,,,,,,,,,,,,,,,,,
16,7.4,4,18448.93 ,0.64 ,,,,,,,,,,,,,,,,,,
16,7.6,4,18626.33 ,0.64 ,,,,,,,,,,,,,,,,,,
16,7.8,4,18803.72 ,0.65 ,,,,,,,,,,,,,,,,,,
16,8.2,4,19158.51 ,0.66 ,,,,,,,,,,,,,,,,,,
16,8.4,4,19335.90 ,0.67 ,,,,,,,,,,,,,,,,,,
16,8.6,4,19513.30 ,0.67 ,,,,,,,,,,,,,,,,,,
16,9,4,19868.08 ,0.68 ,,,,,,,,,,,,,,,,,,
16,1.2,4,15174.77 ,0.64 ,,,,,,,,,,,,,,,,,,
16,1.4,4,13878.97 ,0.64 ,,,,,,,,,,,,,,,,,,
16,1.4,4,15382.65 ,0.64 ,,,,,,,,,,,,,,,,,,
16,1.6,4,14066.52 ,0.64 ,,,,,,,,,,,,,,,,,,
16,1.6,4,15590.52 ,0.64 ,,,,,,,,,,,,,,,,,,
16,1.8,4,14254.07 ,0.64 ,,,,,,,,,,,,,,,,,,
16,1.8,4,15798.39 ,0.64 ,,,,,,,,,,,,,,,,,,
16,2,4,14441.63 ,0.64 ,,,,,,,,,,,,,,,,,,
16,2,4,16006.27 ,0.64 ,,,,,,,,,,,,,,,,,,
16,2.2,4,16214.14 ,0.64 ,,,,,,,,,,,,,,,,,,
16,2.4,4,14816.73 ,0.65 ,,,,,,,,,,,,,,,,,,
16,2.4,4,16422.01 ,0.65 ,,,,,,,,,,,,,,,,,,
16,2.6,4,15004.29 ,0.65 ,,,,,,,,,,,,,,,,,,
16,2.6,4,16629.89 ,0.65 ,,,,,,,,,,,,,,,,,,
16,2.8,4,15191.84 ,0.65 ,,,,,,,,,,,,,,,,,,
16,2.8,4,16837.76 ,0.65 ,,,,,,,,,,,,,,,,,,
16,3,4,15379.40 ,0.66 ,,,,,,,,,,,,,,,,,,
16,3,4,17045.64 ,0.66 ,,,,,,,,,,,,,,,,,,
16,3.2,4,17253.51 ,0.67 ,,,,,,,,,,,,,,,,,,
16,3.4,4,15754.50 ,0.68 ,,,,,,,,,,,,,,,,,,
16,3.4,4,17461.38 ,0.68 ,,,,,,,,,,,,,,,,,,
16,3.6,4,15942.06 ,0.68 ,,,,,,,,,,,,,,,,,,
16,3.6,4,17669.26 ,0.69 ,,,,,,,,,,,,,,,,,,
16,3.8,4,16129.61 ,0.69 ,,,,,,,,,,,,,,,,,,
16,3.8,4,17877.13 ,0.70 ,,,,,,,,,,,,,,,,,,
16,4,4,16317.16 ,0.70 ,,,,,,,,,,,,,,,,,,
16,4,4,18085.00 ,0.70 ,,,,,,,,,,,,,,,,,,
16,4.2,4,16504.72 ,0.71 ,,,,,,,,,,,,,,,,,,
16,4.2,4,18292.88 ,0.71 ,,,,,,,,,,,,,,,,,,
16,4.4,4,16692.27 ,0.71 ,,,,,,,,,,,,,,,,,,
16,4.4,4,18500.75 ,0.72 ,,,,,,,,,,,,,,,,,,
16,4.6,4,16879.82 ,0.72 ,,,,,,,,,,,,,,,,,,
16,4.6,4,18708.62 ,0.72 ,,,,,,,,,,,,,,,,,,
16,4.8,4,17067.38 ,0.73 ,,,,,,,,,,,,,,,,,,
16,4.8,4,18916.50 ,0.73 ,,,,,,,,,,,,,,,,,,
16,4.8,4,18916.50 ,0.73 ,,,,,,,,,,,,,,,,,,
16,5,4,17254.93 ,0.73 ,,,,,,,,,,,,,,,,,,
16,5,4,19124.37 ,0.74 ,,,,,,,,,,,,,,,,,,
16,5.2,4,17442.48 ,0.74 ,,,,,,,,,,,,,,,,,,
16,5.2,4,19332.24 ,0.74 ,,,,,,,,,,,,,,,,,,
16,4.6,5,16096.95 ,0.60 ,,,,,,,,,,,,,,,,,,
16,4.8,5,14162.07 ,0.69 ,,,,,,,,,,,,,,,,,,
16,9,5,19824.67 ,0.60 ,,,,,,,,,,,,,,,,,,
16,9.2,5,17407.55 ,0.69 ,,,,,,,,,,,,,,,,,,
16,9.2,5,19994.11 ,0.62 ,,,,,,,,,,,,,,,,,,
16,9.4,5,17555.07 ,0.71 ,,,,,,,,,,,,,,,,,,
16,2.4,7.5,18084.25 ,0.98 ,,,,,,,,,,,,,,,,,,
16,2,5,12995.49 ,0.50 ,,,,,,,,,,,,,,,,,,
16,2,5,14792.93 ,0.48 ,,,,,,,,,,,,,,,,,,
16,2.8,5,13629.42 ,0.46 ,,,,,,,,,,,,,,,,,,
16,2.8,5,15514.54 ,0.44 ,,,,,,,,,,,,,,,,,,
16,3.8,5,16416.55 ,0.42 ,,,,,,,,,,,,,,,,,,
16,4,5,14580.31 ,0.45 ,,,,,,,,,,,,,,,,,,
16,5.2,5,15531.20 ,0.44 ,,,,,,,,,,,,,,,,,,
16,5.2,5,17679.36 ,0.42 ,,,,,,,,,,,,,,,,,,
16,5.4,5,15689.68 ,0.45 ,,,,,,,,,,,,,,,,,,
16,7,5,16957.53 ,0.47 ,,,,,,,,,,,,,,,,,,
16,7,5,19302.97 ,0.44 ,,,,,,,,,,,,,,,,,,
16,7.2,5,17116.01 ,0.47 ,,,,,,,,,,,,,,,,,,
16,9.2,5,18700.83 ,0.50 ,,,,,,,,,,,,,,,,,,
16,9.4,5,18859.31 ,0.51 ,,,,,,,,,,,,,,,,,,
16,2,7.5,19546.53 ,0.61 ,,,,,,,,,,,,,,,,,,
16,1.2,5,13216.44 ,0.56 ,,,,,,,,,,,,,,,,,,
16,1.2,5,14926.20 ,0.55 ,,,,,,,,,,,,,,,,,,
16,1.6,5,13555.33 ,0.53 ,,,,,,,,,,,,,,,,,,
16,1.8,5,15500.29 ,0.49 ,,,,,,,,,,,,,,,,,,
16,2.4,5,14233.09 ,0.49 ,,,,,,,,,,,,,,,,,,
16,2.4,5,16074.37 ,0.48 ,,,,,,,,,,,,,,,,,,
16,2.8,5,16457.10 ,0.47 ,,,,,,,,,,,,,,,,,,
16,3,5,14741.42 ,0.48 ,,,,,,,,,,,,,,,,,,
16,3.4,5,17031.18 ,0.47 ,,,,,,,,,,,,,,,,,,
16,3.6,5,15249.74 ,0.49 ,,,,,,,,,,,,,,,,,,
16,4,5,17605.27 ,0.48 ,,,,,,,,,,,,,,,,,,
16,4.2,5,15758.07 ,0.50 ,,,,,,,,,,,,,,,,,,
16,4.2,5,17796.63 ,0.49 ,,,,,,,,,,,,,,,,,,
16,4.8,5,16266.39 ,0.51 ,,,,,,,,,,,,,,,,,,
16,4.8,5,18370.71 ,0.50 ,,,,,,,,,,,,,,,,,,
16,5,5,16435.84 ,0.52 ,,,,,,,,,,,,,,,,,,
16,5.6,5,19136.16 ,0.52 ,,,,,,,,,,,,,,,,,,
16,5.8,5,17113.60 ,0.54 ,,,,,,,,,,,,,,,,,,
16,5.8,5,19327.52 ,0.53 ,,,,,,,,,,,,,,,,,,
16,6,5,17283.04 ,0.54 ,,,,,,,,,,,,,,,,,,
16,6.8,5,17960.81 ,0.56 ,,,,,,,,,,,,,,,,,,
16,7,5,18130.25 ,0.57 ,,,,,,,,,,,,,,,,,,
16,7.2,5,18299.69 ,0.58 ,,,,,,,,,,,,,,,,,,
16,8,5,18977.46 ,0.59 ,,,,,,,,,,,,,,,,,,
16,8.2,5,19146.90 ,0.60 ,,,,,,,,,,,,,,,,,,
16,8.4,5,19316.34 ,0.61 ,,,,,,,,,,,,,,,,,,
16,1.2,5,15781.08 ,0.62 ,,,,,,,,,,,,,,,,,,
16,1.4,5,15983.41 ,0.62 ,,,,,,,,,,,,,,,,,,
16,1.6,5,16185.73 ,0.62 ,,,,,,,,,,,,,,,,,,
16,1.8,5,14612.53 ,0.62 ,,,,,,,,,,,,,,,,,,
16,2,5,14792.93 ,0.62 ,,,,,,,,,,,,,,,,,,
16,2,5,16590.37 ,0.62 ,,,,,,,,,,,,,,,,,,
16,2.2,5,16792.69 ,0.62 ,,,,,,,,,,,,,,,,,,
16,2.4,5,15153.73 ,0.63 ,,,,,,,,,,,,,,,,,,
16,2.6,5,15334.14 ,0.63 ,,,,,,,,,,,,,,,,,,
16,2.6,5,17197.34 ,0.63 ,,,,,,,,,,,,,,,,,,
16,2.8,5,17399.66 ,0.64 ,,,,,,,,,,,,,,,,,,
16,3,5,15694.94 ,0.64 ,,,,,,,,,,,,,,,,,,
16,3,5,17601.98 ,0.64 ,,,,,,,,,,,,,,,,,,
16,3.2,5,17804.30 ,0.64 ,,,,,,,,,,,,,,,,,,
16,3.4,5,16055.74 ,0.65 ,,,,,,,,,,,,,,,,,,
16,3.4,5,18006.62 ,0.65 ,,,,,,,,,,,,,,,,,,
16,3.6,5,18208.94 ,0.66 ,,,,,,,,,,,,,,,,,,
16,3.8,5,16416.55 ,0.67 ,,,,,,,,,,,,,,,,,,
16,3.8,5,18411.27 ,0.67 ,,,,,,,,,,,,,,,,,,
16,4,5,16596.95 ,0.68 ,,,,,,,,,,,,,,,,,,
16,4,5,18613.59 ,0.68 ,,,,,,,,,,,,,,,,,,
16,4.2,5,18815.91 ,0.68 ,,,,,,,,,,,,,,,,,,
16,4.4,5,16957.75 ,0.69 ,,,,,,,,,,,,,,,,,,
16,4.4,5,19018.23 ,0.69 ,,,,,,,,,,,,,,,,,,
16,4.6,5,17138.15 ,0.70 ,,,,,,,,,,,,,,,,,,
16,4.8,5,17318.55 ,0.71 ,,,,,,,,,,,,,,,,,,
16,4.8,5,19422.87 ,0.70 ,,,,,,,,,,,,,,,,,,
16,5,5,17498.96 ,0.71 ,,,,,,,,,,,,,,,,,,
16,5,5,19625.20 ,0.71 ,,,,,,,,,,,,,,,,,,
16,5.2,5,17679.36 ,0.72 ,,,,,,,,,,,,,,,,,,
16,5.6,5,18040.16 ,0.73 ,,,,,,,,,,,,,,,,,,
16,5.8,5,18220.56 ,0.74 ,,,,,,,,,,,,,,,,,,
16,6.2,5,18581.36 ,0.75 ,,,,,,,,,,,,,,,,,,
16,6.4,5,18761.77 ,0.76 ,,,,,,,,,,,,,,,,,,
16,6.6,5,18942.17 ,0.77 ,,,,,,,,,,,,,,,,,,
16,6.8,5,19122.57 ,0.77 ,,,,,,,,,,,,,,,,,,
16,7,5,19302.97 ,0.78 ,,,,,,,,,,,,,,,,,,
16,7.2,5,19483.37 ,0.79 ,,,,,,,,,,,,,,,,,,
16,7.6,5,19844.18 ,0.80 ,,,,,,,,,,,,,,,,,,
16,1.2,5,14926.20 ,0.82 ,,,,,,,,,,,,,,,,,,
16,1.2,5,16635.96 ,0.82 ,,,,,,,,,,,,,,,,,,
16,1.4,5,15117.57 ,0.82 ,,,,,,,,,,,,,,,,,,
16,1.4,5,16849.25 ,0.82 ,,,,,,,,,,,,,,,,,,
16,1.6,5,15308.93 ,0.82 ,,,,,,,,,,,,,,,,,,
16,1.6,5,15308.93 ,0.81 ,,,,,,,,,,,,,,,,,,
16,1.6,5,17062.53 ,0.82 ,,,,,,,,,,,,,,,,,,
16,1.8,5,15500.29 ,0.82 ,,,,,,,,,,,,,,,,,,
16,1.8,5,15500.29 ,0.82 ,,,,,,,,,,,,,,,,,,
16,1.8,5,17275.81 ,0.83 ,,,,,,,,,,,,,,,,,,
16,2,5,15691.65 ,0.82 ,,,,,,,,,,,,,,,,,,
16,2,5,17489.09 ,0.83 ,,,,,,,,,,,,,,,,,,
16,2.2,5,15883.01 ,0.83 ,,,,,,,,,,,,,,,,,,
16,2.2,6,15999.24 ,0.59 ,,,,,,,,,,,,,,,,,,
16,3.8,6,15195.80 ,0.57 ,,,,,,,,,,,,,,,,,,
16,5.6,6,16620.41 ,0.54 ,,,,,,,,,,,,,,,,,,
16,5.6,6,19090.01 ,0.49 ,,,,,,,,,,,,,,,,,,
16,5.8,6,16778.70 ,0.55 ,,,,,,,,,,,,,,,,,,
16,5.8,6,19271.82 ,0.50 ,,,,,,,,,,,,,,,,,,
16,8.8,6,19153.04 ,0.57 ,,,,,,,,,,,,,,,,,,
16,9,6,19311.33 ,0.58 ,,,,,,,,,,,,,,,,,,
16,9.2,6,19469.62 ,0.59 ,,,,,,,,,,,,,,,,,,
16,1.4,6,14284.17 ,0.58 ,,,,,,,,,,,,,,,,,,
16,1.8,6,16646.99 ,0.54 ,,,,,,,,,,,,,,,,,,
16,2.4,6,15134.41 ,0.52 ,,,,,,,,,,,,,,,,,,
16,3,6,15644.56 ,0.50 ,,,,,,,,,,,,,,,,,,
16,3,6,17808.40 ,0.49 ,,,,,,,,,,,,,,,,,,
16,3.6,6,18389.11 ,0.48 ,,,,,,,,,,,,,,,,,,
16,3.8,6,16324.76 ,0.51 ,,,,,,,,,,,,,,,,,,
16,4.4,6,19163.39 ,0.49 ,,,,,,,,,,,,,,,,,,
16,4.6,6,17004.96 ,0.51 ,,,,,,,,,,,,,,,,,,
16,4.6,6,19356.96 ,0.50 ,,,,,,,,,,,,,,,,,,
16,4.8,6,17175.01 ,0.52 ,,,,,,,,,,,,,,,,,,
16,5.6,6,17855.21 ,0.53 ,,,,,,,,,,,,,,,,,,
16,5.8,6,18025.26 ,0.54 ,,,,,,,,,,,,,,,,,,
16,7,6,19045.56 ,0.56 ,,,,,,,,,,,,,,,,,,
16,7.2,6,19215.60 ,0.57 ,,,,,,,,,,,,,,,,,,
16,1.2,6,17042.36 ,0.68 ,,,,,,,,,,,,,,,,,,
16,1.4,6,17247.69 ,0.67 ,,,,,,,,,,,,,,,,,,
16,1.8,6,15635.63 ,0.67 ,,,,,,,,,,,,,,,,,,
16,2,6,15817.44 ,0.67 ,,,,,,,,,,,,,,,,,,
16,2,6,17863.68 ,0.67 ,,,,,,,,,,,,,,,,,,
16,2.2,6,18069.00 ,0.67 ,,,,,,,,,,,,,,,,,,
16,2.4,6,16181.05 ,0.68 ,,,,,,,,,,,,,,,,,,
16,2.4,6,18274.33 ,0.67 ,,,,,,,,,,,,,,,,,,
16,2.6,6,18479.66 ,0.67 ,,,,,,,,,,,,,,,,,,
16,2.8,6,16544.67 ,0.68 ,,,,,,,,,,,,,,,,,,
16,3,6,18890.32 ,0.68 ,,,,,,,,,,,,,,,,,,
16,3.2,6,16908.29 ,0.70 ,,,,,,,,,,,,,,,,,,
16,3.4,6,19300.98 ,0.69 ,,,,,,,,,,,,,,,,,,
16,3.6,6,17271.91 ,0.71 ,,,,,,,,,,,,,,,,,,
16,3.6,6,19506.31 ,0.70 ,,,,,,,,,,,,,,,,,,
16,3.8,6,17453.72 ,0.72 ,,,,,,,,,,,,,,,,,,
16,4,6,19916.97 ,0.72 ,,,,,,,,,,,,,,,,,,
16,4.2,6,17817.34 ,0.73 ,,,,,,,,,,,,,,,,,,
16,4.4,6,17999.15 ,0.74 ,,,,,,,,,,,,,,,,,,
16,4.8,6,18362.77 ,0.76 ,,,,,,,,,,,,,,,,,,
16,5,6,18544.58 ,0.76 ,,,,,,,,,,,,,,,,,,
16,5.4,6,18908.20 ,0.78 ,,,,,,,,,,,,,,,,,,
16,5.6,6,19090.01 ,0.79 ,,,,,,,,,,,,,,,,,,
16,6,6,19453.63 ,0.80 ,,,,,,,,,,,,,,,,,,
16,6.2,6,19635.44 ,0.81 ,,,,,,,,,,,,,,,,,,
16,6.4,6,19817.25 ,0.81 ,,,,,,,,,,,,,,,,,,
16,1.2,6,16066.28 ,0.94 ,,,,,,,,,,,,,,,,,,
16,1.2,6,18018.44 ,0.94 ,,,,,,,,,,,,,,,,,,
16,1.4,6,16259.85 ,0.95 ,,,,,,,,,,,,,,,,,,
16,1.4,6,16259.85 ,0.94 ,,,,,,,,,,,,,,,,,,
16,1.4,6,18235.53 ,0.95 ,,,,,,,,,,,,,,,,,,
16,1.4,6,18235.53 ,0.94 ,,,,,,,,,,,,,,,,,,
16,1.6,6,16453.42 ,0.95 ,,,,,,,,,,,,,,,,,,
16,1.6,6,18452.62 ,0.95 ,,,,,,,,,,,,,,,,,,
16,1.6,6,18452.62 ,0.95 ,,,,,,,,,,,,,,,,,,
16,1.8,6,16646.99 ,0.95 ,,,,,,,,,,,,,,,,,,
16,1.8,6,18669.71 ,0.95 ,,,,,,,,,,,,,,,,,,
16,2,6,16840.56 ,0.96 ,,,,,,,,,,,,,,,,,,
16,1.8,7,15384.24 ,0.61 ,,,,,,,,,,,,,,,,,,
16,1.8,7,17670.16 ,0.58 ,,,,,,,,,,,,,,,,,,
16,2.8,7,16229.53 ,0.55 ,,,,,,,,,,,,,,,,,,
16,2.8,7,18641.05 ,0.52 ,,,,,,,,,,,,,,,,,,
16,4,7,17243.88 ,0.52 ,,,,,,,,,,,,,,,,,,
16,4,7,19806.12 ,0.49 ,,,,,,,,,,,,,,,,,,
16,5.6,7,18596.34 ,0.53 ,,,,,,,,,,,,,,,,,,
16,1.2,7,18192.91 ,0.69 ,,,,,,,,,,,,,,,,,,
16,1.4,7,18399.65 ,0.67 ,,,,,,,,,,,,,,,,,,
16,1.8,7,16527.20 ,0.66 ,,,,,,,,,,,,,,,,,,
16,1.8,7,18813.12 ,0.65 ,,,,,,,,,,,,,,,,,,
16,2.2,7,16890.44 ,0.65 ,,,,,,,,,,,,,,,,,,
16,2.2,7,19226.60 ,0.64 ,,,,,,,,,,,,,,,,,,
16,2.6,7,19640.07 ,0.64 ,,,,,,,,,,,,,,,,,,
16,2.8,7,17435.29 ,0.64 ,,,,,,,,,,,,,,,,,,
16,3.4,7,17980.14 ,0.65 ,,,,,,,,,,,,,,,,,,
16,3.8,7,18343.38 ,0.65 ,,,,,,,,,,,,,,,,,,
16,4,7,18525.00 ,0.66 ,,,,,,,,,,,,,,,,,,
16,4.4,7,18888.23 ,0.66 ,,,,,,,,,,,,,,,,,,
16,4.6,7,19069.85 ,0.67 ,,,,,,,,,,,,,,,,,,
16,5.2,7,19614.70 ,0.69 ,,,,,,,,,,,,,,,,,,
16,5.4,7,19796.32 ,0.70 ,,,,,,,,,,,,,,,,,,
16,1.2,7,17087.63 ,0.95 ,,,,,,,,,,,,,,,,,,
16,1.2,7,19298.19 ,0.94 ,,,,,,,,,,,,,,,,,,
16,1.4,7,17281.81 ,0.95 ,,,,,,,,,,,,,,,,,,
16,1.4,7,19517.49 ,0.95 ,,,,,,,,,,,,,,,,,,
16,1.6,7,17475.98 ,0.95 ,,,,,,,,,,,,,,,,,,
16,1.6,7,19736.78 ,0.95 ,,,,,,,,,,,,,,,,,,
16,1.8,7,17670.16 ,0.96 ,,,,,,,,,,,,,,,,,,
16,1.8,7,19956.08 ,0.95 ,,,,,,,,,,,,,,,,,,
16,2,7,17864.34 ,0.97 ,,,,,,,,,,,,,,,,,,
16,2.2,7,18058.52 ,0.98 ,,,,,,,,,,,,,,,,,,
16,2.4,7,18252.69 ,0.98 ,,,,,,,,,,,,,,,,,,
16,2.6,7,18446.87 ,0.99 ,,,,,,,,,,,,,,,,,,
16,2.8,7,18641.05 ,1.00 ,,,,,,,,,,,,,,,,,,
16,1.4,8,16903.61 ,0.67 ,,,,,,,,,,,,,,,,,,
16,2,8,17443.08 ,0.61 ,,,,,,,,,,,,,,,,,,
16,2.6,8,17982.56 ,0.57 ,,,,,,,,,,,,,,,,,,
16,3.6,8,18881.69 ,0.55 ,,,,,,,,,,,,,,,,,,
16,4.6,8,19780.82 ,0.55 ,,,,,,,,,,,,,,,,,,
16,1.2,8,17966.26 ,0.86 ,,,,,,,,,,,,,,,,,,
16,1.4,8,18159.45 ,0.85 ,,,,,,,,,,,,,,,,,,
16,1.6,8,18352.63 ,0.84 ,,,,,,,,,,,,,,,,,,
16,2,8,18739.00 ,0.84 ,,,,,,,,,,,,,,,,,,
16,2.2,8,18932.19 ,0.84 ,,,,,,,,,,,,,,,,,,
16,2.6,8,19318.56 ,0.85 ,,,,,,,,,,,,,,,,,,
16,3,8,19704.93 ,0.86 ,,,,,,,,,,,,,,,,,,
16,2.2,9,19631.14 ,0.65 ,,,,,,,,,,,,,,,,,,
17,6.28,1.5,19356.49 ,0.92 ,,,,,,,,,,,,,,,,,,
17,4.08,1.5,17941.69 ,0.94 ,,,,,,,,,,,,,,,,,,
17,4.08,1.5,19266.78 ,0.88 ,,,,,,,,,,,,,,,,,,
17,4.88,2,12088.04 ,0.88 ,,,,,,,,,,,,,,,,,,
17,4.88,2,13591.53 ,0.81 ,,,,,,,,,,,,,,,,,,
17,4.88,3,17422.69 ,0.97 ,,,,,,,,,,,,,,,,,,
17,2.08,2,10697.27 ,0.82 ,,,,,,,,,,,,,,,,,,
17,4.08,2,12227.64 ,0.60 ,,,,,,,,,,,,,,,,,,
17,4.08,2,13659.45 ,0.56 ,,,,,,,,,,,,,,,,,,
17,7.08,2,16223.80 ,0.48 ,,,,,,,,,,,,,,,,,,
17,7.28,2,14676.23 ,0.53 ,,,,,,,,,,,,,,,,,,
17,7.28,2,16394.76 ,0.49 ,,,,,,,,,,,,,,,,,,
17,7.48,2,14829.27 ,0.54 ,,,,,,,,,,,,,,,,,,
17,2.08,3,14313.45 ,0.99 ,,,,,,,,,,,,,,,,,,
17,2.08,3,15775.50 ,0.96 ,,,,,,,,,,,,,,,,,,
17,4.08,3,16224.46 ,0.72 ,,,,,,,,,,,,,,,,,,
17,4.08,3,17881.71 ,0.67 ,,,,,,,,,,,,,,,,,,
17,7.28,3,19282.07 ,0.63 ,,,,,,,,,,,,,,,,,,
17,7.48,3,19473.17 ,0.65 ,,,,,,,,,,,,,,,,,,
17,3.28,2,12295.56 ,0.48 ,,,,,,,,,,,,,,,,,,
17,3.28,2,13655.69 ,0.45 ,,,,,,,,,,,,,,,,,,
17,4.88,2,13591.53 ,0.42 ,,,,,,,,,,,,,,,,,,
17,4.88,2,15095.02 ,0.40 ,,,,,,,,,,,,,,,,,,
17,7.08,2,15373.50 ,0.40 ,,,,,,,,,,,,,,,,,,
17,7.08,2,17074.10 ,0.37 ,,,,,,,,,,,,,,,,,,
17,7.28,2,15535.49 ,0.41 ,,,,,,,,,,,,,,,,,,
17,7.28,2,17254.02 ,0.38 ,,,,,,,,,,,,,,,,,,
17,10.28,2,17965.45 ,0.40 ,,,,,,,,,,,,,,,,,,
17,10.28,2,19952.77 ,0.37 ,,,,,,,,,,,,,,,,,,
17,3.28,3,16644.43 ,0.59 ,,,,,,,,,,,,,,,,,,
17,4.68,3,19800.42 ,0.47 ,,,,,,,,,,,,,,,,,,
17,4.88,3,18290.36 ,0.51 ,,,,,,,,,,,,,,,,,,
17,1.68,2,11607.97 ,0.52 ,,,,,,,,,,,,,,,,,,
17,2.48,2,12291.79 ,0.43 ,,,,,,,,,,,,,,,,,,
17,2.48,2,13580.24 ,0.41 ,,,,,,,,,,,,,,,,,,
17,3.48,2,13146.58 ,0.38 ,,,,,,,,,,,,,,,,,,
17,3.48,2,14524.63 ,0.37 ,,,,,,,,,,,,,,,,,,
17,4.68,2,14172.32 ,0.36 ,,,,,,,,,,,,,,,,,,
17,4.68,2,15657.89 ,0.34 ,,,,,,,,,,,,,,,,,,
17,6.08,2,15369.02 ,0.34 ,,,,,,,,,,,,,,,,,,
17,6.08,2,16980.02 ,0.33 ,,,,,,,,,,,,,,,,,,
17,6.28,2,15539.97 ,0.35 ,,,,,,,,,,,,,,,,,,
17,6.28,2,17168.90 ,0.33 ,,,,,,,,,,,,,,,,,,
17,8.08,2,17078.58 ,0.35 ,,,,,,,,,,,,,,,,,,
17,8.08,2,18868.79 ,0.33 ,,,,,,,,,,,,,,,,,,
17,8.28,2,17249.54 ,0.36 ,,,,,,,,,,,,,,,,,,
17,8.28,2,19057.67 ,0.34 ,,,,,,,,,,,,,,,,,,
17,8.48,2,17420.50 ,0.36 ,,,,,,,,,,,,,,,,,,
17,2.48,3,16947.28 ,0.56 ,,,,,,,,,,,,,,,,,,
17,3.48,3,18049.19 ,0.49 ,,,,,,,,,,,,,,,,,,
17,4.68,3,19371.47 ,0.45 ,,,,,,,,,,,,,,,,,,
17,1.27,2,13027.55 ,0.49 ,,,,,,,,,,,,,,,,,,
17,3.08,2,13475.77 ,0.35 ,,,,,,,,,,,,,,,,,,
17,3.08,2,14817.98 ,0.34 ,,,,,,,,,,,,,,,,,,
17,3.88,2,14195.44 ,0.33 ,,,,,,,,,,,,,,,,,,
17,3.88,2,15609.32 ,0.32 ,,,,,,,,,,,,,,,,,,
17,4.88,2,15095.02 ,0.33 ,,,,,,,,,,,,,,,,,,
17,4.88,2,16598.51 ,0.32 ,,,,,,,,,,,,,,,,,,
17,5.08,2,15274.94 ,0.33 ,,,,,,,,,,,,,,,,,,
17,5.08,2,16796.34 ,0.32 ,,,,,,,,,,,,,,,,,,
17,6.08,2,17785.53 ,0.32 ,,,,,,,,,,,,,,,,,,
17,6.28,2,16354.44 ,0.34 ,,,,,,,,,,,,,,,,,,
17,6.28,2,17983.37 ,0.33 ,,,,,,,,,,,,,,,,,,
17,6.48,2,16534.35 ,0.34 ,,,,,,,,,,,,,,,,,,
17,7.68,2,19368.22 ,0.33 ,,,,,,,,,,,,,,,,,,
17,7.88,2,17793.77 ,0.35 ,,,,,,,,,,,,,,,,,,
17,7.88,2,19566.06 ,0.34 ,,,,,,,,,,,,,,,,,,
17,8.08,2,17973.69 ,0.36 ,,,,,,,,,,,,,,,,,,
17,9.48,2,19233.11 ,0.36 ,,,,,,,,,,,,,,,,,,
17,9.68,2,19413.02 ,0.37 ,,,,,,,,,,,,,,,,,,
17,9.88,2,19592.94 ,0.37 ,,,,,,,,,,,,,,,,,,
17,1.27,3,16651.22 ,0.66 ,,,,,,,,,,,,,,,,,,
17,2.28,3,19319.65 ,0.48 ,,,,,,,,,,,,,,,,,,
17,3.08,3,18778.16 ,0.46 ,,,,,,,,,,,,,,,,,,
17,3.88,3,19718.25 ,0.44 ,,,,,,,,,,,,,,,,,,
17,1.27,2,12437.54 ,0.46 ,,,,,,,,,,,,,,,,,,
17,1.27,2,13617.57 ,0.46 ,,,,,,,,,,,,,,,,,,
17,1.68,2,12824.73 ,0.41 ,,,,,,,,,,,,,,,,,,
17,1.68,2,14041.50 ,0.40 ,,,,,,,,,,,,,,,,,,
17,2.08,2,13202.49 ,0.38 ,,,,,,,,,,,,,,,,,,
17,2.08,2,14455.10 ,0.37 ,,,,,,,,,,,,,,,,,,
17,2.48,2,14868.69 ,0.35 ,,,,,,,,,,,,,,,,,,
17,3.08,2,14146.87 ,0.34 ,,,,,,,,,,,,,,,,,,
17,3.08,2,15489.08 ,0.34 ,,,,,,,,,,,,,,,,,,
17,3.68,2,16109.47 ,0.33 ,,,,,,,,,,,,,,,,,,
17,3.88,2,14902.38 ,0.35 ,,,,,,,,,,,,,,,,,,
17,3.88,2,16316.27 ,0.34 ,,,,,,,,,,,,,,,,,,
17,4.48,2,16936.66 ,0.34 ,,,,,,,,,,,,,,,,,,
17,4.68,2,15657.89 ,0.35 ,,,,,,,,,,,,,,,,,,
17,4.68,2,17143.45 ,0.34 ,,,,,,,,,,,,,,,,,,
17,5.48,2,16413.39 ,0.35 ,,,,,,,,,,,,,,,,,,
17,5.48,2,17970.64 ,0.35 ,,,,,,,,,,,,,,,,,,
17,5.68,2,16602.27 ,0.36 ,,,,,,,,,,,,,,,,,,
17,6.48,2,17357.78 ,0.36 ,,,,,,,,,,,,,,,,,,
17,6.48,2,19004.63 ,0.36 ,,,,,,,,,,,,,,,,,,
17,6.68,2,17546.65 ,0.37 ,,,,,,,,,,,,,,,,,,
17,6.68,2,19211.42 ,0.36 ,,,,,,,,,,,,,,,,,,
17,6.88,2,17735.53 ,0.37 ,,,,,,,,,,,,,,,,,,
17,7.88,2,18679.92 ,0.38 ,,,,,,,,,,,,,,,,,,
17,8.08,2,18868.79 ,0.39 ,,,,,,,,,,,,,,,,,,
17,8.28,2,19057.67 ,0.39 ,,,,,,,,,,,,,,,,,,
17,1.27,3,17688.47 ,0.63 ,,,,,,,,,,,,,,,,,,
17,2.08,3,18699.59 ,0.52 ,,,,,,,,,,,,,,,,,,
17,2.48,3,19198.92 ,0.49 ,,,,,,,,,,,,,,,,,,
17,3.08,3,19947.90 ,0.48 ,,,,,,,,,,,,,,,,,,
17,1.68,2,13433.12 ,0.41 ,,,,,,,,,,,,,,,,,,
17,1.68,2,14649.89 ,0.41 ,,,,,,,,,,,,,,,,,,
17,2.08,2,13828.79 ,0.40 ,,,,,,,,,,,,,,,,,,
17,2.48,2,14224.47 ,0.39 ,,,,,,,,,,,,,,,,,,
17,2.48,2,15512.91 ,0.38 ,,,,,,,,,,,,,,,,,,
17,2.88,2,14620.14 ,0.38 ,,,,,,,,,,,,,,,,,,
17,2.88,2,15944.43 ,0.38 ,,,,,,,,,,,,,,,,,,
17,3.48,2,15213.65 ,0.39 ,,,,,,,,,,,,,,,,,,
17,3.48,2,16591.70 ,0.38 ,,,,,,,,,,,,,,,,,,
17,3.88,2,17023.21 ,0.38 ,,,,,,,,,,,,,,,,,,
17,4.08,2,15807.16 ,0.40 ,,,,,,,,,,,,,,,,,,
17,4.08,2,17238.97 ,0.39 ,,,,,,,,,,,,,,,,,,
17,4.68,2,16400.67 ,0.40 ,,,,,,,,,,,,,,,,,,
17,4.68,2,17886.24 ,0.40 ,,,,,,,,,,,,,,,,,,
17,5.28,2,16994.18 ,0.41 ,,,,,,,,,,,,,,,,,,
17,5.28,2,18533.51 ,0.41 ,,,,,,,,,,,,,,,,,,
17,5.48,2,17192.02 ,0.41 ,,,,,,,,,,,,,,,,,,
17,6.08,2,17785.53 ,0.42 ,,,,,,,,,,,,,,,,,,
17,6.08,2,19396.54 ,0.42 ,,,,,,,,,,,,,,,,,,
17,6.28,2,17983.37 ,0.43 ,,,,,,,,,,,,,,,,,,
17,6.28,2,19612.29 ,0.42 ,,,,,,,,,,,,,,,,,,
17,7.08,2,18774.71 ,0.44 ,,,,,,,,,,,,,,,,,,
17,7.28,2,18972.55 ,0.44 ,,,,,,,,,,,,,,,,,,
17,8.08,2,19763.90 ,0.46 ,,,,,,,,,,,,,,,,,,
17,8.28,2,19961.73 ,0.46 ,,,,,,,,,,,,,,,,,,
17,1.27,3,18725.71 ,0.64 ,,,,,,,,,,,,,,,,,,
17,1.68,3,19267.53 ,0.59 ,,,,,,,,,,,,,,,,,,
17,6.28,3,14114.64 ,0.65 ,,,,,,,,,,,,,,,,,,
17,6.28,3,15986.61 ,0.59 ,,,,,,,,,,,,,,,,,,
17,6.48,3,14261.82 ,0.67 ,,,,,,,,,,,,,,,,,,
17,3.08,4.5,15882.05 ,0.93 ,,,,,,,,,,,,,,,,,,
17,3.08,4.5,17797.86 ,0.87 ,,,,,,,,,,,,,,,,,,
17,6.28,4.5,18789.52 ,0.75 ,,,,,,,,,,,,,,,,,,
17,6.48,4.5,18971.23 ,0.77 ,,,,,,,,,,,,,,,,,,
17,1.88,3,13040.45 ,0.53 ,,,,,,,,,,,,,,,,,,
17,4.68,3,13795.10 ,0.42 ,,,,,,,,,,,,,,,,,,
17,4.68,3,15510.90 ,0.39 ,,,,,,,,,,,,,,,,,,
17,6.88,3,17451.97 ,0.38 ,,,,,,,,,,,,,,,,,,
17,7.08,3,15678.39 ,0.42 ,,,,,,,,,,,,,,,,,,
17,7.08,3,17628.43 ,0.39 ,,,,,,,,,,,,,,,,,,
17,7.28,3,15835.33 ,0.42 ,,,,,,,,,,,,,,,,,,
17,10.28,3,18189.44 ,0.43 ,,,,,,,,,,,,,,,,,,
17,4.88,4.5,19102.32 ,0.49 ,,,,,,,,,,,,,,,,,,
17,1.68,3,13575.50 ,0.43 ,,,,,,,,,,,,,,,,,,
17,3.28,3,13486.09 ,0.37 ,,,,,,,,,,,,,,,,,,
17,3.28,3,15065.26 ,0.35 ,,,,,,,,,,,,,,,,,,
17,4.28,3,14319.60 ,0.35 ,,,,,,,,,,,,,,,,,,
17,4.28,3,15996.37 ,0.34 ,,,,,,,,,,,,,,,,,,
17,5.48,3,15319.80 ,0.34 ,,,,,,,,,,,,,,,,,,
17,5.48,3,17113.69 ,0.33 ,,,,,,,,,,,,,,,,,,
17,5.68,3,15486.50 ,0.35 ,,,,,,,,,,,,,,,,,,
17,5.68,3,17299.91 ,0.34 ,,,,,,,,,,,,,,,,,,
17,7.08,3,18603.46 ,0.34 ,,,,,,,,,,,,,,,,,,
17,7.28,3,16820.11 ,0.36 ,,,,,,,,,,,,,,,,,,
17,7.28,3,18789.68 ,0.34 ,,,,,,,,,,,,,,,,,,
17,7.48,3,16986.81 ,0.37 ,,,,,,,,,,,,,,,,,,
17,9.08,3,18320.42 ,0.37 ,,,,,,,,,,,,,,,,,,
17,9.28,3,18487.12 ,0.38 ,,,,,,,,,,,,,,,,,,
17,9.48,3,18653.82 ,0.38 ,,,,,,,,,,,,,,,,,,
17,1.68,4.5,19015.95 ,0.52 ,,,,,,,,,,,,,,,,,,
17,2.48,4.5,18111.97 ,0.49 ,,,,,,,,,,,,,,,,,,
17,3.28,4.5,18970.36 ,0.44 ,,,,,,,,,,,,,,,,,,
17,1.27,3,12502.25 ,0.44 ,,,,,,,,,,,,,,,,,,
17,1.68,3,12863.99 ,0.41 ,,,,,,,,,,,,,,,,,,
17,2.08,3,13216.91 ,0.38 ,,,,,,,,,,,,,,,,,,
17,2.08,3,14678.96 ,0.37 ,,,,,,,,,,,,,,,,,,
17,2.48,3,15070.92 ,0.35 ,,,,,,,,,,,,,,,,,,
17,3.08,3,14099.22 ,0.35 ,,,,,,,,,,,,,,,,,,
17,3.08,3,15658.87 ,0.34 ,,,,,,,,,,,,,,,,,,
17,3.68,3,16246.81 ,0.33 ,,,,,,,,,,,,,,,,,,
17,3.88,3,14805.06 ,0.35 ,,,,,,,,,,,,,,,,,,
17,4.48,3,15334.44 ,0.34 ,,,,,,,,,,,,,,,,,,
17,4.48,3,17030.73 ,0.34 ,,,,,,,,,,,,,,,,,,
17,4.68,3,15510.90 ,0.35 ,,,,,,,,,,,,,,,,,,
17,4.68,3,17226.71 ,0.34 ,,,,,,,,,,,,,,,,,,
17,5.48,3,16216.75 ,0.35 ,,,,,,,,,,,,,,,,,,
17,5.48,3,18010.64 ,0.35 ,,,,,,,,,,,,,,,,,,
17,5.68,3,16393.21 ,0.36 ,,,,,,,,,,,,,,,,,,
17,6.48,3,18990.54 ,0.36 ,,,,,,,,,,,,,,,,,,
17,6.68,3,17275.51 ,0.37 ,,,,,,,,,,,,,,,,,,
17,6.68,3,19186.52 ,0.36 ,,,,,,,,,,,,,,,,,,
17,6.88,3,17451.97 ,0.38 ,,,,,,,,,,,,,,,,,,
17,7.88,3,18334.28 ,0.39 ,,,,,,,,,,,,,,,,,,
17,8.08,3,18510.74 ,0.39 ,,,,,,,,,,,,,,,,,,
17,8.28,3,18687.20 ,0.40 ,,,,,,,,,,,,,,,,,,
17,9.48,3,19745.96 ,0.41 ,,,,,,,,,,,,,,,,,,
17,9.68,3,19922.42 ,0.41 ,,,,,,,,,,,,,,,,,,
17,2.08,4.5,19037.43 ,0.48 ,,,,,,,,,,,,,,,,,,
17,2.48,4.5,19499.51 ,0.45 ,,,,,,,,,,,,,,,,,,
17,1.68,3,13575.50 ,0.41 ,,,,,,,,,,,,,,,,,,
17,1.68,3,14998.50 ,0.40 ,,,,,,,,,,,,,,,,,,
17,1.88,3,15204.25 ,0.39 ,,,,,,,,,,,,,,,,,,
17,2.28,3,15615.73 ,0.38 ,,,,,,,,,,,,,,,,,,
17,2.48,3,14320.38 ,0.38 ,,,,,,,,,,,,,,,,,,
17,2.88,3,14692.82 ,0.38 ,,,,,,,,,,,,,,,,,,
17,2.88,3,16232.95 ,0.37 ,,,,,,,,,,,,,,,,,,
17,3.28,3,15065.26 ,0.38 ,,,,,,,,,,,,,,,,,,
17,3.28,3,16644.43 ,0.37 ,,,,,,,,,,,,,,,,,,
17,3.88,3,15623.93 ,0.39 ,,,,,,,,,,,,,,,,,,
17,3.88,3,17261.65 ,0.38 ,,,,,,,,,,,,,,,,,,
17,4.28,3,17673.13 ,0.39 ,,,,,,,,,,,,,,,,,,
17,4.48,3,16182.59 ,0.40 ,,,,,,,,,,,,,,,,,,
17,4.48,3,17878.88 ,0.40 ,,,,,,,,,,,,,,,,,,
17,4.88,3,18290.36 ,0.40 ,,,,,,,,,,,,,,,,,,
17,5.08,3,16741.25 ,0.41 ,,,,,,,,,,,,,,,,,,
17,5.08,3,18496.10 ,0.41 ,,,,,,,,,,,,,,,,,,
17,5.28,3,16927.47 ,0.42 ,,,,,,,,,,,,,,,,,,
17,5.68,3,17299.91 ,0.42 ,,,,,,,,,,,,,,,,,,
17,5.68,3,19113.32 ,0.42 ,,,,,,,,,,,,,,,,,,
17,5.88,3,17486.13 ,0.43 ,,,,,,,,,,,,,,,,,,
17,5.88,3,19319.06 ,0.43 ,,,,,,,,,,,,,,,,,,
17,6.08,3,17672.35 ,0.44 ,,,,,,,,,,,,,,,,,,
17,6.48,3,19936.28 ,0.44 ,,,,,,,,,,,,,,,,,,
17,6.68,3,18231.02 ,0.45 ,,,,,,,,,,,,,,,,,,
17,6.88,3,18417.24 ,0.46 ,,,,,,,,,,,,,,,,,,
17,7.48,3,18975.90 ,0.47 ,,,,,,,,,,,,,,,,,,
17,7.68,3,19162.12 ,0.47 ,,,,,,,,,,,,,,,,,,
17,7.88,3,19348.34 ,0.48 ,,,,,,,,,,,,,,,,,,
17,8.48,3,19907.00 ,0.49 ,,,,,,,,,,,,,,,,,,
17,1.27,4.5,19389.81 ,0.55 ,,,,,,,,,,,,,,,,,,
17,1.27,3,13885.24 ,0.48 ,,,,,,,,,,,,,,,,,,
17,1.27,3,15268.23 ,0.47 ,,,,,,,,,,,,,,,,,,
17,1.48,3,14091.02 ,0.47 ,,,,,,,,,,,,,,,,,,
17,1.48,3,15494.51 ,0.46 ,,,,,,,,,,,,,,,,,,
17,1.68,3,14287.00 ,0.46 ,,,,,,,,,,,,,,,,,,
17,1.68,3,15710.01 ,0.46 ,,,,,,,,,,,,,,,,,,
17,1.88,3,15925.51 ,0.46 ,,,,,,,,,,,,,,,,,,
17,2.08,3,14678.96 ,0.46 ,,,,,,,,,,,,,,,,,,
17,2.28,3,14874.94 ,0.46 ,,,,,,,,,,,,,,,,,,
17,2.28,3,16356.51 ,0.46 ,,,,,,,,,,,,,,,,,,
17,2.48,3,16572.01 ,0.46 ,,,,,,,,,,,,,,,,,,
17,2.68,3,15266.90 ,0.47 ,,,,,,,,,,,,,,,,,,
17,2.88,3,15462.89 ,0.47 ,,,,,,,,,,,,,,,,,,
17,2.88,3,17003.01 ,0.46 ,,,,,,,,,,,,,,,,,,
17,3.08,3,15658.87 ,0.47 ,,,,,,,,,,,,,,,,,,
17,3.28,3,15854.85 ,0.47 ,,,,,,,,,,,,,,,,,,
17,3.28,3,17434.01 ,0.47 ,,,,,,,,,,,,,,,,,,
17,3.48,3,16050.83 ,0.48 ,,,,,,,,,,,,,,,,,,
17,3.68,3,16246.81 ,0.48 ,,,,,,,,,,,,,,,,,,
17,3.68,3,17865.02 ,0.48 ,,,,,,,,,,,,,,,,,,
17,3.88,3,16442.79 ,0.49 ,,,,,,,,,,,,,,,,,,
17,4.08,3,16638.77 ,0.49 ,,,,,,,,,,,,,,,,,,
17,4.08,3,18296.02 ,0.49 ,,,,,,,,,,,,,,,,,,
17,4.28,3,16834.75 ,0.50 ,,,,,,,,,,,,,,,,,,
17,4.28,3,18511.52 ,0.50 ,,,,,,,,,,,,,,,,,,
17,4.48,3,18727.02 ,0.50 ,,,,,,,,,,,,,,,,,,
17,4.68,3,17226.71 ,0.51 ,,,,,,,,,,,,,,,,,,
17,4.68,3,18942.52 ,0.51 ,,,,,,,,,,,,,,,,,,
17,4.88,3,17422.69 ,0.52 ,,,,,,,,,,,,,,,,,,
17,5.08,3,19373.52 ,0.52 ,,,,,,,,,,,,,,,,,,
17,5.28,3,17814.65 ,0.53 ,,,,,,,,,,,,,,,,,,
17,5.28,3,19589.02 ,0.52 ,,,,,,,,,,,,,,,,,,
17,5.48,3,18010.64 ,0.53 ,,,,,,,,,,,,,,,,,,
17,5.88,3,18402.60 ,0.54 ,,,,,,,,,,,,,,,,,,
17,6.08,3,18598.58 ,0.54 ,,,,,,,,,,,,,,,,,,
17,6.48,3,18990.54 ,0.55 ,,,,,,,,,,,,,,,,,,
17,6.68,3,19186.52 ,0.56 ,,,,,,,,,,,,,,,,,,
17,6.88,3,19382.50 ,0.57 ,,,,,,,,,,,,,,,,,,
17,7.08,3,19578.48 ,0.57 ,,,,,,,,,,,,,,,,,,
17,7.28,3,19774.46 ,0.58 ,,,,,,,,,,,,,,,,,,
17,7.48,3,19970.44 ,0.58 ,,,,,,,,,,,,,,,,,,
17,1.27,3,14576.74 ,0.56 ,,,,,,,,,,,,,,,,,,
17,1.27,3,15959.73 ,0.56 ,,,,,,,,,,,,,,,,,,
17,1.48,3,14792.76 ,0.56 ,,,,,,,,,,,,,,,,,,
17,1.48,3,16196.25 ,0.55 ,,,,,,,,,,,,,,,,,,
17,1.68,3,14998.50 ,0.56 ,,,,,,,,,,,,,,,,,,
17,1.68,3,16421.51 ,0.55 ,,,,,,,,,,,,,,,,,,
17,1.88,3,15204.25 ,0.56 ,,,,,,,,,,,,,,,,,,
17,1.88,3,16646.77 ,0.55 ,,,,,,,,,,,,,,,,,,
17,2.08,3,15409.99 ,0.56 ,,,,,,,,,,,,,,,,,,
17,2.08,3,16872.03 ,0.55 ,,,,,,,,,,,,,,,,,,
17,2.28,3,15615.73 ,0.56 ,,,,,,,,,,,,,,,,,,
17,2.28,3,17097.29 ,0.55 ,,,,,,,,,,,,,,,,,,
17,2.48,3,15821.47 ,0.56 ,,,,,,,,,,,,,,,,,,
17,2.48,3,17322.56 ,0.56 ,,,,,,,,,,,,,,,,,,
17,2.68,3,16027.21 ,0.57 ,,,,,,,,,,,,,,,,,,
17,2.68,3,17547.82 ,0.56 ,,,,,,,,,,,,,,,,,,
17,2.88,3,16232.95 ,0.57 ,,,,,,,,,,,,,,,,,,
17,2.88,3,17773.08 ,0.57 ,,,,,,,,,,,,,,,,,,
17,3.08,3,16438.69 ,0.58 ,,,,,,,,,,,,,,,,,,
17,3.08,3,17998.34 ,0.58 ,,,,,,,,,,,,,,,,,,
17,3.28,3,16644.43 ,0.59 ,,,,,,,,,,,,,,,,,,
17,3.28,3,18223.60 ,0.59 ,,,,,,,,,,,,,,,,,,
17,3.48,3,16850.17 ,0.59 ,,,,,,,,,,,,,,,,,,
17,3.48,3,18448.86 ,0.59 ,,,,,,,,,,,,,,,,,,
17,3.68,3,17055.91 ,0.60 ,,,,,,,,,,,,,,,,,,
17,3.68,3,18674.12 ,0.60 ,,,,,,,,,,,,,,,,,,
17,3.88,3,17261.65 ,0.61 ,,,,,,,,,,,,,,,,,,
17,3.88,3,18899.38 ,0.61 ,,,,,,,,,,,,,,,,,,
17,4.08,3,17467.39 ,0.61 ,,,,,,,,,,,,,,,,,,
17,4.08,3,19124.64 ,0.62 ,,,,,,,,,,,,,,,,,,
17,4.28,3,17673.13 ,0.62 ,,,,,,,,,,,,,,,,,,
17,4.28,3,19349.90 ,0.62 ,,,,,,,,,,,,,,,,,,
17,4.48,3,17878.88 ,0.63 ,,,,,,,,,,,,,,,,,,
17,4.48,3,19575.16 ,0.63 ,,,,,,,,,,,,,,,,,,
17,4.68,3,18084.62 ,0.64 ,,,,,,,,,,,,,,,,,,
17,4.68,3,18084.62 ,0.63 ,,,,,,,,,,,,,,,,,,
17,4.68,3,19800.42 ,0.63 ,,,,,,,,,,,,,,,,,,
17,4.88,3,18290.36 ,0.64 ,,,,,,,,,,,,,,,,,,
17,5.08,3,18496.10 ,0.65 ,,,,,,,,,,,,,,,,,,
17,1.27,3,15268.23 ,0.66 ,,,,,,,,,,,,,,,,,,
17,1.27,3,16651.22 ,0.66 ,,,,,,,,,,,,,,,,,,
17,1.27,3,16651.22 ,0.66 ,,,,,,,,,,,,,,,,,,
17,4.68,4,15774.87 ,0.79 ,,,,,,,,,,,,,,,,,,
17,1.88,4,12564.41 ,0.57 ,,,,,,,,,,,,,,,,,,
17,1.88,4,14230.78 ,0.54 ,,,,,,,,,,,,,,,,,,
17,3.08,4,15312.97 ,0.45 ,,,,,,,,,,,,,,,,,,
17,4.68,4,14793.84 ,0.44 ,,,,,,,,,,,,,,,,,,
17,4.68,4,16755.89 ,0.41 ,,,,,,,,,,,,,,,,,,
17,6.88,4,16545.53 ,0.44 ,,,,,,,,,,,,,,,,,,
17,6.88,4,18739.90 ,0.40 ,,,,,,,,,,,,,,,,,,
17,7.08,4,16704.78 ,0.45 ,,,,,,,,,,,,,,,,,,
17,7.08,4,18920.27 ,0.41 ,,,,,,,,,,,,,,,,,,
17,10.08,4,19093.45 ,0.46 ,,,,,,,,,,,,,,,,,,
17,10.28,4,19252.70 ,0.47 ,,,,,,,,,,,,,,,,,,
17,1.88,6,17923.38 ,0.68 ,,,,,,,,,,,,,,,,,,
17,1.68,4,14873.04 ,0.44 ,,,,,,,,,,,,,,,,,,
17,2.28,4,13737.21 ,0.42 ,,,,,,,,,,,,,,,,,,
17,2.28,4,15445.82 ,0.40 ,,,,,,,,,,,,,,,,,,
17,2.88,4,14246.62 ,0.39 ,,,,,,,,,,,,,,,,,,
17,2.88,4,16018.59 ,0.37 ,,,,,,,,,,,,,,,,,,
17,3.68,4,16782.29 ,0.36 ,,,,,,,,,,,,,,,,,,
17,3.88,4,15095.65 ,0.38 ,,,,,,,,,,,,,,,,,,
17,4.68,4,15774.87 ,0.38 ,,,,,,,,,,,,,,,,,,
17,4.68,4,17736.91 ,0.36 ,,,,,,,,,,,,,,,,,,
17,4.88,4,15944.67 ,0.38 ,,,,,,,,,,,,,,,,,,
17,4.88,4,17927.84 ,0.37 ,,,,,,,,,,,,,,,,,,
17,5.88,4,18882.46 ,0.37 ,,,,,,,,,,,,,,,,,,
17,6.08,4,16963.50 ,0.39 ,,,,,,,,,,,,,,,,,,
17,6.08,4,19073.39 ,0.38 ,,,,,,,,,,,,,,,,,,
17,6.28,4,17133.30 ,0.40 ,,,,,,,,,,,,,,,,,,
17,7.68,4,18321.94 ,0.41 ,,,,,,,,,,,,,,,,,,
17,7.88,4,18491.74 ,0.42 ,,,,,,,,,,,,,,,,,,
17,8.08,4,18661.55 ,0.43 ,,,,,,,,,,,,,,,,,,
17,1.68,6,19325.06 ,0.55 ,,,,,,,,,,,,,,,,,,
17,2.28,6,19984.62 ,0.50 ,,,,,,,,,,,,,,,,,,
17,1.27,4,13680.67 ,0.49 ,,,,,,,,,,,,,,,,,,
17,1.48,4,15494.18 ,0.46 ,,,,,,,,,,,,,,,,,,
17,1.88,4,14230.78 ,0.44 ,,,,,,,,,,,,,,,,,,
17,2.08,4,16098.64 ,0.42 ,,,,,,,,,,,,,,,,,,
17,2.28,4,14591.51 ,0.43 ,,,,,,,,,,,,,,,,,,
17,2.68,4,14952.24 ,0.42 ,,,,,,,,,,,,,,,,,,
17,2.68,4,16703.09 ,0.42 ,,,,,,,,,,,,,,,,,,
17,3.28,4,15493.34 ,0.42 ,,,,,,,,,,,,,,,,,,
17,3.28,4,17307.54 ,0.42 ,,,,,,,,,,,,,,,,,,
17,3.68,4,17710.51 ,0.42 ,,,,,,,,,,,,,,,,,,
17,3.88,4,16034.43 ,0.42 ,,,,,,,,,,,,,,,,,,
17,4.28,4,18314.97 ,0.42 ,,,,,,,,,,,,,,,,,,
17,4.48,4,16575.53 ,0.44 ,,,,,,,,,,,,,,,,,,
17,4.48,4,18516.45 ,0.43 ,,,,,,,,,,,,,,,,,,
17,4.88,4,18919.42 ,0.44 ,,,,,,,,,,,,,,,,,,
17,5.08,4,17116.62 ,0.45 ,,,,,,,,,,,,,,,,,,
17,5.08,4,19120.91 ,0.44 ,,,,,,,,,,,,,,,,,,
17,5.28,4,17296.98 ,0.45 ,,,,,,,,,,,,,,,,,,
17,5.88,4,17838.08 ,0.46 ,,,,,,,,,,,,,,,,,,
17,5.88,4,19926.85 ,0.46 ,,,,,,,,,,,,,,,,,,
17,6.08,4,18018.44 ,0.47 ,,,,,,,,,,,,,,,,,,
17,6.28,4,18198.81 ,0.47 ,,,,,,,,,,,,,,,,,,
17,6.88,4,18739.90 ,0.49 ,,,,,,,,,,,,,,,,,,
17,7.08,4,18920.27 ,0.49 ,,,,,,,,,,,,,,,,,,
17,7.28,4,19100.63 ,0.50 ,,,,,,,,,,,,,,,,,,
17,8.08,4,19822.09 ,0.51 ,,,,,,,,,,,,,,,,,,
17,1.48,4,16306.25 ,0.51 ,,,,,,,,,,,,,,,,,,
17,1.68,4,14873.04 ,0.52 ,,,,,,,,,,,,,,,,,,
17,1.88,4,15063.97 ,0.52 ,,,,,,,,,,,,,,,,,,
17,1.88,4,16730.33 ,0.52 ,,,,,,,,,,,,,,,,,,
17,2.08,4,15254.89 ,0.52 ,,,,,,,,,,,,,,,,,,
17,2.08,4,16942.38 ,0.52 ,,,,,,,,,,,,,,,,,,
17,2.28,4,17154.42 ,0.52 ,,,,,,,,,,,,,,,,,,
17,2.48,4,15636.74 ,0.53 ,,,,,,,,,,,,,,,,,,
17,2.68,4,15827.67 ,0.53 ,,,,,,,,,,,,,,,,,,
17,2.68,4,17578.51 ,0.53 ,,,,,,,,,,,,,,,,,,
17,2.88,4,16018.59 ,0.53 ,,,,,,,,,,,,,,,,,,
17,3.08,4,16209.52 ,0.54 ,,,,,,,,,,,,,,,,,,
17,3.08,4,18002.60 ,0.53 ,,,,,,,,,,,,,,,,,,
17,3.28,4,16400.44 ,0.54 ,,,,,,,,,,,,,,,,,,
17,3.28,4,18214.65 ,0.54 ,,,,,,,,,,,,,,,,,,
17,3.48,4,16591.37 ,0.54 ,,,,,,,,,,,,,,,,,,
17,3.48,4,18426.69 ,0.54 ,,,,,,,,,,,,,,,,,,
17,3.68,4,16782.29 ,0.55 ,,,,,,,,,,,,,,,,,,
17,3.88,4,16973.21 ,0.55 ,,,,,,,,,,,,,,,,,,
17,3.88,4,18850.78 ,0.55 ,,,,,,,,,,,,,,,,,,
17,4.08,4,17164.14 ,0.56 ,,,,,,,,,,,,,,,,,,
17,4.08,4,19062.83 ,0.56 ,,,,,,,,,,,,,,,,,,
17,4.48,4,17545.99 ,0.57 ,,,,,,,,,,,,,,,,,,
17,4.48,4,19486.92 ,0.57 ,,,,,,,,,,,,,,,,,,
17,4.68,4,17736.91 ,0.57 ,,,,,,,,,,,,,,,,,,
17,4.88,4,19911.01 ,0.58 ,,,,,,,,,,,,,,,,,,
17,5.08,4,18118.76 ,0.58 ,,,,,,,,,,,,,,,,,,
17,5.28,4,18309.69 ,0.59 ,,,,,,,,,,,,,,,,,,
17,5.68,4,18691.54 ,0.59 ,,,,,,,,,,,,,,,,,,
17,5.88,4,18882.46 ,0.60 ,,,,,,,,,,,,,,,,,,
17,6.28,4,19264.31 ,0.61 ,,,,,,,,,,,,,,,,,,
17,6.48,4,19455.24 ,0.61 ,,,,,,,,,,,,,,,,,,
17,6.68,4,19646.16 ,0.62 ,,,,,,,,,,,,,,,,,,
17,6.88,4,19837.09 ,0.62 ,,,,,,,,,,,,,,,,,,
17,1.27,4,15282.62 ,0.65 ,,,,,,,,,,,,,,,,,,
17,1.27,4,16884.57 ,0.65 ,,,,,,,,,,,,,,,,,,
17,1.48,4,15494.18 ,0.65 ,,,,,,,,,,,,,,,,,,
17,1.48,4,17118.31 ,0.64 ,,,,,,,,,,,,,,,,,,
17,1.68,4,15695.67 ,0.65 ,,,,,,,,,,,,,,,,,,
17,1.68,4,17340.91 ,0.64 ,,,,,,,,,,,,,,,,,,
17,1.88,4,15897.15 ,0.65 ,,,,,,,,,,,,,,,,,,
17,1.88,4,17563.52 ,0.64 ,,,,,,,,,,,,,,,,,,
17,2.08,4,16098.64 ,0.65 ,,,,,,,,,,,,,,,,,,
17,2.08,4,17786.12 ,0.65 ,,,,,,,,,,,,,,,,,,
17,2.08,4,17786.12 ,0.65 ,,,,,,,,,,,,,,,,,,
17,2.28,4,16300.12 ,0.65 ,,,,,,,,,,,,,,,,,,
17,2.28,4,18008.73 ,0.65 ,,,,,,,,,,,,,,,,,,
17,2.48,4,16501.61 ,0.65 ,,,,,,,,,,,,,,,,,,
17,2.48,4,18231.33 ,0.65 ,,,,,,,,,,,,,,,,,,
17,2.68,4,16703.09 ,0.66 ,,,,,,,,,,,,,,,,,,
17,2.68,4,18453.94 ,0.66 ,,,,,,,,,,,,,,,,,,
17,2.88,4,16904.57 ,0.66 ,,,,,,,,,,,,,,,,,,
17,2.88,4,18676.54 ,0.66 ,,,,,,,,,,,,,,,,,,
17,3.08,4,17106.06 ,0.66 ,,,,,,,,,,,,,,,,,,
17,3.08,4,18899.15 ,0.67 ,,,,,,,,,,,,,,,,,,
17,3.28,4,17307.54 ,0.67 ,,,,,,,,,,,,,,,,,,
17,3.28,4,19121.75 ,0.68 ,,,,,,,,,,,,,,,,,,
17,3.88,5,17152.60 ,0.57 ,,,,,,,,,,,,,,,,,,
17,6.88,5,19892.63 ,0.53 ,,,,,,,,,,,,,,,,,,
17,7.08,5,17578.37 ,0.60 ,,,,,,,,,,,,,,,,,,
17,7.28,5,17738.32 ,0.61 ,,,,,,,,,,,,,,,,,,
17,1.68,5,14201.50 ,0.51 ,,,,,,,,,,,,,,,,,,
17,2.28,5,14715.43 ,0.47 ,,,,,,,,,,,,,,,,,,
17,2.28,5,16667.07 ,0.45 ,,,,,,,,,,,,,,,,,,
17,3.08,5,15400.66 ,0.43 ,,,,,,,,,,,,,,,,,,
17,3.08,5,17443.19 ,0.42 ,,,,,,,,,,,,,,,,,,
17,4.08,5,16257.21 ,0.42 ,,,,,,,,,,,,,,,,,,
17,4.08,5,18413.33 ,0.40 ,,,,,,,,,,,,,,,,,,
17,5.28,5,17285.06 ,0.42 ,,,,,,,,,,,,,,,,,,
17,5.28,5,19577.51 ,0.40 ,,,,,,,,,,,,,,,,,,
17,5.48,5,17456.37 ,0.43 ,,,,,,,,,,,,,,,,,,
17,5.48,5,19771.53 ,0.41 ,,,,,,,,,,,,,,,,,,
17,7.08,5,18826.84 ,0.45 ,,,,,,,,,,,,,,,,,,
17,7.28,5,18998.15 ,0.46 ,,,,,,,,,,,,,,,,,,
17,1.48,5,14960.57 ,0.54 ,,,,,,,,,,,,,,,,,,
17,1.68,5,17026.73 ,0.51 ,,,,,,,,,,,,,,,,,,
17,2.08,5,15508.58 ,0.49 ,,,,,,,,,,,,,,,,,,
17,2.08,5,17437.51 ,0.49 ,,,,,,,,,,,,,,,,,,
17,2.48,5,17848.29 ,0.48 ,,,,,,,,,,,,,,,,,,
17,2.68,5,16056.59 ,0.49 ,,,,,,,,,,,,,,,,,,
17,3.08,5,16421.93 ,0.48 ,,,,,,,,,,,,,,,,,,
17,3.08,5,18464.45 ,0.47 ,,,,,,,,,,,,,,,,,,
17,3.48,5,18875.23 ,0.48 ,,,,,,,,,,,,,,,,,,
17,3.68,5,16969.93 ,0.49 ,,,,,,,,,,,,,,,,,,
17,3.68,5,19080.62 ,0.48 ,,,,,,,,,,,,,,,,,,
17,4.08,5,19491.40 ,0.49 ,,,,,,,,,,,,,,,,,,
17,4.28,5,17517.94 ,0.50 ,,,,,,,,,,,,,,,,,,
17,4.28,5,19696.79 ,0.49 ,,,,,,,,,,,,,,,,,,
17,4.88,5,18065.94 ,0.51 ,,,,,,,,,,,,,,,,,,
17,5.08,5,18248.61 ,0.52 ,,,,,,,,,,,,,,,,,,
17,5.68,5,18796.62 ,0.54 ,,,,,,,,,,,,,,,,,,
17,5.88,5,18979.29 ,0.54 ,,,,,,,,,,,,,,,,,,
17,6.68,5,19709.96 ,0.56 ,,,,,,,,,,,,,,,,,,
17,6.88,5,19892.63 ,0.56 ,,,,,,,,,,,,,,,,,,
17,1.27,5,17524.14 ,0.63 ,,,,,,,,,,,,,,,,,,
17,1.48,5,17751.73 ,0.63 ,,,,,,,,,,,,,,,,,,
17,1.68,5,17968.48 ,0.63 ,,,,,,,,,,,,,,,,,,
17,1.88,5,16279.02 ,0.64 ,,,,,,,,,,,,,,,,,,
17,1.88,5,18185.22 ,0.63 ,,,,,,,,,,,,,,,,,,
17,2.08,5,16473.05 ,0.64 ,,,,,,,,,,,,,,,,,,
17,2.28,5,16667.07 ,0.64 ,,,,,,,,,,,,,,,,,,
17,2.28,5,18618.72 ,0.64 ,,,,,,,,,,,,,,,,,,
17,2.48,5,16861.10 ,0.64 ,,,,,,,,,,,,,,,,,,
17,2.48,5,18835.47 ,0.64 ,,,,,,,,,,,,,,,,,,
17,2.68,5,17055.13 ,0.65 ,,,,,,,,,,,,,,,,,,
17,2.68,5,19052.22 ,0.65 ,,,,,,,,,,,,,,,,,,
17,2.88,5,17249.16 ,0.65 ,,,,,,,,,,,,,,,,,,
17,2.88,5,19268.97 ,0.65 ,,,,,,,,,,,,,,,,,,
17,3.08,5,19485.72 ,0.66 ,,,,,,,,,,,,,,,,,,
17,3.28,5,17637.22 ,0.66 ,,,,,,,,,,,,,,,,,,
17,3.48,5,17831.25 ,0.66 ,,,,,,,,,,,,,,,,,,
17,3.48,5,19919.21 ,0.66 ,,,,,,,,,,,,,,,,,,
17,3.68,5,18025.28 ,0.67 ,,,,,,,,,,,,,,,,,,
17,4.08,5,18413.33 ,0.69 ,,,,,,,,,,,,,,,,,,
17,4.28,5,18607.36 ,0.70 ,,,,,,,,,,,,,,,,,,
17,4.48,5,18801.39 ,0.70 ,,,,,,,,,,,,,,,,,,
17,4.68,5,18995.42 ,0.71 ,,,,,,,,,,,,,,,,,,
17,4.88,5,19189.45 ,0.72 ,,,,,,,,,,,,,,,,,,
17,5.08,5,19383.48 ,0.73 ,,,,,,,,,,,,,,,,,,
17,5.28,5,19577.51 ,0.73 ,,,,,,,,,,,,,,,,,,
17,5.68,5,19965.56 ,0.75 ,,,,,,,,,,,,,,,,,,
17,1.27,5,16605.68 ,0.84 ,,,,,,,,,,,,,,,,,,
17,1.88,6,15220.82 ,0.63 ,,,,,,,,,,,,,,,,,,
17,1.88,6,17382.87 ,0.60 ,,,,,,,,,,,,,,,,,,
17,3.08,6,18556.06 ,0.50 ,,,,,,,,,,,,,,,,,,
17,4.68,6,17617.80 ,0.51 ,,,,,,,,,,,,,,,,,,
17,6.88,6,19501.14 ,0.51 ,,,,,,,,,,,,,,,,,,
17,7.08,6,19672.35 ,0.52 ,,,,,,,,,,,,,,,,,,
17,1.48,6,15935.10 ,0.58 ,,,,,,,,,,,,,,,,,,
17,1.88,6,16301.84 ,0.55 ,,,,,,,,,,,,,,,,,,
17,2.28,6,16668.59 ,0.52 ,,,,,,,,,,,,,,,,,,
17,2.28,6,18879.28 ,0.51 ,,,,,,,,,,,,,,,,,,
17,2.88,6,17218.71 ,0.51 ,,,,,,,,,,,,,,,,,,
17,3.48,6,17768.82 ,0.50 ,,,,,,,,,,,,,,,,,,
17,4.28,6,18502.32 ,0.51 ,,,,,,,,,,,,,,,,,,
17,5.08,6,19235.81 ,0.52 ,,,,,,,,,,,,,,,,,,
17,5.28,6,19419.18 ,0.53 ,,,,,,,,,,,,,,,,,,
17,1.27,6,16786.49 ,0.71 ,,,,,,,,,,,,,,,,,,
17,1.48,6,16991.80 ,0.70 ,,,,,,,,,,,,,,,,,,
17,1.68,6,17187.33 ,0.69 ,,,,,,,,,,,,,,,,,,
17,1.88,6,17382.87 ,0.69 ,,,,,,,,,,,,,,,,,,
17,1.88,6,19544.91 ,0.68 ,,,,,,,,,,,,,,,,,,
17,2.08,6,19764.77 ,0.68 ,,,,,,,,,,,,,,,,,,
17,2.28,6,17773.93 ,0.69 ,,,,,,,,,,,,,,,,,,
17,2.28,6,19984.62 ,0.68 ,,,,,,,,,,,,,,,,,,
17,2.48,6,17969.46 ,0.69 ,,,,,,,,,,,,,,,,,,
17,2.88,6,18360.53 ,0.70 ,,,,,,,,,,,,,,,,,,
17,3.08,6,18556.06 ,0.71 ,,,,,,,,,,,,,,,,,,
17,3.28,6,18751.60 ,0.71 ,,,,,,,,,,,,,,,,,,
17,3.48,6,18947.13 ,0.72 ,,,,,,,,,,,,,,,,,,
17,3.68,6,19142.66 ,0.72 ,,,,,,,,,,,,,,,,,,
17,4.08,6,19533.73 ,0.74 ,,,,,,,,,,,,,,,,,,
17,4.28,6,19729.26 ,0.75 ,,,,,,,,,,,,,,,,,,
17,1.48,7,16769.62 ,0.62 ,,,,,,,,,,,,,,,,,,
17,1.48,7,19151.67 ,0.59 ,,,,,,,,,,,,,,,,,,
17,2.28,7,17499.53 ,0.55 ,,,,,,,,,,,,,,,,,,
17,3.28,7,18411.91 ,0.51 ,,,,,,,,,,,,,,,,,,
17,4.48,7,19506.77 ,0.50 ,,,,,,,,,,,,,,,,,,
17,1.88,7,18351.52 ,0.66 ,,,,,,,,,,,,,,,,,,
17,2.28,7,18742.39 ,0.66 ,,,,,,,,,,,,,,,,,,
17,2.68,7,19133.26 ,0.65 ,,,,,,,,,,,,,,,,,,
17,2.88,7,19328.70 ,0.66 ,,,,,,,,,,,,,,,,,,
17,3.28,7,19719.57 ,0.66 ,,,,,,,,,,,,,,,,,,
17,3.48,7,19915.01 ,0.66 ,,,,,,,,,,,,,,,,,,
17,1.27,7,18932.85 ,0.98 ,,,,,,,,,,,,,,,,,,
17,1.27,7,18932.85 ,0.98 ,,,,,,,,,,,,,,,,,,
17,1.48,7,19151.67 ,0.98 ,,,,,,,,,,,,,,,,,,
17,1.68,7,19360.06 ,0.98 ,,,,,,,,,,,,,,,,,,
17,1.88,7,19568.46 ,0.99 ,,,,,,,,,,,,,,,,,,
17,2.08,7,19776.86 ,1.00 ,,,,,,,,,,,,,,,,,,
17,2.08,7,19776.86 ,1.00 ,,,,,,,,,,,,,,,,,,
17,2.08,8,19354.71 ,0.59 ,,,,,,,,,,,,,,,,,,
17,1.27,8,19888.95 ,0.88 ,,,,,,,,,,,,,,,,,,
18,3.55,1.5,19172.83 ,0.92 ,,,,,,,,,,,,,,,,,,
18,4.15,2,12934.82 ,0.82 ,,,,,,,,,,,,,,,,,,
18,4.15,2,14483.90 ,0.77 ,,,,,,,,,,,,,,,,,,
18,9.35,2,19034.73 ,0.65 ,,,,,,,,,,,,,,,,,,
18,9.55,2,17155.24 ,0.73 ,,,,,,,,,,,,,,,,,,
18,9.55,2,19209.76 ,0.66 ,,,,,,,,,,,,,,,,,,
18,9.75,2,17311.55 ,0.75 ,,,,,,,,,,,,,,,,,,
18,9.75,2,19384.79 ,0.67 ,,,,,,,,,,,,,,,,,,
18,9.95,2,17467.87 ,0.76 ,,,,,,,,,,,,,,,,,,
18,4.15,3,18454.88 ,0.91 ,,,,,,,,,,,,,,,,,,
18,1.75,2,11721.29 ,0.78 ,,,,,,,,,,,,,,,,,,
18,1.75,2,13045.73 ,0.76 ,,,,,,,,,,,,,,,,,,
18,5.75,2,15034.73 ,0.47 ,,,,,,,,,,,,,,,,,,
18,5.75,2,16733.57 ,0.45 ,,,,,,,,,,,,,,,,,,
18,9.75,2,18348.17 ,0.46 ,,,,,,,,,,,,,,,,,,
18,9.95,2,18513.85 ,0.47 ,,,,,,,,,,,,,,,,,,
18,10.15,2,18679.52 ,0.48 ,,,,,,,,,,,,,,,,,,
18,1.75,3,15546.32 ,0.95 ,,,,,,,,,,,,,,,,,,
18,1.75,3,17085.56 ,0.93 ,,,,,,,,,,,,,,,,,,
18,3.55,3,17393.41 ,0.69 ,,,,,,,,,,,,,,,,,,
18,3.55,3,19115.53 ,0.65 ,,,,,,,,,,,,,,,,,,
18,5.75,3,19650.96 ,0.56 ,,,,,,,,,,,,,,,,,,
18,5.95,3,19856.20 ,0.58 ,,,,,,,,,,,,,,,,,,
18,2.75,2,13258.67 ,0.46 ,,,,,,,,,,,,,,,,,,
18,2.75,2,14676.71 ,0.44 ,,,,,,,,,,,,,,,,,,
18,4.15,2,14483.90 ,0.41 ,,,,,,,,,,,,,,,,,,
18,5.75,2,15884.15 ,0.37 ,,,,,,,,,,,,,,,,,,
18,5.75,2,17582.99 ,0.35 ,,,,,,,,,,,,,,,,,,
18,8.15,2,17984.54 ,0.36 ,,,,,,,,,,,,,,,,,,
18,8.15,2,19908.02 ,0.34 ,,,,,,,,,,,,,,,,,,
18,8.35,2,18159.57 ,0.37 ,,,,,,,,,,,,,,,,,,
18,2.75,3,17803.11 ,0.57 ,,,,,,,,,,,,,,,,,,
18,2.75,3,19443.95 ,0.55 ,,,,,,,,,,,,,,,,,,
18,1.35,2,12676.95 ,0.51 ,,,,,,,,,,,,,,,,,,
18,1.35,2,13963.95 ,0.50 ,,,,,,,,,,,,,,,,,,
18,3.75,2,16401.29 ,0.32 ,,,,,,,,,,,,,,,,,,
18,3.95,2,15074.05 ,0.35 ,,,,,,,,,,,,,,,,,,
18,4.95,2,17619.97 ,0.31 ,,,,,,,,,,,,,,,,,,
18,5.15,2,16180.40 ,0.33 ,,,,,,,,,,,,,,,,,,
18,5.15,2,17823.08 ,0.32 ,,,,,,,,,,,,,,,,,,
18,6.35,2,17286.75 ,0.32 ,,,,,,,,,,,,,,,,,,
18,6.35,2,19041.75 ,0.31 ,,,,,,,,,,,,,,,,,,
18,6.55,2,17471.14 ,0.33 ,,,,,,,,,,,,,,,,,,
18,6.55,2,19244.86 ,0.31 ,,,,,,,,,,,,,,,,,,
18,8.35,2,19130.67 ,0.33 ,,,,,,,,,,,,,,,,,,
18,8.55,2,19315.06 ,0.34 ,,,,,,,,,,,,,,,,,,
18,1.35,3,17383.76 ,0.67 ,,,,,,,,,,,,,,,,,,
18,1.35,3,18882.36 ,0.66 ,,,,,,,,,,,,,,,,,,
18,1.55,2,13514.20 ,0.43 ,,,,,,,,,,,,,,,,,,
18,1.95,2,15244.87 ,0.38 ,,,,,,,,,,,,,,,,,,
18,2.55,2,14482.96 ,0.35 ,,,,,,,,,,,,,,,,,,
18,2.55,2,15882.28 ,0.34 ,,,,,,,,,,,,,,,,,,
18,3.15,2,15064.22 ,0.32 ,,,,,,,,,,,,,,,,,,
18,3.15,2,16519.70 ,0.32 ,,,,,,,,,,,,,,,,,,
18,3.95,2,15839.23 ,0.31 ,,,,,,,,,,,,,,,,,,
18,3.95,2,17369.59 ,0.31 ,,,,,,,,,,,,,,,,,,
18,4.75,2,18219.47 ,0.30 ,,,,,,,,,,,,,,,,,,
18,4.95,2,16807.99 ,0.31 ,,,,,,,,,,,,,,,,,,
18,4.95,2,18431.95 ,0.31 ,,,,,,,,,,,,,,,,,,
18,5.95,2,17776.75 ,0.32 ,,,,,,,,,,,,,,,,,,
18,5.95,2,19494.31 ,0.31 ,,,,,,,,,,,,,,,,,,
18,6.15,2,17970.50 ,0.32 ,,,,,,,,,,,,,,,,,,
18,6.15,2,19706.78 ,0.31 ,,,,,,,,,,,,,,,,,,
18,7.35,2,19133.01 ,0.33 ,,,,,,,,,,,,,,,,,,
18,7.55,2,19326.76 ,0.33 ,,,,,,,,,,,,,,,,,,
18,7.75,2,19520.51 ,0.34 ,,,,,,,,,,,,,,,,,,
18,1.95,3,19260.57 ,0.50 ,,,,,,,,,,,,,,,,,,
18,1.35,2,13963.95 ,0.43 ,,,,,,,,,,,,,,,,,,
18,1.35,2,15250.95 ,0.43 ,,,,,,,,,,,,,,,,,,
18,1.75,2,14370.17 ,0.39 ,,,,,,,,,,,,,,,,,,
18,1.75,2,15694.61 ,0.38 ,,,,,,,,,,,,,,,,,,
18,2.15,2,14776.40 ,0.36 ,,,,,,,,,,,,,,,,,,
18,2.15,2,16138.28 ,0.36 ,,,,,,,,,,,,,,,,,,
18,2.55,2,15182.62 ,0.35 ,,,,,,,,,,,,,,,,,,
18,2.55,2,16581.94 ,0.34 ,,,,,,,,,,,,,,,,,,
18,2.95,2,17025.61 ,0.33 ,,,,,,,,,,,,,,,,,,
18,3.55,2,16198.18 ,0.33 ,,,,,,,,,,,,,,,,,,
18,3.55,2,17691.10 ,0.33 ,,,,,,,,,,,,,,,,,,
18,4.35,2,17010.63 ,0.34 ,,,,,,,,,,,,,,,,,,
18,4.35,2,18578.43 ,0.33 ,,,,,,,,,,,,,,,,,,
18,4.95,2,19243.93 ,0.34 ,,,,,,,,,,,,,,,,,,
18,5.15,2,17823.08 ,0.35 ,,,,,,,,,,,,,,,,,,
18,5.15,2,19465.76 ,0.34 ,,,,,,,,,,,,,,,,,,
18,5.95,2,18635.53 ,0.35 ,,,,,,,,,,,,,,,,,,
18,6.15,2,18838.64 ,0.35 ,,,,,,,,,,,,,,,,,,
18,6.95,2,19651.09 ,0.36 ,,,,,,,,,,,,,,,,,,
18,7.15,2,19854.20 ,0.37 ,,,,,,,,,,,,,,,,,,
18,1.35,2,14607.45 ,0.44 ,,,,,,,,,,,,,,,,,,
18,1.55,2,16125.64 ,0.41 ,,,,,,,,,,,,,,,,,,
18,1.95,2,15244.87 ,0.40 ,,,,,,,,,,,,,,,,,,
18,2.15,2,16819.22 ,0.38 ,,,,,,,,,,,,,,,,,,
18,2.55,2,17281.60 ,0.37 ,,,,,,,,,,,,,,,,,,
18,2.75,2,16094.75 ,0.38 ,,,,,,,,,,,,,,,,,,
18,3.15,2,16519.70 ,0.38 ,,,,,,,,,,,,,,,,,,
18,3.15,2,17975.18 ,0.38 ,,,,,,,,,,,,,,,,,,
18,3.55,2,16944.64 ,0.38 ,,,,,,,,,,,,,,,,,,
18,3.55,2,18437.56 ,0.38 ,,,,,,,,,,,,,,,,,,
18,3.75,2,17157.11 ,0.39 ,,,,,,,,,,,,,,,,,,
18,4.15,2,17582.06 ,0.39 ,,,,,,,,,,,,,,,,,,
18,4.15,2,19131.14 ,0.39 ,,,,,,,,,,,,,,,,,,
18,4.75,2,18219.47 ,0.40 ,,,,,,,,,,,,,,,,,,
18,4.75,2,19824.71 ,0.40 ,,,,,,,,,,,,,,,,,,
18,5.35,2,18856.89 ,0.41 ,,,,,,,,,,,,,,,,,,
18,5.55,2,19069.36 ,0.41 ,,,,,,,,,,,,,,,,,,
18,5.95,2,19494.31 ,0.41 ,,,,,,,,,,,,,,,,,,
18,6.15,2,19706.78 ,0.42 ,,,,,,,,,,,,,,,,,,
18,2.55,3,12721.08 ,0.74 ,,,,,,,,,,,,,,,,,,
18,2.55,3,14341.60 ,0.70 ,,,,,,,,,,,,,,,,,,
18,5.15,3,14794.74 ,0.59 ,,,,,,,,,,,,,,,,,,
18,5.15,3,16679.42 ,0.55 ,,,,,,,,,,,,,,,,,,
18,9.95,3,18623.03 ,0.59 ,,,,,,,,,,,,,,,,,,
18,10.15,3,18782.54 ,0.60 ,,,,,,,,,,,,,,,,,,
18,10.35,3,18942.05 ,0.61 ,,,,,,,,,,,,,,,,,,
18,5.35,4.5,19783.44 ,0.70 ,,,,,,,,,,,,,,,,,,
18,2.75,3,13701.01 ,0.45 ,,,,,,,,,,,,,,,,,,
18,3.95,3,14719.05 ,0.40 ,,,,,,,,,,,,,,,,,,
18,3.95,3,16481.81 ,0.38 ,,,,,,,,,,,,,,,,,,
18,5.55,3,16076.42 ,0.37 ,,,,,,,,,,,,,,,,,,
18,5.55,3,18001.74 ,0.35 ,,,,,,,,,,,,,,,,,,
18,5.75,3,16246.09 ,0.38 ,,,,,,,,,,,,,,,,,,
18,7.95,3,18112.49 ,0.38 ,,,,,,,,,,,,,,,,,,
18,8.15,3,18282.16 ,0.39 ,,,,,,,,,,,,,,,,,,
18,8.35,3,18451.83 ,0.39 ,,,,,,,,,,,,,,,,,,
18,2.75,4.5,18747.12 ,0.54 ,,,,,,,,,,,,,,,,,,
18,1.95,3,15361.67 ,0.38 ,,,,,,,,,,,,,,,,,,
18,3.35,3,16762.73 ,0.33 ,,,,,,,,,,,,,,,,,,
18,3.55,3,15240.76 ,0.34 ,,,,,,,,,,,,,,,,,,
18,4.35,3,15960.09 ,0.33 ,,,,,,,,,,,,,,,,,,
18,4.35,3,17763.49 ,0.32 ,,,,,,,,,,,,,,,,,,
18,4.55,3,16139.92 ,0.33 ,,,,,,,,,,,,,,,,,,
18,5.55,3,17039.08 ,0.33 ,,,,,,,,,,,,,,,,,,
18,5.55,3,18964.40 ,0.32 ,,,,,,,,,,,,,,,,,,
18,5.75,3,17218.91 ,0.33 ,,,,,,,,,,,,,,,,,,
18,5.75,3,19164.55 ,0.32 ,,,,,,,,,,,,,,,,,,
18,7.15,3,18477.74 ,0.34 ,,,,,,,,,,,,,,,,,,
18,7.35,3,18657.57 ,0.35 ,,,,,,,,,,,,,,,,,,
18,8.75,3,19916.39 ,0.36 ,,,,,,,,,,,,,,,,,,
18,2.15,3,14771.88 ,0.37 ,,,,,,,,,,,,,,,,,,
18,2.55,3,15151.86 ,0.35 ,,,,,,,,,,,,,,,,,,
18,2.55,3,16772.38 ,0.35 ,,,,,,,,,,,,,,,,,,
18,2.95,3,17193.01 ,0.33 ,,,,,,,,,,,,,,,,,,
18,3.55,3,16101.82 ,0.34 ,,,,,,,,,,,,,,,,,,
18,3.55,3,17823.94 ,0.33 ,,,,,,,,,,,,,,,,,,
18,4.15,3,18454.88 ,0.33 ,,,,,,,,,,,,,,,,,,
18,4.35,3,16861.79 ,0.34 ,,,,,,,,,,,,,,,,,,
18,4.35,3,18665.19 ,0.33 ,,,,,,,,,,,,,,,,,,
18,4.95,3,17431.77 ,0.34 ,,,,,,,,,,,,,,,,,,
18,4.95,3,19296.13 ,0.34 ,,,,,,,,,,,,,,,,,,
18,5.15,3,17621.76 ,0.35 ,,,,,,,,,,,,,,,,,,
18,5.15,3,19506.44 ,0.34 ,,,,,,,,,,,,,,,,,,
18,5.95,3,18381.73 ,0.35 ,,,,,,,,,,,,,,,,,,
18,6.15,3,18571.72 ,0.36 ,,,,,,,,,,,,,,,,,,
18,6.95,3,19331.69 ,0.37 ,,,,,,,,,,,,,,,,,,
18,7.15,3,19521.68 ,0.37 ,,,,,,,,,,,,,,,,,,
18,7.35,3,19711.67 ,0.38 ,,,,,,,,,,,,,,,,,,
18,1.35,3,14761.21 ,0.43 ,,,,,,,,,,,,,,,,,,
18,1.55,3,14961.36 ,0.41 ,,,,,,,,,,,,,,,,,,
18,1.75,3,15161.51 ,0.40 ,,,,,,,,,,,,,,,,,,
18,1.75,3,16700.75 ,0.40 ,,,,,,,,,,,,,,,,,,
18,1.95,3,16921.23 ,0.38 ,,,,,,,,,,,,,,,,,,
18,2.15,3,15561.82 ,0.38 ,,,,,,,,,,,,,,,,,,
18,2.35,3,17362.17 ,0.38 ,,,,,,,,,,,,,,,,,,
18,2.55,3,15962.12 ,0.38 ,,,,,,,,,,,,,,,,,,
18,2.75,3,17803.11 ,0.37 ,,,,,,,,,,,,,,,,,,
18,2.95,3,16362.43 ,0.38 ,,,,,,,,,,,,,,,,,,
18,2.95,3,18023.59 ,0.37 ,,,,,,,,,,,,,,,,,,
18,3.35,3,16762.73 ,0.38 ,,,,,,,,,,,,,,,,,,
18,3.35,3,18464.53 ,0.37 ,,,,,,,,,,,,,,,,,,
18,3.75,3,17163.03 ,0.38 ,,,,,,,,,,,,,,,,,,
18,3.75,3,18905.47 ,0.38 ,,,,,,,,,,,,,,,,,,
18,3.95,3,17363.19 ,0.39 ,,,,,,,,,,,,,,,,,,
18,4.35,3,17763.49 ,0.40 ,,,,,,,,,,,,,,,,,,
18,4.35,3,19566.89 ,0.39 ,,,,,,,,,,,,,,,,,,
18,4.55,3,17963.64 ,0.40 ,,,,,,,,,,,,,,,,,,
18,4.95,3,18363.95 ,0.41 ,,,,,,,,,,,,,,,,,,
18,5.55,3,18964.40 ,0.42 ,,,,,,,,,,,,,,,,,,
18,5.75,3,19164.55 ,0.43 ,,,,,,,,,,,,,,,,,,
18,6.15,3,19564.86 ,0.43 ,,,,,,,,,,,,,,,,,,
18,6.35,3,19765.01 ,0.44 ,,,,,,,,,,,,,,,,,,
18,6.55,3,19965.16 ,0.45 ,,,,,,,,,,,,,,,,,,
18,1.35,3,17009.11 ,0.47 ,,,,,,,,,,,,,,,,,,
18,1.55,3,15720.82 ,0.47 ,,,,,,,,,,,,,,,,,,
18,1.55,3,17239.74 ,0.46 ,,,,,,,,,,,,,,,,,,
18,1.75,3,15931.13 ,0.46 ,,,,,,,,,,,,,,,,,,
18,1.75,3,17470.37 ,0.46 ,,,,,,,,,,,,,,,,,,
18,1.95,3,17701.01 ,0.46 ,,,,,,,,,,,,,,,,,,
18,2.15,3,16351.76 ,0.47 ,,,,,,,,,,,,,,,,,,
18,2.35,3,16562.07 ,0.47 ,,,,,,,,,,,,,,,,,,
18,2.35,3,18162.27 ,0.46 ,,,,,,,,,,,,,,,,,,
18,2.55,3,16772.38 ,0.47 ,,,,,,,,,,,,,,,,,,
18,2.55,3,18392.90 ,0.46 ,,,,,,,,,,,,,,,,,,
18,2.75,3,18623.53 ,0.46 ,,,,,,,,,,,,,,,,,,
18,2.95,3,17193.01 ,0.47 ,,,,,,,,,,,,,,,,,,
18,2.95,3,18854.17 ,0.47 ,,,,,,,,,,,,,,,,,,
18,3.15,3,17403.32 ,0.47 ,,,,,,,,,,,,,,,,,,
18,3.15,3,19084.80 ,0.47 ,,,,,,,,,,,,,,,,,,
18,3.35,3,17613.63 ,0.48 ,,,,,,,,,,,,,,,,,,
18,3.55,3,17823.94 ,0.48 ,,,,,,,,,,,,,,,,,,
18,3.55,3,19546.06 ,0.48 ,,,,,,,,,,,,,,,,,,
18,3.75,3,18034.25 ,0.49 ,,,,,,,,,,,,,,,,,,
18,3.95,3,18244.57 ,0.49 ,,,,,,,,,,,,,,,,,,
18,4.15,3,18454.88 ,0.50 ,,,,,,,,,,,,,,,,,,
18,4.35,3,18665.19 ,0.50 ,,,,,,,,,,,,,,,,,,
18,4.55,3,18875.50 ,0.51 ,,,,,,,,,,,,,,,,,,
18,4.75,3,19085.81 ,0.51 ,,,,,,,,,,,,,,,,,,
18,4.95,3,19296.13 ,0.52 ,,,,,,,,,,,,,,,,,,
18,5.15,3,19506.44 ,0.52 ,,,,,,,,,,,,,,,,,,
18,5.35,3,19716.75 ,0.53 ,,,,,,,,,,,,,,,,,,
18,5.55,3,19927.06 ,0.53 ,,,,,,,,,,,,,,,,,,
18,1.35,3,16259.81 ,0.56 ,,,,,,,,,,,,,,,,,,
18,1.35,3,17758.41 ,0.56 ,,,,,,,,,,,,,,,,,,
18,1.55,3,16480.28 ,0.56 ,,,,,,,,,,,,,,,,,,
18,1.55,3,17999.20 ,0.56 ,,,,,,,,,,,,,,,,,,
18,1.75,3,16700.75 ,0.56 ,,,,,,,,,,,,,,,,,,
18,1.75,3,18239.99 ,0.56 ,,,,,,,,,,,,,,,,,,
18,1.95,3,16921.23 ,0.56 ,,,,,,,,,,,,,,,,,,
18,1.95,3,18480.79 ,0.56 ,,,,,,,,,,,,,,,,,,
18,2.15,3,17141.70 ,0.56 ,,,,,,,,,,,,,,,,,,
18,2.15,3,18721.58 ,0.56 ,,,,,,,,,,,,,,,,,,
18,2.35,3,17362.17 ,0.57 ,,,,,,,,,,,,,,,,,,
18,2.35,3,17362.17 ,0.56 ,,,,,,,,,,,,,,,,,,
18,2.35,3,18962.37 ,0.56 ,,,,,,,,,,,,,,,,,,
18,2.55,3,17582.64 ,0.57 ,,,,,,,,,,,,,,,,,,
18,2.55,3,19203.16 ,0.57 ,,,,,,,,,,,,,,,,,,
18,2.75,3,17803.11 ,0.57 ,,,,,,,,,,,,,,,,,,
18,2.75,3,19443.95 ,0.57 ,,,,,,,,,,,,,,,,,,
18,2.95,3,18023.59 ,0.58 ,,,,,,,,,,,,,,,,,,
18,2.95,3,18023.59 ,0.57 ,,,,,,,,,,,,,,,,,,
18,2.95,3,19684.75 ,0.57 ,,,,,,,,,,,,,,,,,,
18,3.15,3,18244.06 ,0.58 ,,,,,,,,,,,,,,,,,,
18,3.15,3,19925.54 ,0.58 ,,,,,,,,,,,,,,,,,,
18,4.15,4,14943.14 ,0.83 ,,,,,,,,,,,,,,,,,,
18,9.35,4,19132.05 ,0.78 ,,,,,,,,,,,,,,,,,,
18,9.55,4,19293.16 ,0.79 ,,,,,,,,,,,,,,,,,,
18,9.75,4,19454.27 ,0.81 ,,,,,,,,,,,,,,,,,,
18,1.55,4,15470.86 ,0.53 ,,,,,,,,,,,,,,,,,,
18,2.75,4,14755.17 ,0.47 ,,,,,,,,,,,,,,,,,,
18,3.95,4,15787.61 ,0.42 ,,,,,,,,,,,,,,,,,,
18,3.95,4,17798.77 ,0.40 ,,,,,,,,,,,,,,,,,,
18,5.55,4,17164.18 ,0.40 ,,,,,,,,,,,,,,,,,,
18,5.55,4,19350.70 ,0.38 ,,,,,,,,,,,,,,,,,,
18,7.95,4,19229.05 ,0.42 ,,,,,,,,,,,,,,,,,,
18,8.15,4,19401.12 ,0.42 ,,,,,,,,,,,,,,,,,,
18,1.35,4,16139.97 ,0.46 ,,,,,,,,,,,,,,,,,,
18,1.95,4,14962.87 ,0.43 ,,,,,,,,,,,,,,,,,,
18,2.35,4,17164.73 ,0.39 ,,,,,,,,,,,,,,,,,,
18,2.95,4,17779.59 ,0.36 ,,,,,,,,,,,,,,,,,,
18,3.75,4,16610.15 ,0.37 ,,,,,,,,,,,,,,,,,,
18,3.75,4,18599.39 ,0.36 ,,,,,,,,,,,,,,,,,,
18,4.55,4,19419.20 ,0.35 ,,,,,,,,,,,,,,,,,,
18,4.75,4,17525.31 ,0.37 ,,,,,,,,,,,,,,,,,,
18,4.75,4,19624.15 ,0.36 ,,,,,,,,,,,,,,,,,,
18,5.75,4,18440.47 ,0.38 ,,,,,,,,,,,,,,,,,,
18,5.95,4,18623.51 ,0.38 ,,,,,,,,,,,,,,,,,,
18,7.15,4,19721.70 ,0.39 ,,,,,,,,,,,,,,,,,,
18,7.35,4,19904.73 ,0.40 ,,,,,,,,,,,,,,,,,,
18,1.35,4,17003.07 ,0.47 ,,,,,,,,,,,,,,,,,,
18,1.75,4,15664.85 ,0.45 ,,,,,,,,,,,,,,,,,,
18,1.95,4,15858.85 ,0.43 ,,,,,,,,,,,,,,,,,,
18,1.95,4,17650.81 ,0.43 ,,,,,,,,,,,,,,,,,,
18,2.35,4,16246.83 ,0.42 ,,,,,,,,,,,,,,,,,,
18,2.35,4,18082.63 ,0.42 ,,,,,,,,,,,,,,,,,,
18,2.75,4,18514.45 ,0.42 ,,,,,,,,,,,,,,,,,,
18,2.95,4,16828.81 ,0.42 ,,,,,,,,,,,,,,,,,,
18,2.95,4,18730.37 ,0.42 ,,,,,,,,,,,,,,,,,,
18,3.35,4,17216.79 ,0.42 ,,,,,,,,,,,,,,,,,,
18,3.35,4,19162.19 ,0.42 ,,,,,,,,,,,,,,,,,,
18,3.75,4,19594.01 ,0.42 ,,,,,,,,,,,,,,,,,,
18,3.95,4,17798.77 ,0.43 ,,,,,,,,,,,,,,,,,,
18,3.95,4,19809.93 ,0.42 ,,,,,,,,,,,,,,,,,,
18,4.35,4,18186.75 ,0.43 ,,,,,,,,,,,,,,,,,,
18,4.55,4,18380.74 ,0.44 ,,,,,,,,,,,,,,,,,,
18,5.15,4,18962.72 ,0.45 ,,,,,,,,,,,,,,,,,,
18,5.75,4,19544.69 ,0.46 ,,,,,,,,,,,,,,,,,,
18,5.95,4,19738.69 ,0.47 ,,,,,,,,,,,,,,,,,,
18,1.35,4,16139.97 ,0.54 ,,,,,,,,,,,,,,,,,,
18,1.55,4,16344.92 ,0.53 ,,,,,,,,,,,,,,,,,,
18,1.75,4,16549.87 ,0.53 ,,,,,,,,,,,,,,,,,,
18,1.95,4,16754.83 ,0.53 ,,,,,,,,,,,,,,,,,,
18,1.95,4,18546.79 ,0.53 ,,,,,,,,,,,,,,,,,,
18,2.15,4,16959.78 ,0.53 ,,,,,,,,,,,,,,,,,,
18,2.15,4,18773.66 ,0.53 ,,,,,,,,,,,,,,,,,,
18,2.35,4,19000.53 ,0.53 ,,,,,,,,,,,,,,,,,,
18,2.55,4,17369.68 ,0.54 ,,,,,,,,,,,,,,,,,,
18,2.55,4,19227.40 ,0.53 ,,,,,,,,,,,,,,,,,,
18,2.75,4,17574.63 ,0.54 ,,,,,,,,,,,,,,,,,,
18,2.75,4,19454.27 ,0.54 ,,,,,,,,,,,,,,,,,,
18,2.95,4,19681.15 ,0.54 ,,,,,,,,,,,,,,,,,,
18,3.15,4,17984.54 ,0.54 ,,,,,,,,,,,,,,,,,,
18,3.35,4,18189.49 ,0.55 ,,,,,,,,,,,,,,,,,,
18,3.55,4,18394.44 ,0.55 ,,,,,,,,,,,,,,,,,,
18,3.75,4,18599.39 ,0.55 ,,,,,,,,,,,,,,,,,,
18,3.95,4,18804.35 ,0.56 ,,,,,,,,,,,,,,,,,,
18,4.35,4,19214.25 ,0.57 ,,,,,,,,,,,,,,,,,,
18,4.55,4,19419.20 ,0.58 ,,,,,,,,,,,,,,,,,,
18,4.95,4,19829.11 ,0.58 ,,,,,,,,,,,,,,,,,,
18,1.35,4,17003.07 ,0.65 ,,,,,,,,,,,,,,,,,,
18,1.35,4,18729.27 ,0.65 ,,,,,,,,,,,,,,,,,,
18,1.55,4,17218.98 ,0.65 ,,,,,,,,,,,,,,,,,,
18,1.55,4,18967.10 ,0.65 ,,,,,,,,,,,,,,,,,,
18,1.75,4,17434.89 ,0.65 ,,,,,,,,,,,,,,,,,,
18,1.75,4,19204.93 ,0.65 ,,,,,,,,,,,,,,,,,,
18,1.95,4,17650.81 ,0.65 ,,,,,,,,,,,,,,,,,,
18,1.95,4,19442.77 ,0.65 ,,,,,,,,,,,,,,,,,,
18,3.35,5,16206.75 ,0.59 ,,,,,,,,,,,,,,,,,,
18,3.35,5,18411.75 ,0.55 ,,,,,,,,,,,,,,,,,,
18,5.55,5,18108.34 ,0.53 ,,,,,,,,,,,,,,,,,,
18,5.75,5,18281.21 ,0.54 ,,,,,,,,,,,,,,,,,,
18,1.35,5,15462.93 ,0.52 ,,,,,,,,,,,,,,,,,,
18,1.35,5,17432.73 ,0.51 ,,,,,,,,,,,,,,,,,,
18,1.95,5,16016.83 ,0.48 ,,,,,,,,,,,,,,,,,,
18,1.95,5,18057.19 ,0.47 ,,,,,,,,,,,,,,,,,,
18,2.55,5,16570.72 ,0.44 ,,,,,,,,,,,,,,,,,,
18,2.55,5,18681.64 ,0.43 ,,,,,,,,,,,,,,,,,,
18,3.35,5,17309.25 ,0.42 ,,,,,,,,,,,,,,,,,,
18,3.35,5,19514.25 ,0.40 ,,,,,,,,,,,,,,,,,,
18,4.35,5,18232.41 ,0.41 ,,,,,,,,,,,,,,,,,,
18,5.35,5,19155.57 ,0.41 ,,,,,,,,,,,,,,,,,,
18,5.55,5,19340.20 ,0.41 ,,,,,,,,,,,,,,,,,,
18,1.35,5,16447.83 ,0.55 ,,,,,,,,,,,,,,,,,,
18,1.55,5,18637.54 ,0.52 ,,,,,,,,,,,,,,,,,,
18,1.75,5,18857.45 ,0.51 ,,,,,,,,,,,,,,,,,,
18,1.95,5,17037.01 ,0.51 ,,,,,,,,,,,,,,,,,,
18,2.15,5,19297.28 ,0.49 ,,,,,,,,,,,,,,,,,,
18,2.35,5,17429.79 ,0.50 ,,,,,,,,,,,,,,,,,,
18,2.55,5,19737.10 ,0.48 ,,,,,,,,,,,,,,,,,,
18,2.75,5,17822.57 ,0.49 ,,,,,,,,,,,,,,,,,,
18,2.75,5,19957.01 ,0.49 ,,,,,,,,,,,,,,,,,,
18,3.35,5,18411.75 ,0.49 ,,,,,,,,,,,,,,,,,,
18,3.75,5,18804.53 ,0.49 ,,,,,,,,,,,,,,,,,,
18,4.35,5,19393.71 ,0.50 ,,,,,,,,,,,,,,,,,,
18,4.95,5,19982.89 ,0.52 ,,,,,,,,,,,,,,,,,,
18,1.35,5,17432.73 ,0.65 ,,,,,,,,,,,,,,,,,,
18,1.35,5,19402.53 ,0.65 ,,,,,,,,,,,,,,,,,,
18,1.55,5,17640.88 ,0.65 ,,,,,,,,,,,,,,,,,,
18,1.55,5,19634.20 ,0.65 ,,,,,,,,,,,,,,,,,,
18,1.75,5,17849.03 ,0.65 ,,,,,,,,,,,,,,,,,,
18,1.75,5,19865.87 ,0.65 ,,,,,,,,,,,,,,,,,,
18,1.95,5,18057.19 ,0.65 ,,,,,,,,,,,,,,,,,,
18,2.15,5,18265.34 ,0.65 ,,,,,,,,,,,,,,,,,,
18,2.55,5,18681.64 ,0.66 ,,,,,,,,,,,,,,,,,,
18,2.75,5,18889.79 ,0.66 ,,,,,,,,,,,,,,,,,,
18,2.95,5,19097.95 ,0.66 ,,,,,,,,,,,,,,,,,,
18,3.15,5,19306.10 ,0.67 ,,,,,,,,,,,,,,,,,,
18,3.35,5,19514.25 ,0.67 ,,,,,,,,,,,,,,,,,,
18,3.55,5,19722.40 ,0.68 ,,,,,,,,,,,,,,,,,,
18,3.75,5,19930.55 ,0.68 ,,,,,,,,,,,,,,,,,,
18,1.55,6,16570.72 ,0.61 ,,,,,,,,,,,,,,,,,,
18,1.55,6,18825.24 ,0.58 ,,,,,,,,,,,,,,,,,,
18,2.55,6,19874.00 ,0.49 ,,,,,,,,,,,,,,,,,,
18,3.95,6,18786.31 ,0.49 ,,,,,,,,,,,,,,,,,,
18,1.35,6,19730.19 ,0.58 ,,,,,,,,,,,,,,,,,,
18,2.75,6,18881.13 ,0.51 ,,,,,,,,,,,,,,,,,,
18,3.35,6,19472.71 ,0.50 ,,,,,,,,,,,,,,,,,,
18,1.35,6,18615.49 ,0.72 ,,,,,,,,,,,,,,,,,,
18,1.55,6,18825.24 ,0.71 ,,,,,,,,,,,,,,,,,,
18,1.75,6,19034.99 ,0.71 ,,,,,,,,,,,,,,,,,,
18,1.95,6,19244.75 ,0.71 ,,,,,,,,,,,,,,,,,,
18,2.15,6,19454.50 ,0.71 ,,,,,,,,,,,,,,,,,,
18,2.55,6,19874.00 ,0.71 ,,,,,,,,,,,,,,,,,,
19,3.63,2,13987.55 ,0.78 ,,,,,,,,,,,,,,,,,,
19,7.43,2,19187.29 ,0.59 ,,,,,,,,,,,,,,,,,,
19,7.63,2,17372.32 ,0.65 ,,,,,,,,,,,,,,,,,,
19,7.63,2,19376.05 ,0.60 ,,,,,,,,,,,,,,,,,,
19,7.83,2,17541.56 ,0.66 ,,,,,,,,,,,,,,,,,,
19,7.83,2,19564.81 ,0.61 ,,,,,,,,,,,,,,,,,,
19,3.63,3,17900.79 ,0.93 ,,,,,,,,,,,,,,,,,,
19,3.63,3,19751.96 ,0.89 ,,,,,,,,,,,,,,,,,,
19,3.03,2,14257.22 ,0.56 ,,,,,,,,,,,,,,,,,,
19,4.83,2,15868.21 ,0.45 ,,,,,,,,,,,,,,,,,,
19,4.83,2,17598.66 ,0.42 ,,,,,,,,,,,,,,,,,,
19,7.83,2,18553.18 ,0.42 ,,,,,,,,,,,,,,,,,,
19,8.03,2,18732.18 ,0.43 ,,,,,,,,,,,,,,,,,,
19,3.03,3,18628.96 ,0.67 ,,,,,,,,,,,,,,,,,,
19,1.42,2,13515.10 ,0.57 ,,,,,,,,,,,,,,,,,,
19,1.42,2,14912.73 ,0.56 ,,,,,,,,,,,,,,,,,,
19,2.43,2,14468.33 ,0.46 ,,,,,,,,,,,,,,,,,,
19,2.43,2,15964.54 ,0.44 ,,,,,,,,,,,,,,,,,,
19,3.43,2,17005.93 ,0.36 ,,,,,,,,,,,,,,,,,,
19,4.83,2,16733.43 ,0.35 ,,,,,,,,,,,,,,,,,,
19,4.83,2,18463.88 ,0.33 ,,,,,,,,,,,,,,,,,,
19,6.43,2,18243.50 ,0.33 ,,,,,,,,,,,,,,,,,,
19,6.63,2,18432.26 ,0.33 ,,,,,,,,,,,,,,,,,,
19,1.42,3,18070.74 ,0.75 ,,,,,,,,,,,,,,,,,,
19,1.42,3,19688.53 ,0.75 ,,,,,,,,,,,,,,,,,,
19,2.43,3,19262.08 ,0.58 ,,,,,,,,,,,,,,,,,,
19,2.43,2,15216.44 ,0.37 ,,,,,,,,,,,,,,,,,,
19,2.43,2,16712.64 ,0.36 ,,,,,,,,,,,,,,,,,,
19,3.23,2,16010.51 ,0.33 ,,,,,,,,,,,,,,,,,,
19,3.23,2,17584.80 ,0.32 ,,,,,,,,,,,,,,,,,,
19,4.03,2,18456.95 ,0.30 ,,,,,,,,,,,,,,,,,,
19,4.23,2,17003.10 ,0.32 ,,,,,,,,,,,,,,,,,,
19,4.23,2,18674.99 ,0.30 ,,,,,,,,,,,,,,,,,,
19,5.23,2,19765.18 ,0.29 ,,,,,,,,,,,,,,,,,,
19,5.43,2,18194.21 ,0.31 ,,,,,,,,,,,,,,,,,,
19,5.43,2,19983.22 ,0.30 ,,,,,,,,,,,,,,,,,,
19,6.63,2,19385.32 ,0.30 ,,,,,,,,,,,,,,,,,,
19,6.83,2,19583.84 ,0.31 ,,,,,,,,,,,,,,,,,,
19,1.62,2,16538.16 ,0.38 ,,,,,,,,,,,,,,,,,,
19,2.63,2,16172.82 ,0.33 ,,,,,,,,,,,,,,,,,,
19,2.63,2,17688.55 ,0.32 ,,,,,,,,,,,,,,,,,,
19,3.23,2,16797.65 ,0.31 ,,,,,,,,,,,,,,,,,,
19,3.23,2,18371.94 ,0.30 ,,,,,,,,,,,,,,,,,,
19,3.83,2,19055.34 ,0.29 ,,,,,,,,,,,,,,,,,,
19,4.03,2,17630.77 ,0.30 ,,,,,,,,,,,,,,,,,,
19,4.83,2,18463.88 ,0.30 ,,,,,,,,,,,,,,,,,,
19,5.83,2,19505.27 ,0.30 ,,,,,,,,,,,,,,,,,,
19,1.42,2,15611.55 ,0.41 ,,,,,,,,,,,,,,,,,,
19,2.03,2,17733.73 ,0.35 ,,,,,,,,,,,,,,,,,,
19,2.43,2,18208.85 ,0.33 ,,,,,,,,,,,,,,,,,,
19,3.03,2,17366.76 ,0.33 ,,,,,,,,,,,,,,,,,,
19,3.43,2,17802.84 ,0.33 ,,,,,,,,,,,,,,,,,,
19,3.43,2,19396.64 ,0.32 ,,,,,,,,,,,,,,,,,,
19,4.03,2,18456.95 ,0.33 ,,,,,,,,,,,,,,,,,,
19,4.63,2,19111.07 ,0.33 ,,,,,,,,,,,,,,,,,,
19,4.83,2,19329.10 ,0.34 ,,,,,,,,,,,,,,,,,,
19,5.43,2,19983.22 ,0.34 ,,,,,,,,,,,,,,,,,,
19,1.42,2,17708.00 ,0.41 ,,,,,,,,,,,,,,,,,,
19,2.03,2,17005.15 ,0.38 ,,,,,,,,,,,,,,,,,,
19,2.03,2,18462.32 ,0.38 ,,,,,,,,,,,,,,,,,,
19,2.23,2,18709.64 ,0.37 ,,,,,,,,,,,,,,,,,,
19,2.43,2,17460.75 ,0.38 ,,,,,,,,,,,,,,,,,,
19,2.83,2,17916.34 ,0.38 ,,,,,,,,,,,,,,,,,,
19,2.83,2,19451.59 ,0.37 ,,,,,,,,,,,,,,,,,,
19,3.23,2,18371.94 ,0.38 ,,,,,,,,,,,,,,,,,,
19,3.23,2,19946.23 ,0.37 ,,,,,,,,,,,,,,,,,,
19,3.63,2,18827.54 ,0.38 ,,,,,,,,,,,,,,,,,,
19,3.83,2,19055.34 ,0.39 ,,,,,,,,,,,,,,,,,,
19,4.23,2,19510.93 ,0.39 ,,,,,,,,,,,,,,,,,,
19,2.23,3,13916.19 ,0.71 ,,,,,,,,,,,,,,,,,,
19,2.23,3,15619.52 ,0.68 ,,,,,,,,,,,,,,,,,,
19,4.43,3,15814.24 ,0.55 ,,,,,,,,,,,,,,,,,,
19,4.43,3,17749.89 ,0.52 ,,,,,,,,,,,,,,,,,,
19,8.03,3,18920.15 ,0.52 ,,,,,,,,,,,,,,,,,,
19,8.23,3,19092.70 ,0.54 ,,,,,,,,,,,,,,,,,,
19,3.43,3,15866.52 ,0.39 ,,,,,,,,,,,,,,,,,,
19,3.43,3,17696.56 ,0.37 ,,,,,,,,,,,,,,,,,,
19,4.63,3,18921.95 ,0.34 ,,,,,,,,,,,,,,,,,,
19,4.83,3,17148.29 ,0.36 ,,,,,,,,,,,,,,,,,,
19,4.83,3,19126.18 ,0.35 ,,,,,,,,,,,,,,,,,,
19,6.43,3,18613.17 ,0.35 ,,,,,,,,,,,,,,,,,,
19,6.63,3,18796.28 ,0.36 ,,,,,,,,,,,,,,,,,,
19,2.23,3,15619.52 ,0.37 ,,,,,,,,,,,,,,,,,,
19,2.23,3,17322.85 ,0.36 ,,,,,,,,,,,,,,,,,,
19,2.83,3,16200.53 ,0.34 ,,,,,,,,,,,,,,,,,,
19,2.83,3,17967.22 ,0.33 ,,,,,,,,,,,,,,,,,,
19,3.63,3,16975.21 ,0.32 ,,,,,,,,,,,,,,,,,,
19,3.63,3,18826.38 ,0.32 ,,,,,,,,,,,,,,,,,,
19,4.43,3,17749.89 ,0.31 ,,,,,,,,,,,,,,,,,,
19,4.43,3,19685.54 ,0.30 ,,,,,,,,,,,,,,,,,,
19,4.63,3,17943.56 ,0.32 ,,,,,,,,,,,,,,,,,,
19,5.63,3,18911.91 ,0.32 ,,,,,,,,,,,,,,,,,,
19,5.83,3,19105.58 ,0.32 ,,,,,,,,,,,,,,,,,,
19,1.62,3,15848.28 ,0.39 ,,,,,,,,,,,,,,,,,,
19,1.62,3,17487.19 ,0.38 ,,,,,,,,,,,,,,,,,,
19,2.03,3,16266.95 ,0.37 ,,,,,,,,,,,,,,,,,,
19,2.03,3,17949.16 ,0.36 ,,,,,,,,,,,,,,,,,,
19,2.43,3,16675.41 ,0.35 ,,,,,,,,,,,,,,,,,,
19,2.43,3,18399.86 ,0.34 ,,,,,,,,,,,,,,,,,,
19,2.83,3,17083.87 ,0.34 ,,,,,,,,,,,,,,,,,,
19,2.83,3,18850.56 ,0.33 ,,,,,,,,,,,,,,,,,,
19,3.43,3,17696.56 ,0.33 ,,,,,,,,,,,,,,,,,,
19,3.43,3,19526.61 ,0.33 ,,,,,,,,,,,,,,,,,,
19,4.03,3,18309.26 ,0.33 ,,,,,,,,,,,,,,,,,,
19,4.63,3,18921.95 ,0.33 ,,,,,,,,,,,,,,,,,,
19,4.83,3,19126.18 ,0.34 ,,,,,,,,,,,,,,,,,,
19,5.43,3,19738.87 ,0.34 ,,,,,,,,,,,,,,,,,,
19,5.63,3,19943.10 ,0.35 ,,,,,,,,,,,,,,,,,,
19,1.42,3,16452.94 ,0.43 ,,,,,,,,,,,,,,,,,,
19,1.62,3,16667.74 ,0.41 ,,,,,,,,,,,,,,,,,,
19,1.83,3,16893.26 ,0.39 ,,,,,,,,,,,,,,,,,,
19,1.83,3,18554.35 ,0.39 ,,,,,,,,,,,,,,,,,,
19,2.03,3,18790.26 ,0.38 ,,,,,,,,,,,,,,,,,,
19,2.43,3,17537.64 ,0.38 ,,,,,,,,,,,,,,,,,,
19,2.43,3,19262.08 ,0.38 ,,,,,,,,,,,,,,,,,,
19,2.83,3,17967.22 ,0.38 ,,,,,,,,,,,,,,,,,,
19,2.83,3,19733.90 ,0.38 ,,,,,,,,,,,,,,,,,,
19,3.23,3,18396.80 ,0.38 ,,,,,,,,,,,,,,,,,,
19,3.43,3,18611.59 ,0.38 ,,,,,,,,,,,,,,,,,,
19,3.83,3,19041.17 ,0.39 ,,,,,,,,,,,,,,,,,,
19,4.23,3,19470.75 ,0.39 ,,,,,,,,,,,,,,,,,,
19,4.63,3,19900.33 ,0.40 ,,,,,,,,,,,,,,,,,,
19,1.42,3,18879.63 ,0.47 ,,,,,,,,,,,,,,,,,,
19,1.62,3,17487.19 ,0.47 ,,,,,,,,,,,,,,,,,,
19,1.62,3,19126.10 ,0.47 ,,,,,,,,,,,,,,,,,,
19,1.83,3,17723.81 ,0.47 ,,,,,,,,,,,,,,,,,,
19,1.83,3,19384.90 ,0.46 ,,,,,,,,,,,,,,,,,,
19,2.03,3,17949.16 ,0.46 ,,,,,,,,,,,,,,,,,,
19,2.03,3,19631.37 ,0.46 ,,,,,,,,,,,,,,,,,,
19,2.23,3,19877.84 ,0.46 ,,,,,,,,,,,,,,,,,,
19,2.43,3,18399.86 ,0.47 ,,,,,,,,,,,,,,,,,,
19,2.63,3,18625.21 ,0.47 ,,,,,,,,,,,,,,,,,,
19,2.83,3,18850.56 ,0.47 ,,,,,,,,,,,,,,,,,,
19,3.03,3,19075.91 ,0.47 ,,,,,,,,,,,,,,,,,,
19,3.23,3,19301.26 ,0.48 ,,,,,,,,,,,,,,,,,,
19,3.43,3,19526.61 ,0.48 ,,,,,,,,,,,,,,,,,,
19,3.63,3,19751.96 ,0.48 ,,,,,,,,,,,,,,,,,,
19,3.83,3,19977.31 ,0.49 ,,,,,,,,,,,,,,,,,,
19,1.42,3,18070.74 ,0.56 ,,,,,,,,,,,,,,,,,,
19,1.42,3,19688.53 ,0.56 ,,,,,,,,,,,,,,,,,,
19,1.62,3,18306.65 ,0.56 ,,,,,,,,,,,,,,,,,,
19,1.62,3,19945.56 ,0.56 ,,,,,,,,,,,,,,,,,,
19,1.83,3,18554.35 ,0.56 ,,,,,,,,,,,,,,,,,,
19,2.03,3,18790.26 ,0.56 ,,,,,,,,,,,,,,,,,,
19,3.43,4,18053.44 ,0.71 ,,,,,,,,,,,,,,,,,,
19,7.43,4,19456.40 ,0.68 ,,,,,,,,,,,,,,,,,,
19,7.63,4,19630.66 ,0.70 ,,,,,,,,,,,,,,,,,,
19,2.23,4,17844.53 ,0.44 ,,,,,,,,,,,,,,,,,,
19,3.43,4,17012.29 ,0.42 ,,,,,,,,,,,,,,,,,,
19,3.43,4,19094.58 ,0.40 ,,,,,,,,,,,,,,,,,,
19,4.63,4,18126.03 ,0.38 ,,,,,,,,,,,,,,,,,,
19,6.23,4,19611.01 ,0.37 ,,,,,,,,,,,,,,,,,,
19,6.43,4,19796.63 ,0.38 ,,,,,,,,,,,,,,,,,,
19,2.03,4,16674.56 ,0.42 ,,,,,,,,,,,,,,,,,,
19,2.03,4,18597.81 ,0.41 ,,,,,,,,,,,,,,,,,,
19,2.43,4,19037.21 ,0.38 ,,,,,,,,,,,,,,,,,,
19,3.03,4,19696.32 ,0.36 ,,,,,,,,,,,,,,,,,,
19,3.83,4,18447.40 ,0.36 ,,,,,,,,,,,,,,,,,,
19,4.63,4,19235.33 ,0.36 ,,,,,,,,,,,,,,,,,,
19,1.62,4,17209.08 ,0.47 ,,,,,,,,,,,,,,,,,,
19,1.83,4,17427.84 ,0.45 ,,,,,,,,,,,,,,,,,,
19,2.03,4,17636.18 ,0.43 ,,,,,,,,,,,,,,,,,,
19,2.03,4,19559.43 ,0.43 ,,,,,,,,,,,,,,,,,,
19,2.43,4,18052.87 ,0.43 ,,,,,,,,,,,,,,,,,,
19,2.63,4,18261.21 ,0.43 ,,,,,,,,,,,,,,,,,,
19,3.03,4,18677.90 ,0.42 ,,,,,,,,,,,,,,,,,,
19,3.43,4,19094.58 ,0.42 ,,,,,,,,,,,,,,,,,,
19,4.03,4,19719.61 ,0.43 ,,,,,,,,,,,,,,,,,,
19,1.42,4,17927.72 ,0.54 ,,,,,,,,,,,,,,,,,,
19,1.62,4,18147.42 ,0.54 ,,,,,,,,,,,,,,,,,,
19,1.83,4,18378.11 ,0.54 ,,,,,,,,,,,,,,,,,,
19,2.03,4,18597.81 ,0.54 ,,,,,,,,,,,,,,,,,,
19,2.23,4,18817.51 ,0.54 ,,,,,,,,,,,,,,,,,,
19,2.43,4,19037.21 ,0.54 ,,,,,,,,,,,,,,,,,,
19,2.63,4,19256.92 ,0.54 ,,,,,,,,,,,,,,,,,,
19,2.83,4,19476.62 ,0.55 ,,,,,,,,,,,,,,,,,,
19,3.03,4,19696.32 ,0.55 ,,,,,,,,,,,,,,,,,,
19,3.23,4,19916.02 ,0.55 ,,,,,,,,,,,,,,,,,,
19,2.83,5,19746.51 ,0.52 ,,,,,,,,,,,,,,,,,,
19,4.83,5,19334.29 ,0.50 ,,,,,,,,,,,,,,,,,,
19,1.62,5,17405.63 ,0.50 ,,,,,,,,,,,,,,,,,,
19,2.83,5,18607.73 ,0.43 ,,,,,,,,,,,,,,,,,,
19,3.43,5,19203.81 ,0.41 ,,,,,,,,,,,,,,,,,,
19,2.03,5,18903.10 ,0.51 ,,,,,,,,,,,,,,,,,,
19,2.43,5,19324.81 ,0.50 ,,,,,,,,,,,,,,,,,,
19,2.83,5,19746.51 ,0.50 ,,,,,,,,,,,,,,,,,,
19,1.42,5,19313.05 ,0.66 ,,,,,,,,,,,,,,,,,,
19,1.62,5,19536.06 ,0.66 ,,,,,,,,,,,,,,,,,,
19,1.83,5,19770.23 ,0.66 ,,,,,,,,,,,,,,,,,,
19,2.03,5,19993.24 ,0.66 ,,,,,,,,,,,,,,,,,,
19,2.23,6,19015.83 ,0.53 ,,,,,,,,,,,,,,,,,,
19,1.42,6,19397.80 ,0.59 ,,,,,,,,,,,,,,,,,,
20,3.1,2,15054.07 ,0.74 ,,,,,,,,,,,,,,,,,,
20,3.1,2,16730.47 ,0.71 ,,,,,,,,,,,,,,,,,,
20,3.1,2,18406.87 ,0.70 ,,,,,,,,,,,,,,,,,,
20,6.1,2,19772.38 ,0.53 ,,,,,,,,,,,,,,,,,,
20,6.3,2,17973.65 ,0.59 ,,,,,,,,,,,,,,,,,,
20,6.3,2,19975.17 ,0.55 ,,,,,,,,,,,,,,,,,,
20,4.3,2,17048.07 ,0.44 ,,,,,,,,,,,,,,,,,,
20,4.3,2,18846.39 ,0.42 ,,,,,,,,,,,,,,,,,,
20,6.3,2,18974.41 ,0.38 ,,,,,,,,,,,,,,,,,,
20,6.5,2,19167.04 ,0.39 ,,,,,,,,,,,,,,,,,,
20,2.1,2,15716.50 ,0.45 ,,,,,,,,,,,,,,,,,,
20,3.1,2,16730.47 ,0.38 ,,,,,,,,,,,,,,,,,,
20,4.1,2,17744.44 ,0.34 ,,,,,,,,,,,,,,,,,,
20,4.1,2,19522.44 ,0.32 ,,,,,,,,,,,,,,,,,,
20,5.5,2,19164.00 ,0.32 ,,,,,,,,,,,,,,,,,,
20,1.5,2,15865.04 ,0.43 ,,,,,,,,,,,,,,,,,,
20,1.5,2,17378.88 ,0.43 ,,,,,,,,,,,,,,,,,,
20,2.1,2,16503.90 ,0.37 ,,,,,,,,,,,,,,,,,,
20,2.7,2,17142.76 ,0.33 ,,,,,,,,,,,,,,,,,,
20,2.7,2,18778.52 ,0.32 ,,,,,,,,,,,,,,,,,,
20,3.5,2,17994.58 ,0.30 ,,,,,,,,,,,,,,,,,,
20,3.5,2,19711.62 ,0.29 ,,,,,,,,,,,,,,,,,,
20,4.5,2,19059.35 ,0.29 ,,,,,,,,,,,,,,,,,,
20,2.3,2,17514.42 ,0.34 ,,,,,,,,,,,,,,,,,,
20,2.7,2,17960.64 ,0.31 ,,,,,,,,,,,,,,,,,,
20,2.7,2,19596.40 ,0.31 ,,,,,,,,,,,,,,,,,,
20,3.3,2,18629.99 ,0.30 ,,,,,,,,,,,,,,,,,,
20,3.9,2,19299.33 ,0.29 ,,,,,,,,,,,,,,,,,,
20,1.7,2,17612.16 ,0.36 ,,,,,,,,,,,,,,,,,,
20,1.7,2,19146.32 ,0.36 ,,,,,,,,,,,,,,,,,,
20,2.1,2,18078.70 ,0.35 ,,,,,,,,,,,,,,,,,,
20,2.5,2,18545.25 ,0.33 ,,,,,,,,,,,,,,,,,,
20,2.9,2,19011.80 ,0.33 ,,,,,,,,,,,,,,,,,,
20,3.3,2,19478.35 ,0.32 ,,,,,,,,,,,,,,,,,,
20,1.9,2,18622.67 ,0.39 ,,,,,,,,,,,,,,,,,,
20,2.1,2,18866.10 ,0.38 ,,,,,,,,,,,,,,,,,,
20,2.5,2,19352.97 ,0.37 ,,,,,,,,,,,,,,,,,,
20,2.9,2,19839.84 ,0.38 ,,,,,,,,,,,,,,,,,,
20,1.9,3,18722.31 ,0.63 ,,,,,,,,,,,,,,,,,,
20,3.9,3,17008.17 ,0.53 ,,,,,,,,,,,,,,,,,,
20,3.9,3,19013.85 ,0.50 ,,,,,,,,,,,,,,,,,,
20,6.5,3,19424.63 ,0.47 ,,,,,,,,,,,,,,,,,,
20,6.7,3,19610.51 ,0.48 ,,,,,,,,,,,,,,,,,,
20,1.9,3,19615.55 ,0.41 ,,,,,,,,,,,,,,,,,,
20,2.9,3,18922.88 ,0.36 ,,,,,,,,,,,,,,,,,,
20,4.1,3,18207.85 ,0.35 ,,,,,,,,,,,,,,,,,,
20,5.5,3,19585.74 ,0.33 ,,,,,,,,,,,,,,,,,,
20,1.9,3,16935.83 ,0.38 ,,,,,,,,,,,,,,,,,,
20,1.9,3,18722.31 ,0.37 ,,,,,,,,,,,,,,,,,,
20,2.5,3,17559.24 ,0.35 ,,,,,,,,,,,,,,,,,,
20,3.1,3,18182.64 ,0.33 ,,,,,,,,,,,,,,,,,,
20,3.7,3,18806.04 ,0.31 ,,,,,,,,,,,,,,,,,,
20,4.5,3,19637.25 ,0.30 ,,,,,,,,,,,,,,,,,,
20,4.7,3,19845.05 ,0.31 ,,,,,,,,,,,,,,,,,,
20,1.9,3,17829.07 ,0.36 ,,,,,,,,,,,,,,,,,,
20,1.9,3,19615.55 ,0.36 ,,,,,,,,,,,,,,,,,,
20,2.3,3,18266.59 ,0.35 ,,,,,,,,,,,,,,,,,,
20,2.7,3,18704.12 ,0.34 ,,,,,,,,,,,,,,,,,,
20,3.3,3,19360.40 ,0.33 ,,,,,,,,,,,,,,,,,,
20,3.7,3,19797.92 ,0.33 ,,,,,,,,,,,,,,,,,,
20,1.5,3,18262.87 ,0.43 ,,,,,,,,,,,,,,,,,,
20,1.7,3,18492.59 ,0.41 ,,,,,,,,,,,,,,,,,,
20,1.9,3,18722.31 ,0.40 ,,,,,,,,,,,,,,,,,,
20,2.1,3,18952.03 ,0.39 ,,,,,,,,,,,,,,,,,,
20,2.5,3,19411.48 ,0.38 ,,,,,,,,,,,,,,,,,,
20,2.7,3,19641.20 ,0.38 ,,,,,,,,,,,,,,,,,,
20,2.9,3,19870.92 ,0.38 ,,,,,,,,,,,,,,,,,,
20,1.5,3,19134.19 ,0.47 ,,,,,,,,,,,,,,,,,,
20,1.7,3,19374.87 ,0.47 ,,,,,,,,,,,,,,,,,,
20,1.9,3,19615.55 ,0.47 ,,,,,,,,,,,,,,,,,,
20,2.1,3,19856.23 ,0.47 ,,,,,,,,,,,,,,,,,,
20,3.1,4,17361.29 ,0.75 ,,,,,,,,,,,,,,,,,,
20,1.9,4,19286.87 ,0.44 ,,,,,,,,,,,,,,,,,,
20,2.9,4,18249.64 ,0.41 ,,,,,,,,,,,,,,,,,,
20,4.1,4,19446.34 ,0.38 ,,,,,,,,,,,,,,,,,,
20,2.1,4,18480.84 ,0.41 ,,,,,,,,,,,,,,,,,,
20,3.1,4,19536.89 ,0.37 ,,,,,,,,,,,,,,,,,,
20,1.7,4,19063.90 ,0.46 ,,,,,,,,,,,,,,,,,,
20,1.9,4,19286.87 ,0.45 ,,,,,,,,,,,,,,,,,,
20,2.1,4,19509.84 ,0.44 ,,,,,,,,,,,,,,,,,,
20,2.5,4,19955.78 ,0.43 ,,,,,,,,,,,,,,,,,,
20,1.5,4,19834.65 ,0.54 ,,,,,,,,,,,,,,,,,,
20,2.5,5,18943.24 ,0.55 ,,,,,,,,,,,,,,,,,,
20,2.3,5,19917.15 ,0.44 ,,,,,,,,,,,,,,,,,,
21,5.37,2,18924.68 ,0.54 ,,,,,,,,,,,,,,,,,,
21,3.77,2,18286.33 ,0.42 ,,,,,,,,,,,,,,,,,,
21,5.37,2,19942.14 ,0.36 ,,,,,,,,,,,,,,,,,,
21,1.77,2,17043.95 ,0.44 ,,,,,,,,,,,,,,,,,,
21,1.77,2,18698.70 ,0.43 ,,,,,,,,,,,,,,,,,,
21,2.57,2,19653.32 ,0.36 ,,,,,,,,,,,,,,,,,,
21,1.77,2,17871.32 ,0.37 ,,,,,,,,,,,,,,,,,,
21,1.77,2,19526.07 ,0.37 ,,,,,,,,,,,,,,,,,,
21,2.37,2,18555.61 ,0.33 ,,,,,,,,,,,,,,,,,,
21,2.97,2,19239.90 ,0.30 ,,,,,,,,,,,,,,,,,,
21,1.97,2,18937.35 ,0.35 ,,,,,,,,,,,,,,,,,,
21,2.37,2,19414.67 ,0.32 ,,,,,,,,,,,,,,,,,,
21,2.77,2,19891.98 ,0.30 ,,,,,,,,,,,,,,,,,,
21,1.97,2,19775.29 ,0.34 ,,,,,,,,,,,,,,,,,,
21,3.37,3,18264.15 ,0.51 ,,,,,,,,,,,,,,,,,,
21,2.57,3,18456.71 ,0.38 ,,,,,,,,,,,,,,,,,,
21,3.57,3,19513.19 ,0.35 ,,,,,,,,,,,,,,,,,,
21,1.58,3,18346.85 ,0.39 ,,,,,,,,,,,,,,,,,,
21,2.57,3,19449.00 ,0.33 ,,,,,,,,,,,,,,,,,,
21,1.58,3,19282.92 ,0.38 ,,,,,,,,,,,,,,,,,,
21,2.17,3,19973.27 ,0.35 ,,,,,,,,,,,,,,,,,,
22,2.05,2,18227.52 ,0.51 ,,,,,,,,,,,,,,,,,,
22,3.25,2,19557.19 ,0.41 ,,,,,,,,,,,,,,,,,,
22,2.25,2,19361.55 ,0.36 ,,,,,,,,,,,,,,,,,,
22,3.05,3,19766.15 ,0.50 ,,,,,,,,,,,,,,,,,,
22,2.25,3,19946.90 ,0.38 ,,,,,,,,,,,,,,,,,,
23,2.12,2,19199.38 ,0.67 ,,,,,,,,,,,,,,,,,,
